set	gene_id	source	gene_name
MSIGDB_HALLMARK_TNFA_SIGNALING_VIA_NFKB	ENSMUSG00000052837	MSigDB Hallmark v7.0 (human->mouse by symbol)	Junb
MSIGDB_HALLMARK_TNFA_SIGNALING_VIA_NFKB	ENSMUSG00000058427	MSigDB Hallmark v7.0 (human->mouse by symbol)	Cxcl2
MSIGDB_HALLMARK_TNFA_SIGNALING_VIA_NFKB	ENSMUSG00000026628	MSigDB Hallmark v7.0 (human->mouse by symbol)	Atf3
MSIGDB_HALLMARK_TNFA_SIGNALING_VIA_NFKB	ENSMUSG00000021025	MSigDB Hallmark v7.0 (human->mouse by symbol)	Nfkbia
MSIGDB_HALLMARK_TNFA_SIGNALING_VIA_NFKB	ENSMUSG00000019850	MSigDB Hallmark v7.0 (human->mouse by symbol)	Tnfaip3
MSIGDB_HALLMARK_TNFA_SIGNALING_VIA_NFKB	ENSMUSG00000032487	MSigDB Hallmark v7.0 (human->mouse by symbol)	Ptgs2
MSIGDB_HALLMARK_TNFA_SIGNALING_VIA_NFKB	ENSMUSG00000029380	MSigDB Hallmark v7.0 (human->mouse by symbol)	Cxcl1
MSIGDB_HALLMARK_TNFA_SIGNALING_VIA_NFKB	ENSMUSG00000003541	MSigDB Hallmark v7.0 (human->mouse by symbol)	Ier3
MSIGDB_HALLMARK_TNFA_SIGNALING_VIA_NFKB	ENSMUSG00000015396	MSigDB Hallmark v7.0 (human->mouse by symbol)	Cd83
MSIGDB_HALLMARK_TNFA_SIGNALING_VIA_NFKB	ENSMUSG00000026166	MSigDB Hallmark v7.0 (human->mouse by symbol)	Ccl20
MSIGDB_HALLMARK_TNFA_SIGNALING_VIA_NFKB	ENSMUSG00000029379	MSigDB Hallmark v7.0 (human->mouse by symbol)	Cxcl3
MSIGDB_HALLMARK_TNFA_SIGNALING_VIA_NFKB	ENSMUSG00000042622	MSigDB Hallmark v7.0 (human->mouse by symbol)	Maff
MSIGDB_HALLMARK_TNFA_SIGNALING_VIA_NFKB	ENSMUSG00000025225	MSigDB Hallmark v7.0 (human->mouse by symbol)	Nfkb2
MSIGDB_HALLMARK_TNFA_SIGNALING_VIA_NFKB	ENSMUSG00000021281	MSigDB Hallmark v7.0 (human->mouse by symbol)	Tnfaip2
MSIGDB_HALLMARK_TNFA_SIGNALING_VIA_NFKB	ENSMUSG00000024486	MSigDB Hallmark v7.0 (human->mouse by symbol)	Hbegf
MSIGDB_HALLMARK_TNFA_SIGNALING_VIA_NFKB	ENSMUSG00000000078	MSigDB Hallmark v7.0 (human->mouse by symbol)	Klf6
MSIGDB_HALLMARK_TNFA_SIGNALING_VIA_NFKB	ENSMUSG00000032000	MSigDB Hallmark v7.0 (human->mouse by symbol)	Birc3
MSIGDB_HALLMARK_TNFA_SIGNALING_VIA_NFKB	ENSMUSG00000046223	MSigDB Hallmark v7.0 (human->mouse by symbol)	Plaur
MSIGDB_HALLMARK_TNFA_SIGNALING_VIA_NFKB	ENSMUSG00000044786	MSigDB Hallmark v7.0 (human->mouse by symbol)	Zfp36
MSIGDB_HALLMARK_TNFA_SIGNALING_VIA_NFKB	ENSMUSG00000037405	MSigDB Hallmark v7.0 (human->mouse by symbol)	Icam1
MSIGDB_HALLMARK_TNFA_SIGNALING_VIA_NFKB	ENSMUSG00000052684	MSigDB Hallmark v7.0 (human->mouse by symbol)	Jun
MSIGDB_HALLMARK_TNFA_SIGNALING_VIA_NFKB	ENSMUSG00000033730	MSigDB Hallmark v7.0 (human->mouse by symbol)	Egr3
MSIGDB_HALLMARK_TNFA_SIGNALING_VIA_NFKB	ENSMUSG00000027398	MSigDB Hallmark v7.0 (human->mouse by symbol)	Il1b
MSIGDB_HALLMARK_TNFA_SIGNALING_VIA_NFKB	ENSMUSG00000040435	MSigDB Hallmark v7.0 (human->mouse by symbol)	Ppp1r15a
MSIGDB_HALLMARK_TNFA_SIGNALING_VIA_NFKB	ENSMUSG00000042677	MSigDB Hallmark v7.0 (human->mouse by symbol)	Zc3h12a
MSIGDB_HALLMARK_TNFA_SIGNALING_VIA_NFKB	ENSMUSG00000006818	MSigDB Hallmark v7.0 (human->mouse by symbol)	Sod2
MSIGDB_HALLMARK_TNFA_SIGNALING_VIA_NFKB	ENSMUSG00000026826	MSigDB Hallmark v7.0 (human->mouse by symbol)	Nr4a2
MSIGDB_HALLMARK_TNFA_SIGNALING_VIA_NFKB	ENSMUSG00000027399	MSigDB Hallmark v7.0 (human->mouse by symbol)	Il1a
MSIGDB_HALLMARK_TNFA_SIGNALING_VIA_NFKB	ENSMUSG00000002983	MSigDB Hallmark v7.0 (human->mouse by symbol)	Relb
MSIGDB_HALLMARK_TNFA_SIGNALING_VIA_NFKB	ENSMUSG00000026875	MSigDB Hallmark v7.0 (human->mouse by symbol)	Traf1
MSIGDB_HALLMARK_TNFA_SIGNALING_VIA_NFKB	ENSMUSG00000020423	MSigDB Hallmark v7.0 (human->mouse by symbol)	Btg2
MSIGDB_HALLMARK_TNFA_SIGNALING_VIA_NFKB	ENSMUSG00000024190	MSigDB Hallmark v7.0 (human->mouse by symbol)	Dusp1
MSIGDB_HALLMARK_TNFA_SIGNALING_VIA_NFKB	ENSMUSG00000024235	MSigDB Hallmark v7.0 (human->mouse by symbol)	Map3k8
MSIGDB_HALLMARK_TNFA_SIGNALING_VIA_NFKB	ENSMUSG00000022895	MSigDB Hallmark v7.0 (human->mouse by symbol)	Ets2
MSIGDB_HALLMARK_TNFA_SIGNALING_VIA_NFKB	ENSMUSG00000028128	MSigDB Hallmark v7.0 (human->mouse by symbol)	F3
MSIGDB_HALLMARK_TNFA_SIGNALING_VIA_NFKB	ENSMUSG00000017009	MSigDB Hallmark v7.0 (human->mouse by symbol)	Sdc4
MSIGDB_HALLMARK_TNFA_SIGNALING_VIA_NFKB	ENSMUSG00000038418	MSigDB Hallmark v7.0 (human->mouse by symbol)	Egr1
MSIGDB_HALLMARK_TNFA_SIGNALING_VIA_NFKB	ENSMUSG00000025746	MSigDB Hallmark v7.0 (human->mouse by symbol)	Il6
MSIGDB_HALLMARK_TNFA_SIGNALING_VIA_NFKB	ENSMUSG00000024401	MSigDB Hallmark v7.0 (human->mouse by symbol)	Tnf
MSIGDB_HALLMARK_TNFA_SIGNALING_VIA_NFKB	ENSMUSG00000018476	MSigDB Hallmark v7.0 (human->mouse by symbol)	Kdm6b
MSIGDB_HALLMARK_TNFA_SIGNALING_VIA_NFKB	ENSMUSG00000028163	MSigDB Hallmark v7.0 (human->mouse by symbol)	Nfkb1
MSIGDB_HALLMARK_TNFA_SIGNALING_VIA_NFKB	ENSMUSG00000034394	MSigDB Hallmark v7.0 (human->mouse by symbol)	Lif
MSIGDB_HALLMARK_TNFA_SIGNALING_VIA_NFKB	ENSMUSG00000027832	MSigDB Hallmark v7.0 (human->mouse by symbol)	Ptx3
MSIGDB_HALLMARK_TNFA_SIGNALING_VIA_NFKB	ENSMUSG00000024912	MSigDB Hallmark v7.0 (human->mouse by symbol)	Fosl1
MSIGDB_HALLMARK_TNFA_SIGNALING_VIA_NFKB	ENSMUSG00000023034	MSigDB Hallmark v7.0 (human->mouse by symbol)	Nr4a1
MSIGDB_HALLMARK_TNFA_SIGNALING_VIA_NFKB	ENSMUSG00000027276	MSigDB Hallmark v7.0 (human->mouse by symbol)	Jag1
MSIGDB_HALLMARK_TNFA_SIGNALING_VIA_NFKB	ENSMUSG00000018930	MSigDB Hallmark v7.0 (human->mouse by symbol)	Ccl4
MSIGDB_HALLMARK_TNFA_SIGNALING_VIA_NFKB	ENSMUSG00000037580	MSigDB Hallmark v7.0 (human->mouse by symbol)	Gch1
MSIGDB_HALLMARK_TNFA_SIGNALING_VIA_NFKB	ENSMUSG00000035385	MSigDB Hallmark v7.0 (human->mouse by symbol)	Ccl2
MSIGDB_HALLMARK_TNFA_SIGNALING_VIA_NFKB	ENSMUSG00000022951	MSigDB Hallmark v7.0 (human->mouse by symbol)	Rcan1
MSIGDB_HALLMARK_TNFA_SIGNALING_VIA_NFKB	ENSMUSG00000027368	MSigDB Hallmark v7.0 (human->mouse by symbol)	Dusp2
MSIGDB_HALLMARK_TNFA_SIGNALING_VIA_NFKB	ENSMUSG00000024772	MSigDB Hallmark v7.0 (human->mouse by symbol)	Ehd1
MSIGDB_HALLMARK_TNFA_SIGNALING_VIA_NFKB	ENSMUSG00000053560	MSigDB Hallmark v7.0 (human->mouse by symbol)	Ier2
MSIGDB_HALLMARK_TNFA_SIGNALING_VIA_NFKB	ENSMUSG00000020275	MSigDB Hallmark v7.0 (human->mouse by symbol)	Rel
MSIGDB_HALLMARK_TNFA_SIGNALING_VIA_NFKB	ENSMUSG00000026031	MSigDB Hallmark v7.0 (human->mouse by symbol)	Cflar
MSIGDB_HALLMARK_TNFA_SIGNALING_VIA_NFKB	ENSMUSG00000041135	MSigDB Hallmark v7.0 (human->mouse by symbol)	Ripk2
MSIGDB_HALLMARK_TNFA_SIGNALING_VIA_NFKB	ENSMUSG00000023947	MSigDB Hallmark v7.0 (human->mouse by symbol)	Nfkbie
MSIGDB_HALLMARK_TNFA_SIGNALING_VIA_NFKB	ENSMUSG00000028341	MSigDB Hallmark v7.0 (human->mouse by symbol)	Nr4a3
MSIGDB_HALLMARK_TNFA_SIGNALING_VIA_NFKB	ENSMUSG00000020205	MSigDB Hallmark v7.0 (human->mouse by symbol)	Phlda1
MSIGDB_HALLMARK_TNFA_SIGNALING_VIA_NFKB	ENSMUSG00000056708	MSigDB Hallmark v7.0 (human->mouse by symbol)	Ier5
MSIGDB_HALLMARK_TNFA_SIGNALING_VIA_NFKB	ENSMUSG00000035678	MSigDB Hallmark v7.0 (human->mouse by symbol)	Tnfsf9
MSIGDB_HALLMARK_TNFA_SIGNALING_VIA_NFKB	ENSMUSG00000028214	MSigDB Hallmark v7.0 (human->mouse by symbol)	Gem
MSIGDB_HALLMARK_TNFA_SIGNALING_VIA_NFKB	ENSMUSG00000036390	MSigDB Hallmark v7.0 (human->mouse by symbol)	Gadd45a
MSIGDB_HALLMARK_TNFA_SIGNALING_VIA_NFKB	ENSMUSG00000034855	MSigDB Hallmark v7.0 (human->mouse by symbol)	Cxcl10
MSIGDB_HALLMARK_TNFA_SIGNALING_VIA_NFKB	ENSMUSG00000021701	MSigDB Hallmark v7.0 (human->mouse by symbol)	Plk2
MSIGDB_HALLMARK_TNFA_SIGNALING_VIA_NFKB	ENSMUSG00000030103	MSigDB Hallmark v7.0 (human->mouse by symbol)	Bhlhe40
MSIGDB_HALLMARK_TNFA_SIGNALING_VIA_NFKB	ENSMUSG00000037868	MSigDB Hallmark v7.0 (human->mouse by symbol)	Egr2
MSIGDB_HALLMARK_TNFA_SIGNALING_VIA_NFKB	ENSMUSG00000053113	MSigDB Hallmark v7.0 (human->mouse by symbol)	Socs3
MSIGDB_HALLMARK_TNFA_SIGNALING_VIA_NFKB	ENSMUSG00000036067	MSigDB Hallmark v7.0 (human->mouse by symbol)	Slc2a6
MSIGDB_HALLMARK_TNFA_SIGNALING_VIA_NFKB	ENSMUSG00000039942	MSigDB Hallmark v7.0 (human->mouse by symbol)	Ptger4
MSIGDB_HALLMARK_TNFA_SIGNALING_VIA_NFKB	ENSMUSG00000034765	MSigDB Hallmark v7.0 (human->mouse by symbol)	Dusp5
MSIGDB_HALLMARK_TNFA_SIGNALING_VIA_NFKB	ENSMUSG00000062345	MSigDB Hallmark v7.0 (human->mouse by symbol)	Serpinb2
MSIGDB_HALLMARK_TNFA_SIGNALING_VIA_NFKB	ENSMUSG00000056749	MSigDB Hallmark v7.0 (human->mouse by symbol)	Nfil3
MSIGDB_HALLMARK_TNFA_SIGNALING_VIA_NFKB	ENSMUSG00000037411	MSigDB Hallmark v7.0 (human->mouse by symbol)	Serpine1
MSIGDB_HALLMARK_TNFA_SIGNALING_VIA_NFKB	ENSMUSG00000032501	MSigDB Hallmark v7.0 (human->mouse by symbol)	Trib1
MSIGDB_HALLMARK_TNFA_SIGNALING_VIA_NFKB	ENSMUSG00000034640	MSigDB Hallmark v7.0 (human->mouse by symbol)	Tiparp
MSIGDB_HALLMARK_TNFA_SIGNALING_VIA_NFKB	ENSMUSG00000024927	MSigDB Hallmark v7.0 (human->mouse by symbol)	Rela
MSIGDB_HALLMARK_TNFA_SIGNALING_VIA_NFKB	ENSMUSG00000057367	MSigDB Hallmark v7.0 (human->mouse by symbol)	Birc2
MSIGDB_HALLMARK_TNFA_SIGNALING_VIA_NFKB	ENSMUSG00000022500	MSigDB Hallmark v7.0 (human->mouse by symbol)	Litaf
MSIGDB_HALLMARK_TNFA_SIGNALING_VIA_NFKB	ENSMUSG00000053475	MSigDB Hallmark v7.0 (human->mouse by symbol)	Tnfaip6
MSIGDB_HALLMARK_TNFA_SIGNALING_VIA_NFKB	ENSMUSG00000005087	MSigDB Hallmark v7.0 (human->mouse by symbol)	Cd44
MSIGDB_HALLMARK_TNFA_SIGNALING_VIA_NFKB	ENSMUSG00000041324	MSigDB Hallmark v7.0 (human->mouse by symbol)	Inhba
MSIGDB_HALLMARK_TNFA_SIGNALING_VIA_NFKB	ENSMUSG00000021822	MSigDB Hallmark v7.0 (human->mouse by symbol)	Plau
MSIGDB_HALLMARK_TNFA_SIGNALING_VIA_NFKB	ENSMUSG00000022346	MSigDB Hallmark v7.0 (human->mouse by symbol)	Myc
MSIGDB_HALLMARK_TNFA_SIGNALING_VIA_NFKB	ENSMUSG00000028965	MSigDB Hallmark v7.0 (human->mouse by symbol)	Tnfrsf9
MSIGDB_HALLMARK_TNFA_SIGNALING_VIA_NFKB	ENSMUSG00000019970	MSigDB Hallmark v7.0 (human->mouse by symbol)	Sgk1
MSIGDB_HALLMARK_TNFA_SIGNALING_VIA_NFKB	ENSMUSG00000020400	MSigDB Hallmark v7.0 (human->mouse by symbol)	Tnip1
MSIGDB_HALLMARK_TNFA_SIGNALING_VIA_NFKB	ENSMUSG00000020572	MSigDB Hallmark v7.0 (human->mouse by symbol)	Nampt
MSIGDB_HALLMARK_TNFA_SIGNALING_VIA_NFKB	ENSMUSG00000029135	MSigDB Hallmark v7.0 (human->mouse by symbol)	Fosl2
MSIGDB_HALLMARK_TNFA_SIGNALING_VIA_NFKB	ENSMUSG00000040128	MSigDB Hallmark v7.0 (human->mouse by symbol)	Pnrc1
MSIGDB_HALLMARK_TNFA_SIGNALING_VIA_NFKB	ENSMUSG00000020644	MSigDB Hallmark v7.0 (human->mouse by symbol)	Id2
MSIGDB_HALLMARK_TNFA_SIGNALING_VIA_NFKB	ENSMUSG00000030156	MSigDB Hallmark v7.0 (human->mouse by symbol)	Cd69
MSIGDB_HALLMARK_TNFA_SIGNALING_VIA_NFKB	ENSMUSG00000003882	MSigDB Hallmark v7.0 (human->mouse by symbol)	Il7r
MSIGDB_HALLMARK_TNFA_SIGNALING_VIA_NFKB	ENSMUSG00000027954	MSigDB Hallmark v7.0 (human->mouse by symbol)	Efna1
MSIGDB_HALLMARK_TNFA_SIGNALING_VIA_NFKB	ENSMUSG00000010760	MSigDB Hallmark v7.0 (human->mouse by symbol)	Phlda2
MSIGDB_HALLMARK_TNFA_SIGNALING_VIA_NFKB	ENSMUSG00000026773	MSigDB Hallmark v7.0 (human->mouse by symbol)	Pfkfb3
MSIGDB_HALLMARK_TNFA_SIGNALING_VIA_NFKB	ENSMUSG00000035042	MSigDB Hallmark v7.0 (human->mouse by symbol)	Ccl5
MSIGDB_HALLMARK_TNFA_SIGNALING_VIA_NFKB	ENSMUSG00000028889	MSigDB Hallmark v7.0 (human->mouse by symbol)	Yrdc
MSIGDB_HALLMARK_TNFA_SIGNALING_VIA_NFKB	ENSMUSG00000022965	MSigDB Hallmark v7.0 (human->mouse by symbol)	Ifngr2
MSIGDB_HALLMARK_TNFA_SIGNALING_VIA_NFKB	ENSMUSG00000015837	MSigDB Hallmark v7.0 (human->mouse by symbol)	Sqstm1
MSIGDB_HALLMARK_TNFA_SIGNALING_VIA_NFKB	ENSMUSG00000022863	MSigDB Hallmark v7.0 (human->mouse by symbol)	Btg3
MSIGDB_HALLMARK_TNFA_SIGNALING_VIA_NFKB	ENSMUSG00000015312	MSigDB Hallmark v7.0 (human->mouse by symbol)	Gadd45b
MSIGDB_HALLMARK_TNFA_SIGNALING_VIA_NFKB	ENSMUSG00000026866	MSigDB Hallmark v7.0 (human->mouse by symbol)	Kynu
MSIGDB_HALLMARK_TNFA_SIGNALING_VIA_NFKB	ENSMUSG00000009633	MSigDB Hallmark v7.0 (human->mouse by symbol)	G0s2
MSIGDB_HALLMARK_TNFA_SIGNALING_VIA_NFKB	ENSMUSG00000036478	MSigDB Hallmark v7.0 (human->mouse by symbol)	Btg1
MSIGDB_HALLMARK_TNFA_SIGNALING_VIA_NFKB	ENSMUSG00000038612	MSigDB Hallmark v7.0 (human->mouse by symbol)	Mcl1
MSIGDB_HALLMARK_TNFA_SIGNALING_VIA_NFKB	ENSMUSG00000023951	MSigDB Hallmark v7.0 (human->mouse by symbol)	Vegfa
MSIGDB_HALLMARK_TNFA_SIGNALING_VIA_NFKB	ENSMUSG00000018932	MSigDB Hallmark v7.0 (human->mouse by symbol)	Map2k3
MSIGDB_HALLMARK_TNFA_SIGNALING_VIA_NFKB	ENSMUSG00000023067	MSigDB Hallmark v7.0 (human->mouse by symbol)	Cdkn1a
MSIGDB_HALLMARK_TNFA_SIGNALING_VIA_NFKB	ENSMUSG00000028195	MSigDB Hallmark v7.0 (human->mouse by symbol)	Ccn1
MSIGDB_HALLMARK_TNFA_SIGNALING_VIA_NFKB	ENSMUSG00000064289	MSigDB Hallmark v7.0 (human->mouse by symbol)	Tank
MSIGDB_HALLMARK_TNFA_SIGNALING_VIA_NFKB	ENSMUSG00000045932	MSigDB Hallmark v7.0 (human->mouse by symbol)	Ifit2
MSIGDB_HALLMARK_TNFA_SIGNALING_VIA_NFKB	ENSMUSG00000039217	MSigDB Hallmark v7.0 (human->mouse by symbol)	Il18
MSIGDB_HALLMARK_TNFA_SIGNALING_VIA_NFKB	ENSMUSG00000058672	MSigDB Hallmark v7.0 (human->mouse by symbol)	Tubb2a
MSIGDB_HALLMARK_TNFA_SIGNALING_VIA_NFKB	ENSMUSG00000018899	MSigDB Hallmark v7.0 (human->mouse by symbol)	Irf1
MSIGDB_HALLMARK_TNFA_SIGNALING_VIA_NFKB	ENSMUSG00000021250	MSigDB Hallmark v7.0 (human->mouse by symbol)	Fos
MSIGDB_HALLMARK_TNFA_SIGNALING_VIA_NFKB	ENSMUSG00000030162	MSigDB Hallmark v7.0 (human->mouse by symbol)	Olr1
MSIGDB_HALLMARK_TNFA_SIGNALING_VIA_NFKB	ENSMUSG00000054364	MSigDB Hallmark v7.0 (human->mouse by symbol)	Rhob
MSIGDB_HALLMARK_TNFA_SIGNALING_VIA_NFKB	ENSMUSG00000029378	MSigDB Hallmark v7.0 (human->mouse by symbol)	Areg
MSIGDB_HALLMARK_TNFA_SIGNALING_VIA_NFKB	ENSMUSG00000037966	MSigDB Hallmark v7.0 (human->mouse by symbol)	Ninj1
MSIGDB_HALLMARK_TNFA_SIGNALING_VIA_NFKB	ENSMUSG00000069114	MSigDB Hallmark v7.0 (human->mouse by symbol)	Zbtb10
MSIGDB_HALLMARK_TNFA_SIGNALING_VIA_NFKB	ENSMUSG00000028517	MSigDB Hallmark v7.0 (human->mouse by symbol)	Plpp3
MSIGDB_HALLMARK_TNFA_SIGNALING_VIA_NFKB	ENSMUSG00000003032	MSigDB Hallmark v7.0 (human->mouse by symbol)	Klf4
MSIGDB_HALLMARK_TNFA_SIGNALING_VIA_NFKB	ENSMUSG00000060183	MSigDB Hallmark v7.0 (human->mouse by symbol)	Cxcl11
MSIGDB_HALLMARK_TNFA_SIGNALING_VIA_NFKB	ENSMUSG00000025283	MSigDB Hallmark v7.0 (human->mouse by symbol)	Sat1
MSIGDB_HALLMARK_TNFA_SIGNALING_VIA_NFKB	ENSMUSG00000014599	MSigDB Hallmark v7.0 (human->mouse by symbol)	Csf1
MSIGDB_HALLMARK_TNFA_SIGNALING_VIA_NFKB	ENSMUSG00000051212	MSigDB Hallmark v7.0 (human->mouse by symbol)	Gpr183
MSIGDB_HALLMARK_TNFA_SIGNALING_VIA_NFKB	ENSMUSG00000038400	MSigDB Hallmark v7.0 (human->mouse by symbol)	Pmepa1
MSIGDB_HALLMARK_TNFA_SIGNALING_VIA_NFKB	ENSMUSG00000041836	MSigDB Hallmark v7.0 (human->mouse by symbol)	Ptpre
MSIGDB_HALLMARK_TNFA_SIGNALING_VIA_NFKB	ENSMUSG00000027995	MSigDB Hallmark v7.0 (human->mouse by symbol)	Tlr2
MSIGDB_HALLMARK_TNFA_SIGNALING_VIA_NFKB	ENSMUSG00000044337	MSigDB Hallmark v7.0 (human->mouse by symbol)	Ackr3
MSIGDB_HALLMARK_TNFA_SIGNALING_VIA_NFKB	ENSMUSG00000037465	MSigDB Hallmark v7.0 (human->mouse by symbol)	Klf10
MSIGDB_HALLMARK_TNFA_SIGNALING_VIA_NFKB	ENSMUSG00000069662	MSigDB Hallmark v7.0 (human->mouse by symbol)	Marcks
MSIGDB_HALLMARK_TNFA_SIGNALING_VIA_NFKB	ENSMUSG00000026639	MSigDB Hallmark v7.0 (human->mouse by symbol)	Lamb3
MSIGDB_HALLMARK_TNFA_SIGNALING_VIA_NFKB	ENSMUSG00000056501	MSigDB Hallmark v7.0 (human->mouse by symbol)	Cebpb
MSIGDB_HALLMARK_TNFA_SIGNALING_VIA_NFKB	ENSMUSG00000019487	MSigDB Hallmark v7.0 (human->mouse by symbol)	Trip10
MSIGDB_HALLMARK_TNFA_SIGNALING_VIA_NFKB	ENSMUSG00000021678	MSigDB Hallmark v7.0 (human->mouse by symbol)	F2rl1
MSIGDB_HALLMARK_TNFA_SIGNALING_VIA_NFKB	ENSMUSG00000033863	MSigDB Hallmark v7.0 (human->mouse by symbol)	Klf9
MSIGDB_HALLMARK_TNFA_SIGNALING_VIA_NFKB	ENSMUSG00000032193	MSigDB Hallmark v7.0 (human->mouse by symbol)	Ldlr
MSIGDB_HALLMARK_TNFA_SIGNALING_VIA_NFKB	ENSMUSG00000047407	MSigDB Hallmark v7.0 (human->mouse by symbol)	Tgif1
MSIGDB_HALLMARK_TNFA_SIGNALING_VIA_NFKB	ENSMUSG00000028793	MSigDB Hallmark v7.0 (human->mouse by symbol)	Rnf19b
MSIGDB_HALLMARK_TNFA_SIGNALING_VIA_NFKB	ENSMUSG00000020057	MSigDB Hallmark v7.0 (human->mouse by symbol)	Dram1
MSIGDB_HALLMARK_TNFA_SIGNALING_VIA_NFKB	ENSMUSG00000028413	MSigDB Hallmark v7.0 (human->mouse by symbol)	B4galt1
MSIGDB_HALLMARK_TNFA_SIGNALING_VIA_NFKB	ENSMUSG00000028035	MSigDB Hallmark v7.0 (human->mouse by symbol)	Dnajb4
MSIGDB_HALLMARK_TNFA_SIGNALING_VIA_NFKB	ENSMUSG00000018916	MSigDB Hallmark v7.0 (human->mouse by symbol)	Csf2
MSIGDB_HALLMARK_TNFA_SIGNALING_VIA_NFKB	ENSMUSG00000028525	MSigDB Hallmark v7.0 (human->mouse by symbol)	Pde4b
MSIGDB_HALLMARK_TNFA_SIGNALING_VIA_NFKB	ENSMUSG00000037972	MSigDB Hallmark v7.0 (human->mouse by symbol)	Snn
MSIGDB_HALLMARK_TNFA_SIGNALING_VIA_NFKB	ENSMUSG00000020120	MSigDB Hallmark v7.0 (human->mouse by symbol)	Plek
MSIGDB_HALLMARK_TNFA_SIGNALING_VIA_NFKB	ENSMUSG00000004043	MSigDB Hallmark v7.0 (human->mouse by symbol)	Stat5a
MSIGDB_HALLMARK_TNFA_SIGNALING_VIA_NFKB	ENSMUSG00000035901	MSigDB Hallmark v7.0 (human->mouse by symbol)	Dennd5a
MSIGDB_HALLMARK_TNFA_SIGNALING_VIA_NFKB	ENSMUSG00000070348	MSigDB Hallmark v7.0 (human->mouse by symbol)	Ccnd1
MSIGDB_HALLMARK_TNFA_SIGNALING_VIA_NFKB	ENSMUSG00000061878	MSigDB Hallmark v7.0 (human->mouse by symbol)	Sphk1
MSIGDB_HALLMARK_TNFA_SIGNALING_VIA_NFKB	ENSMUSG00000075122	MSigDB Hallmark v7.0 (human->mouse by symbol)	Cd80
MSIGDB_HALLMARK_TNFA_SIGNALING_VIA_NFKB	ENSMUSG00000062210	MSigDB Hallmark v7.0 (human->mouse by symbol)	Tnfaip8
MSIGDB_HALLMARK_TNFA_SIGNALING_VIA_NFKB	ENSMUSG00000027829	MSigDB Hallmark v7.0 (human->mouse by symbol)	Ccnl1
MSIGDB_HALLMARK_TNFA_SIGNALING_VIA_NFKB	ENSMUSG00000049307	MSigDB Hallmark v7.0 (human->mouse by symbol)	Fut4
MSIGDB_HALLMARK_TNFA_SIGNALING_VIA_NFKB	ENSMUSG00000043953	MSigDB Hallmark v7.0 (human->mouse by symbol)	Ccrl2
MSIGDB_HALLMARK_TNFA_SIGNALING_VIA_NFKB	ENSMUSG00000039911	MSigDB Hallmark v7.0 (human->mouse by symbol)	Spsb1
MSIGDB_HALLMARK_TNFA_SIGNALING_VIA_NFKB	ENSMUSG00000022010	MSigDB Hallmark v7.0 (human->mouse by symbol)	Tsc22d1
MSIGDB_HALLMARK_TNFA_SIGNALING_VIA_NFKB	ENSMUSG00000017929	MSigDB Hallmark v7.0 (human->mouse by symbol)	B4galt5
MSIGDB_HALLMARK_TNFA_SIGNALING_VIA_NFKB	ENSMUSG00000024042	MSigDB Hallmark v7.0 (human->mouse by symbol)	Sik1
MSIGDB_HALLMARK_TNFA_SIGNALING_VIA_NFKB	ENSMUSG00000040663	MSigDB Hallmark v7.0 (human->mouse by symbol)	Clcf1
MSIGDB_HALLMARK_TNFA_SIGNALING_VIA_NFKB	ENSMUSG00000015839	MSigDB Hallmark v7.0 (human->mouse by symbol)	Nfe2l2
MSIGDB_HALLMARK_TNFA_SIGNALING_VIA_NFKB	ENSMUSG00000003545	MSigDB Hallmark v7.0 (human->mouse by symbol)	Fosb
MSIGDB_HALLMARK_TNFA_SIGNALING_VIA_NFKB	ENSMUSG00000003847	MSigDB Hallmark v7.0 (human->mouse by symbol)	Nfat5
MSIGDB_HALLMARK_TNFA_SIGNALING_VIA_NFKB	ENSMUSG00000019943	MSigDB Hallmark v7.0 (human->mouse by symbol)	Atp2b1
MSIGDB_HALLMARK_TNFA_SIGNALING_VIA_NFKB	ENSMUSG00000004296	MSigDB Hallmark v7.0 (human->mouse by symbol)	Il12b
MSIGDB_HALLMARK_TNFA_SIGNALING_VIA_NFKB	ENSMUSG00000021756	MSigDB Hallmark v7.0 (human->mouse by symbol)	Il6st
MSIGDB_HALLMARK_TNFA_SIGNALING_VIA_NFKB	ENSMUSG00000041920	MSigDB Hallmark v7.0 (human->mouse by symbol)	Slc16a6
MSIGDB_HALLMARK_TNFA_SIGNALING_VIA_NFKB	ENSMUSG00000015243	MSigDB Hallmark v7.0 (human->mouse by symbol)	Abca1
MSIGDB_HALLMARK_TNFA_SIGNALING_VIA_NFKB	ENSMUSG00000022528	MSigDB Hallmark v7.0 (human->mouse by symbol)	Hes1
MSIGDB_HALLMARK_TNFA_SIGNALING_VIA_NFKB	ENSMUSG00000022508	MSigDB Hallmark v7.0 (human->mouse by symbol)	Bcl6
MSIGDB_HALLMARK_TNFA_SIGNALING_VIA_NFKB	ENSMUSG00000038894	MSigDB Hallmark v7.0 (human->mouse by symbol)	Irs2
MSIGDB_HALLMARK_TNFA_SIGNALING_VIA_NFKB	ENSMUSG00000003153	MSigDB Hallmark v7.0 (human->mouse by symbol)	Slc2a3
MSIGDB_HALLMARK_TNFA_SIGNALING_VIA_NFKB	ENSMUSG00000071637	MSigDB Hallmark v7.0 (human->mouse by symbol)	Cebpd
MSIGDB_HALLMARK_TNFA_SIGNALING_VIA_NFKB	ENSMUSG00000025383	MSigDB Hallmark v7.0 (human->mouse by symbol)	Il23a
MSIGDB_HALLMARK_TNFA_SIGNALING_VIA_NFKB	ENSMUSG00000032402	MSigDB Hallmark v7.0 (human->mouse by symbol)	Smad3
MSIGDB_HALLMARK_TNFA_SIGNALING_VIA_NFKB	ENSMUSG00000037321	MSigDB Hallmark v7.0 (human->mouse by symbol)	Tap1
MSIGDB_HALLMARK_TNFA_SIGNALING_VIA_NFKB	ENSMUSG00000025930	MSigDB Hallmark v7.0 (human->mouse by symbol)	Msc
MSIGDB_HALLMARK_TNFA_SIGNALING_VIA_NFKB	ENSMUSG00000026896	MSigDB Hallmark v7.0 (human->mouse by symbol)	Ifih1
MSIGDB_HALLMARK_TNFA_SIGNALING_VIA_NFKB	ENSMUSG00000023206	MSigDB Hallmark v7.0 (human->mouse by symbol)	Il15ra
MSIGDB_HALLMARK_TNFA_SIGNALING_VIA_NFKB	ENSMUSG00000059866	MSigDB Hallmark v7.0 (human->mouse by symbol)	Tnip2
MSIGDB_HALLMARK_TNFA_SIGNALING_VIA_NFKB	ENSMUSG00000053175	MSigDB Hallmark v7.0 (human->mouse by symbol)	Bcl3
MSIGDB_HALLMARK_TNFA_SIGNALING_VIA_NFKB	ENSMUSG00000031934	MSigDB Hallmark v7.0 (human->mouse by symbol)	Panx1
MSIGDB_HALLMARK_TNFA_SIGNALING_VIA_NFKB	ENSMUSG00000075012	MSigDB Hallmark v7.0 (human->mouse by symbol)	Fjx1
MSIGDB_HALLMARK_TNFA_SIGNALING_VIA_NFKB	ENSMUSG00000021367	MSigDB Hallmark v7.0 (human->mouse by symbol)	Edn1
MSIGDB_HALLMARK_TNFA_SIGNALING_VIA_NFKB	ENSMUSG00000035530	MSigDB Hallmark v7.0 (human->mouse by symbol)	Eif1
MSIGDB_HALLMARK_TNFA_SIGNALING_VIA_NFKB	ENSMUSG00000027358	MSigDB Hallmark v7.0 (human->mouse by symbol)	Bmp2
MSIGDB_HALLMARK_TNFA_SIGNALING_VIA_NFKB	ENSMUSG00000031530	MSigDB Hallmark v7.0 (human->mouse by symbol)	Dusp4
MSIGDB_HALLMARK_TNFA_SIGNALING_VIA_NFKB	ENSMUSG00000028273	MSigDB Hallmark v7.0 (human->mouse by symbol)	Pdlim5
MSIGDB_HALLMARK_TNFA_SIGNALING_VIA_NFKB	ENSMUSG00000020363	MSigDB Hallmark v7.0 (human->mouse by symbol)	Gfpt2
MSIGDB_HALLMARK_TNFA_SIGNALING_VIA_NFKB	ENSMUSG00000055148	MSigDB Hallmark v7.0 (human->mouse by symbol)	Klf2
MSIGDB_HALLMARK_TNFA_SIGNALING_VIA_NFKB	ENSMUSG00000028364	MSigDB Hallmark v7.0 (human->mouse by symbol)	Tnc
MSIGDB_HALLMARK_TNFA_SIGNALING_VIA_NFKB	ENSMUSG00000026315	MSigDB Hallmark v7.0 (human->mouse by symbol)	Serpinb8
MSIGDB_HALLMARK_TNFA_SIGNALING_VIA_NFKB	ENSMUSG00000001156	MSigDB Hallmark v7.0 (human->mouse by symbol)	Mxd1
MSIGDB_HALLMARK_HYPOXIA	ENSMUSG00000062070	MSigDB Hallmark v7.0 (human->mouse by symbol)	Pgk1
MSIGDB_HALLMARK_HYPOXIA	ENSMUSG00000006494	MSigDB Hallmark v7.0 (human->mouse by symbol)	Pdk1
MSIGDB_HALLMARK_HYPOXIA	ENSMUSG00000022707	MSigDB Hallmark v7.0 (human->mouse by symbol)	Gbe1
MSIGDB_HALLMARK_HYPOXIA	ENSMUSG00000020277	MSigDB Hallmark v7.0 (human->mouse by symbol)	Pfkl
MSIGDB_HALLMARK_HYPOXIA	ENSMUSG00000030695	MSigDB Hallmark v7.0 (human->mouse by symbol)	Aldoa
MSIGDB_HALLMARK_HYPOXIA	ENSMUSG00000004267	MSigDB Hallmark v7.0 (human->mouse by symbol)	Eno2
MSIGDB_HALLMARK_HYPOXIA	ENSMUSG00000025791	MSigDB Hallmark v7.0 (human->mouse by symbol)	Pgm1
MSIGDB_HALLMARK_HYPOXIA	ENSMUSG00000005125	MSigDB Hallmark v7.0 (human->mouse by symbol)	Ndrg1
MSIGDB_HALLMARK_HYPOXIA	ENSMUSG00000000628	MSigDB Hallmark v7.0 (human->mouse by symbol)	Hk2
MSIGDB_HALLMARK_HYPOXIA	ENSMUSG00000017390	MSigDB Hallmark v7.0 (human->mouse by symbol)	Aldoc
MSIGDB_HALLMARK_HYPOXIA	ENSMUSG00000025025	MSigDB Hallmark v7.0 (human->mouse by symbol)	Mxi1
MSIGDB_HALLMARK_HYPOXIA	ENSMUSG00000028645	MSigDB Hallmark v7.0 (human->mouse by symbol)	Slc2a1
MSIGDB_HALLMARK_HYPOXIA	ENSMUSG00000019916	MSigDB Hallmark v7.0 (human->mouse by symbol)	P4ha1
MSIGDB_HALLMARK_HYPOXIA	ENSMUSG00000030790	MSigDB Hallmark v7.0 (human->mouse by symbol)	Adm
MSIGDB_HALLMARK_HYPOXIA	ENSMUSG00000018906	MSigDB Hallmark v7.0 (human->mouse by symbol)	P4ha2
MSIGDB_HALLMARK_HYPOXIA	ENSMUSG00000063524	MSigDB Hallmark v7.0 (human->mouse by symbol)	Eno1
MSIGDB_HALLMARK_HYPOXIA	ENSMUSG00000021196	MSigDB Hallmark v7.0 (human->mouse by symbol)	Pfkp
MSIGDB_HALLMARK_HYPOXIA	ENSMUSG00000028527	MSigDB Hallmark v7.0 (human->mouse by symbol)	Ak4
MSIGDB_HALLMARK_HYPOXIA	ENSMUSG00000003955	MSigDB Hallmark v7.0 (human->mouse by symbol)	Fam162a
MSIGDB_HALLMARK_HYPOXIA	ENSMUSG00000026773	MSigDB Hallmark v7.0 (human->mouse by symbol)	Pfkfb3
MSIGDB_HALLMARK_HYPOXIA	ENSMUSG00000023951	MSigDB Hallmark v7.0 (human->mouse by symbol)	Vegfa
MSIGDB_HALLMARK_HYPOXIA	ENSMUSG00000022051	MSigDB Hallmark v7.0 (human->mouse by symbol)	Bnip3l
MSIGDB_HALLMARK_HYPOXIA	ENSMUSG00000023456	MSigDB Hallmark v7.0 (human->mouse by symbol)	Tpi1
MSIGDB_HALLMARK_HYPOXIA	ENSMUSG00000021831	MSigDB Hallmark v7.0 (human->mouse by symbol)	Ero1a
MSIGDB_HALLMARK_HYPOXIA	ENSMUSG00000053470	MSigDB Hallmark v7.0 (human->mouse by symbol)	Kdm3a
MSIGDB_HALLMARK_HYPOXIA	ENSMUSG00000029385	MSigDB Hallmark v7.0 (human->mouse by symbol)	Ccng2
MSIGDB_HALLMARK_HYPOXIA	ENSMUSG00000063229	MSigDB Hallmark v7.0 (human->mouse by symbol)	Ldha
MSIGDB_HALLMARK_HYPOXIA	ENSMUSG00000003865	MSigDB Hallmark v7.0 (human->mouse by symbol)	Gys1
MSIGDB_HALLMARK_HYPOXIA	ENSMUSG00000057666	MSigDB Hallmark v7.0 (human->mouse by symbol)	Gapdh
MSIGDB_HALLMARK_HYPOXIA	ENSMUSG00000030103	MSigDB Hallmark v7.0 (human->mouse by symbol)	Bhlhe40
MSIGDB_HALLMARK_HYPOXIA	ENSMUSG00000002289	MSigDB Hallmark v7.0 (human->mouse by symbol)	Angptl4
MSIGDB_HALLMARK_HYPOXIA	ENSMUSG00000052684	MSigDB Hallmark v7.0 (human->mouse by symbol)	Jun
MSIGDB_HALLMARK_HYPOXIA	ENSMUSG00000037411	MSigDB Hallmark v7.0 (human->mouse by symbol)	Serpine1
MSIGDB_HALLMARK_HYPOXIA	ENSMUSG00000024529	MSigDB Hallmark v7.0 (human->mouse by symbol)	Lox
MSIGDB_HALLMARK_HYPOXIA	ENSMUSG00000041798	MSigDB Hallmark v7.0 (human->mouse by symbol)	Gck
MSIGDB_HALLMARK_HYPOXIA	ENSMUSG00000026458	MSigDB Hallmark v7.0 (human->mouse by symbol)	Ppfia4
MSIGDB_HALLMARK_HYPOXIA	ENSMUSG00000042622	MSigDB Hallmark v7.0 (human->mouse by symbol)	Maff
MSIGDB_HALLMARK_HYPOXIA	ENSMUSG00000020108	MSigDB Hallmark v7.0 (human->mouse by symbol)	Ddit4
MSIGDB_HALLMARK_HYPOXIA	ENSMUSG00000003153	MSigDB Hallmark v7.0 (human->mouse by symbol)	Slc2a3
MSIGDB_HALLMARK_HYPOXIA	ENSMUSG00000020427	MSigDB Hallmark v7.0 (human->mouse by symbol)	Igfbp3
MSIGDB_HALLMARK_HYPOXIA	ENSMUSG00000056749	MSigDB Hallmark v7.0 (human->mouse by symbol)	Nfil3
MSIGDB_HALLMARK_HYPOXIA	ENSMUSG00000021250	MSigDB Hallmark v7.0 (human->mouse by symbol)	Fos
MSIGDB_HALLMARK_HYPOXIA	ENSMUSG00000039191	MSigDB Hallmark v7.0 (human->mouse by symbol)	Rbpj
MSIGDB_HALLMARK_HYPOXIA	ENSMUSG00000037012	MSigDB Hallmark v7.0 (human->mouse by symbol)	Hk1
MSIGDB_HALLMARK_HYPOXIA	ENSMUSG00000039910	MSigDB Hallmark v7.0 (human->mouse by symbol)	Cited2
MSIGDB_HALLMARK_HYPOXIA	ENSMUSG00000039236	MSigDB Hallmark v7.0 (human->mouse by symbol)	Isg20
MSIGDB_HALLMARK_HYPOXIA	ENSMUSG00000020766	MSigDB Hallmark v7.0 (human->mouse by symbol)	Galk1
MSIGDB_HALLMARK_HYPOXIA	ENSMUSG00000017677	MSigDB Hallmark v7.0 (human->mouse by symbol)	Wsb1
MSIGDB_HALLMARK_HYPOXIA	ENSMUSG00000032648	MSigDB Hallmark v7.0 (human->mouse by symbol)	Pygm
MSIGDB_HALLMARK_HYPOXIA	ENSMUSG00000014813	MSigDB Hallmark v7.0 (human->mouse by symbol)	Stc1
MSIGDB_HALLMARK_HYPOXIA	ENSMUSG00000036478	MSigDB Hallmark v7.0 (human->mouse by symbol)	Btg1
MSIGDB_HALLMARK_HYPOXIA	ENSMUSG00000028494	MSigDB Hallmark v7.0 (human->mouse by symbol)	Plin2
MSIGDB_HALLMARK_HYPOXIA	ENSMUSG00000020186	MSigDB Hallmark v7.0 (human->mouse by symbol)	Csrp2
MSIGDB_HALLMARK_HYPOXIA	ENSMUSG00000024924	MSigDB Hallmark v7.0 (human->mouse by symbol)	Vldlr
MSIGDB_HALLMARK_HYPOXIA	ENSMUSG00000056962	MSigDB Hallmark v7.0 (human->mouse by symbol)	Jmjd6
MSIGDB_HALLMARK_HYPOXIA	ENSMUSG00000061731	MSigDB Hallmark v7.0 (human->mouse by symbol)	Ext1
MSIGDB_HALLMARK_HYPOXIA	ENSMUSG00000028128	MSigDB Hallmark v7.0 (human->mouse by symbol)	F3
MSIGDB_HALLMARK_HYPOXIA	ENSMUSG00000035232	MSigDB Hallmark v7.0 (human->mouse by symbol)	Pdk3
MSIGDB_HALLMARK_HYPOXIA	ENSMUSG00000026199	MSigDB Hallmark v7.0 (human->mouse by symbol)	Ankzf1
MSIGDB_HALLMARK_HYPOXIA	ENSMUSG00000001891	MSigDB Hallmark v7.0 (human->mouse by symbol)	Ugp2
MSIGDB_HALLMARK_HYPOXIA	ENSMUSG00000028307	MSigDB Hallmark v7.0 (human->mouse by symbol)	Aldob
MSIGDB_HALLMARK_HYPOXIA	ENSMUSG00000020303	MSigDB Hallmark v7.0 (human->mouse by symbol)	Stc2
MSIGDB_HALLMARK_HYPOXIA	ENSMUSG00000028967	MSigDB Hallmark v7.0 (human->mouse by symbol)	Errfi1
MSIGDB_HALLMARK_HYPOXIA	ENSMUSG00000060600	MSigDB Hallmark v7.0 (human->mouse by symbol)	Eno3
MSIGDB_HALLMARK_HYPOXIA	ENSMUSG00000040128	MSigDB Hallmark v7.0 (human->mouse by symbol)	Pnrc1
MSIGDB_HALLMARK_HYPOXIA	ENSMUSG00000005413	MSigDB Hallmark v7.0 (human->mouse by symbol)	Hmox1
MSIGDB_HALLMARK_HYPOXIA	ENSMUSG00000004791	MSigDB Hallmark v7.0 (human->mouse by symbol)	Pgf
MSIGDB_HALLMARK_HYPOXIA	ENSMUSG00000061099	MSigDB Hallmark v7.0 (human->mouse by symbol)	Gapdhs
MSIGDB_HALLMARK_HYPOXIA	ENSMUSG00000033350	MSigDB Hallmark v7.0 (human->mouse by symbol)	Chst2
MSIGDB_HALLMARK_HYPOXIA	ENSMUSG00000022754	MSigDB Hallmark v7.0 (human->mouse by symbol)	Tmem45a
MSIGDB_HALLMARK_HYPOXIA	ENSMUSG00000004892	MSigDB Hallmark v7.0 (human->mouse by symbol)	Bcan
MSIGDB_HALLMARK_HYPOXIA	ENSMUSG00000026628	MSigDB Hallmark v7.0 (human->mouse by symbol)	Atf3
MSIGDB_HALLMARK_HYPOXIA	ENSMUSG00000007655	MSigDB Hallmark v7.0 (human->mouse by symbol)	Cav1
MSIGDB_HALLMARK_HYPOXIA	ENSMUSG00000005686	MSigDB Hallmark v7.0 (human->mouse by symbol)	Ampd3
MSIGDB_HALLMARK_HYPOXIA	ENSMUSG00000055653	MSigDB Hallmark v7.0 (human->mouse by symbol)	Gpc3
MSIGDB_HALLMARK_HYPOXIA	ENSMUSG00000054008	MSigDB Hallmark v7.0 (human->mouse by symbol)	Ndst1
MSIGDB_HALLMARK_HYPOXIA	ENSMUSG00000038894	MSigDB Hallmark v7.0 (human->mouse by symbol)	Irs2
MSIGDB_HALLMARK_HYPOXIA	ENSMUSG00000031609	MSigDB Hallmark v7.0 (human->mouse by symbol)	Sap30
MSIGDB_HALLMARK_HYPOXIA	ENSMUSG00000025579	MSigDB Hallmark v7.0 (human->mouse by symbol)	Gaa
MSIGDB_HALLMARK_HYPOXIA	ENSMUSG00000017009	MSigDB Hallmark v7.0 (human->mouse by symbol)	Sdc4
MSIGDB_HALLMARK_HYPOXIA	ENSMUSG00000047963	MSigDB Hallmark v7.0 (human->mouse by symbol)	Stbd1
MSIGDB_HALLMARK_HYPOXIA	ENSMUSG00000003541	MSigDB Hallmark v7.0 (human->mouse by symbol)	Ier3
MSIGDB_HALLMARK_HYPOXIA	ENSMUSG00000041237	MSigDB Hallmark v7.0 (human->mouse by symbol)	Pklr
MSIGDB_HALLMARK_HYPOXIA	ENSMUSG00000020429	MSigDB Hallmark v7.0 (human->mouse by symbol)	Igfbp1
MSIGDB_HALLMARK_HYPOXIA	ENSMUSG00000046223	MSigDB Hallmark v7.0 (human->mouse by symbol)	Plaur
MSIGDB_HALLMARK_HYPOXIA	ENSMUSG00000037060	MSigDB Hallmark v7.0 (human->mouse by symbol)	Cavin3
MSIGDB_HALLMARK_HYPOXIA	ENSMUSG00000027656	MSigDB Hallmark v7.0 (human->mouse by symbol)	Ccn5
MSIGDB_HALLMARK_HYPOXIA	ENSMUSG00000004383	MSigDB Hallmark v7.0 (human->mouse by symbol)	Large1
MSIGDB_HALLMARK_HYPOXIA	ENSMUSG00000023087	MSigDB Hallmark v7.0 (human->mouse by symbol)	Noct
MSIGDB_HALLMARK_HYPOXIA	ENSMUSG00000001020	MSigDB Hallmark v7.0 (human->mouse by symbol)	S100a4
MSIGDB_HALLMARK_HYPOXIA	ENSMUSG00000028278	MSigDB Hallmark v7.0 (human->mouse by symbol)	Rragd
MSIGDB_HALLMARK_HYPOXIA	ENSMUSG00000044786	MSigDB Hallmark v7.0 (human->mouse by symbol)	Zfp36
MSIGDB_HALLMARK_HYPOXIA	ENSMUSG00000020122	MSigDB Hallmark v7.0 (human->mouse by symbol)	Egfr
MSIGDB_HALLMARK_HYPOXIA	ENSMUSG00000028635	MSigDB Hallmark v7.0 (human->mouse by symbol)	Edn2
MSIGDB_HALLMARK_HYPOXIA	ENSMUSG00000035847	MSigDB Hallmark v7.0 (human->mouse by symbol)	Ids
MSIGDB_HALLMARK_HYPOXIA	ENSMUSG00000023067	MSigDB Hallmark v7.0 (human->mouse by symbol)	Cdkn1a
MSIGDB_HALLMARK_HYPOXIA	ENSMUSG00000032238	MSigDB Hallmark v7.0 (human->mouse by symbol)	Rora
MSIGDB_HALLMARK_HYPOXIA	ENSMUSG00000024190	MSigDB Hallmark v7.0 (human->mouse by symbol)	Dusp1
MSIGDB_HALLMARK_HYPOXIA	ENSMUSG00000033307	MSigDB Hallmark v7.0 (human->mouse by symbol)	Mif
MSIGDB_HALLMARK_HYPOXIA	ENSMUSG00000067279	MSigDB Hallmark v7.0 (human->mouse by symbol)	Ppp1r3c
MSIGDB_HALLMARK_HYPOXIA	ENSMUSG00000025478	MSigDB Hallmark v7.0 (human->mouse by symbol)	Dpysl4
MSIGDB_HALLMARK_HYPOXIA	ENSMUSG00000010830	MSigDB Hallmark v7.0 (human->mouse by symbol)	Kdelr3
MSIGDB_HALLMARK_HYPOXIA	ENSMUSG00000024302	MSigDB Hallmark v7.0 (human->mouse by symbol)	Dtna
MSIGDB_HALLMARK_HYPOXIA	ENSMUSG00000018500	MSigDB Hallmark v7.0 (human->mouse by symbol)	Adora2b
MSIGDB_HALLMARK_HYPOXIA	ENSMUSG00000051022	MSigDB Hallmark v7.0 (human->mouse by symbol)	Hs3st1
MSIGDB_HALLMARK_HYPOXIA	ENSMUSG00000004044	MSigDB Hallmark v7.0 (human->mouse by symbol)	Cavin1
MSIGDB_HALLMARK_HYPOXIA	ENSMUSG00000024431	MSigDB Hallmark v7.0 (human->mouse by symbol)	Nr3c1
MSIGDB_HALLMARK_HYPOXIA	ENSMUSG00000000078	MSigDB Hallmark v7.0 (human->mouse by symbol)	Klf6
MSIGDB_HALLMARK_HYPOXIA	ENSMUSG00000031119	MSigDB Hallmark v7.0 (human->mouse by symbol)	Gpc4
MSIGDB_HALLMARK_HYPOXIA	ENSMUSG00000028195	MSigDB Hallmark v7.0 (human->mouse by symbol)	Ccn1
MSIGDB_HALLMARK_HYPOXIA	ENSMUSG00000019850	MSigDB Hallmark v7.0 (human->mouse by symbol)	Tnfaip3
MSIGDB_HALLMARK_HYPOXIA	ENSMUSG00000025232	MSigDB Hallmark v7.0 (human->mouse by symbol)	Hexa
MSIGDB_HALLMARK_HYPOXIA	ENSMUSG00000031375	MSigDB Hallmark v7.0 (human->mouse by symbol)	Bgn
MSIGDB_HALLMARK_HYPOXIA	ENSMUSG00000040435	MSigDB Hallmark v7.0 (human->mouse by symbol)	Ppp1r15a
MSIGDB_HALLMARK_HYPOXIA	ENSMUSG00000029171	MSigDB Hallmark v7.0 (human->mouse by symbol)	Pgm2
MSIGDB_HALLMARK_HYPOXIA	ENSMUSG00000024014	MSigDB Hallmark v7.0 (human->mouse by symbol)	Pim1
MSIGDB_HALLMARK_HYPOXIA	ENSMUSG00000024953	MSigDB Hallmark v7.0 (human->mouse by symbol)	Prdx5
MSIGDB_HALLMARK_HYPOXIA	ENSMUSG00000034744	MSigDB Hallmark v7.0 (human->mouse by symbol)	Nagk
MSIGDB_HALLMARK_HYPOXIA	ENSMUSG00000003031	MSigDB Hallmark v7.0 (human->mouse by symbol)	Cdkn1b
MSIGDB_HALLMARK_HYPOXIA	ENSMUSG00000031130	MSigDB Hallmark v7.0 (human->mouse by symbol)	Brs3
MSIGDB_HALLMARK_HYPOXIA	ENSMUSG00000031397	MSigDB Hallmark v7.0 (human->mouse by symbol)	Tktl1
MSIGDB_HALLMARK_HYPOXIA	ENSMUSG00000033792	MSigDB Hallmark v7.0 (human->mouse by symbol)	Atp7a
MSIGDB_HALLMARK_HYPOXIA	ENSMUSG00000025743	MSigDB Hallmark v7.0 (human->mouse by symbol)	Sdc3
MSIGDB_HALLMARK_HYPOXIA	ENSMUSG00000034640	MSigDB Hallmark v7.0 (human->mouse by symbol)	Tiparp
MSIGDB_HALLMARK_HYPOXIA	ENSMUSG00000026413	MSigDB Hallmark v7.0 (human->mouse by symbol)	Pkp1
MSIGDB_HALLMARK_HYPOXIA	ENSMUSG00000032231	MSigDB Hallmark v7.0 (human->mouse by symbol)	Anxa2
MSIGDB_HALLMARK_HYPOXIA	ENSMUSG00000020475	MSigDB Hallmark v7.0 (human->mouse by symbol)	Pgam2
MSIGDB_HALLMARK_HYPOXIA	ENSMUSG00000025408	MSigDB Hallmark v7.0 (human->mouse by symbol)	Ddit3
MSIGDB_HALLMARK_HYPOXIA	ENSMUSG00000050965	MSigDB Hallmark v7.0 (human->mouse by symbol)	Prkca
MSIGDB_HALLMARK_HYPOXIA	ENSMUSG00000032114	MSigDB Hallmark v7.0 (human->mouse by symbol)	Slc37a4
MSIGDB_HALLMARK_HYPOXIA	ENSMUSG00000045382	MSigDB Hallmark v7.0 (human->mouse by symbol)	Cxcr4
MSIGDB_HALLMARK_HYPOXIA	ENSMUSG00000028039	MSigDB Hallmark v7.0 (human->mouse by symbol)	Efna3
MSIGDB_HALLMARK_HYPOXIA	ENSMUSG00000003617	MSigDB Hallmark v7.0 (human->mouse by symbol)	Cp
MSIGDB_HALLMARK_HYPOXIA	ENSMUSG00000025959	MSigDB Hallmark v7.0 (human->mouse by symbol)	Klf7
MSIGDB_HALLMARK_HYPOXIA	ENSMUSG00000019997	MSigDB Hallmark v7.0 (human->mouse by symbol)	Ccn2
MSIGDB_HALLMARK_HYPOXIA	ENSMUSG00000057337	MSigDB Hallmark v7.0 (human->mouse by symbol)	Chst3
MSIGDB_HALLMARK_HYPOXIA	ENSMUSG00000027506	MSigDB Hallmark v7.0 (human->mouse by symbol)	Tpd52
MSIGDB_HALLMARK_HYPOXIA	ENSMUSG00000047557	MSigDB Hallmark v7.0 (human->mouse by symbol)	Lxn
MSIGDB_HALLMARK_HYPOXIA	ENSMUSG00000013418	MSigDB Hallmark v7.0 (human->mouse by symbol)	B4galnt2
MSIGDB_HALLMARK_HYPOXIA	ENSMUSG00000029167	MSigDB Hallmark v7.0 (human->mouse by symbol)	Ppargc1a
MSIGDB_HALLMARK_HYPOXIA	ENSMUSG00000057329	MSigDB Hallmark v7.0 (human->mouse by symbol)	Bcl2
MSIGDB_HALLMARK_HYPOXIA	ENSMUSG00000021360	MSigDB Hallmark v7.0 (human->mouse by symbol)	Gcnt2
MSIGDB_HALLMARK_HYPOXIA	ENSMUSG00000003665	MSigDB Hallmark v7.0 (human->mouse by symbol)	Has1
MSIGDB_HALLMARK_HYPOXIA	ENSMUSG00000062901	MSigDB Hallmark v7.0 (human->mouse by symbol)	Klhl24
MSIGDB_HALLMARK_HYPOXIA	ENSMUSG00000037936	MSigDB Hallmark v7.0 (human->mouse by symbol)	Scarb1
MSIGDB_HALLMARK_HYPOXIA	ENSMUSG00000003528	MSigDB Hallmark v7.0 (human->mouse by symbol)	Slc25a1
MSIGDB_HALLMARK_HYPOXIA	ENSMUSG00000022261	MSigDB Hallmark v7.0 (human->mouse by symbol)	Sdc2
MSIGDB_HALLMARK_HYPOXIA	ENSMUSG00000027997	MSigDB Hallmark v7.0 (human->mouse by symbol)	Casp6
MSIGDB_HALLMARK_HYPOXIA	ENSMUSG00000033933	MSigDB Hallmark v7.0 (human->mouse by symbol)	Vhl
MSIGDB_HALLMARK_HYPOXIA	ENSMUSG00000048756	MSigDB Hallmark v7.0 (human->mouse by symbol)	Foxo3
MSIGDB_HALLMARK_HYPOXIA	ENSMUSG00000000489	MSigDB Hallmark v7.0 (human->mouse by symbol)	Pdgfb
MSIGDB_HALLMARK_HYPOXIA	ENSMUSG00000050796	MSigDB Hallmark v7.0 (human->mouse by symbol)	B3galt6
MSIGDB_HALLMARK_HYPOXIA	ENSMUSG00000028976	MSigDB Hallmark v7.0 (human->mouse by symbol)	Slc2a5
MSIGDB_HALLMARK_HYPOXIA	ENSMUSG00000090084	MSigDB Hallmark v7.0 (human->mouse by symbol)	Srpx
MSIGDB_HALLMARK_HYPOXIA	ENSMUSG00000027954	MSigDB Hallmark v7.0 (human->mouse by symbol)	Efna1
MSIGDB_HALLMARK_HYPOXIA	ENSMUSG00000021591	MSigDB Hallmark v7.0 (human->mouse by symbol)	Glrx
MSIGDB_HALLMARK_HYPOXIA	ENSMUSG00000044337	MSigDB Hallmark v7.0 (human->mouse by symbol)	Ackr3
MSIGDB_HALLMARK_HYPOXIA	ENSMUSG00000026335	MSigDB Hallmark v7.0 (human->mouse by symbol)	Pam
MSIGDB_HALLMARK_HYPOXIA	ENSMUSG00000035493	MSigDB Hallmark v7.0 (human->mouse by symbol)	Tgfbi
MSIGDB_HALLMARK_HYPOXIA	ENSMUSG00000019929	MSigDB Hallmark v7.0 (human->mouse by symbol)	Dcn
MSIGDB_HALLMARK_HYPOXIA	ENSMUSG00000036432	MSigDB Hallmark v7.0 (human->mouse by symbol)	Siah2
MSIGDB_HALLMARK_HYPOXIA	ENSMUSG00000029322	MSigDB Hallmark v7.0 (human->mouse by symbol)	Plac8
MSIGDB_HALLMARK_HYPOXIA	ENSMUSG00000069805	MSigDB Hallmark v7.0 (human->mouse by symbol)	Fbp1
MSIGDB_HALLMARK_HYPOXIA	ENSMUSG00000029344	MSigDB Hallmark v7.0 (human->mouse by symbol)	Tpst2
MSIGDB_HALLMARK_HYPOXIA	ENSMUSG00000025537	MSigDB Hallmark v7.0 (human->mouse by symbol)	Phkg1
MSIGDB_HALLMARK_HYPOXIA	ENSMUSG00000022443	MSigDB Hallmark v7.0 (human->mouse by symbol)	Myh9
MSIGDB_HALLMARK_HYPOXIA	ENSMUSG00000037664	MSigDB Hallmark v7.0 (human->mouse by symbol)	Cdkn1c
MSIGDB_HALLMARK_HYPOXIA	ENSMUSG00000035637	MSigDB Hallmark v7.0 (human->mouse by symbol)	Grhpr
MSIGDB_HALLMARK_HYPOXIA	ENSMUSG00000027513	MSigDB Hallmark v7.0 (human->mouse by symbol)	Pck1
MSIGDB_HALLMARK_HYPOXIA	ENSMUSG00000032968	MSigDB Hallmark v7.0 (human->mouse by symbol)	Inha
MSIGDB_HALLMARK_HYPOXIA	ENSMUSG00000026864	MSigDB Hallmark v7.0 (human->mouse by symbol)	Hspa5
MSIGDB_HALLMARK_HYPOXIA	ENSMUSG00000039308	MSigDB Hallmark v7.0 (human->mouse by symbol)	Ndst2
MSIGDB_HALLMARK_HYPOXIA	ENSMUSG00000024589	MSigDB Hallmark v7.0 (human->mouse by symbol)	Nedd4l
MSIGDB_HALLMARK_HYPOXIA	ENSMUSG00000035274	MSigDB Hallmark v7.0 (human->mouse by symbol)	Tpbg
MSIGDB_HALLMARK_HYPOXIA	ENSMUSG00000025027	MSigDB Hallmark v7.0 (human->mouse by symbol)	Xpnpep1
MSIGDB_HALLMARK_HYPOXIA	ENSMUSG00000025746	MSigDB Hallmark v7.0 (human->mouse by symbol)	Il6
MSIGDB_HALLMARK_HYPOXIA	ENSMUSG00000030096	MSigDB Hallmark v7.0 (human->mouse by symbol)	Slc6a6
MSIGDB_HALLMARK_HYPOXIA	ENSMUSG00000021754	MSigDB Hallmark v7.0 (human->mouse by symbol)	Map3k1
MSIGDB_HALLMARK_HYPOXIA	ENSMUSG00000030851	MSigDB Hallmark v7.0 (human->mouse by symbol)	Ldhc
MSIGDB_HALLMARK_HYPOXIA	ENSMUSG00000038587	MSigDB Hallmark v7.0 (human->mouse by symbol)	Akap12
MSIGDB_HALLMARK_HYPOXIA	ENSMUSG00000029552	MSigDB Hallmark v7.0 (human->mouse by symbol)	Tes
MSIGDB_HALLMARK_HYPOXIA	ENSMUSG00000074657	MSigDB Hallmark v7.0 (human->mouse by symbol)	Kif5a
MSIGDB_HALLMARK_HYPOXIA	ENSMUSG00000022991	MSigDB Hallmark v7.0 (human->mouse by symbol)	Lalba
MSIGDB_HALLMARK_HYPOXIA	ENSMUSG00000026837	MSigDB Hallmark v7.0 (human->mouse by symbol)	Col5a1
MSIGDB_HALLMARK_HYPOXIA	ENSMUSG00000034220	MSigDB Hallmark v7.0 (human->mouse by symbol)	Gpc1
MSIGDB_HALLMARK_HYPOXIA	ENSMUSG00000034088	MSigDB Hallmark v7.0 (human->mouse by symbol)	Hdlbp
MSIGDB_HALLMARK_HYPOXIA	ENSMUSG00000032763	MSigDB Hallmark v7.0 (human->mouse by symbol)	Ilvbl
MSIGDB_HALLMARK_HYPOXIA	ENSMUSG00000002341	MSigDB Hallmark v7.0 (human->mouse by symbol)	Ncan
MSIGDB_HALLMARK_HYPOXIA	ENSMUSG00000037820	MSigDB Hallmark v7.0 (human->mouse by symbol)	Tgm2
MSIGDB_HALLMARK_HYPOXIA	ENSMUSG00000032035	MSigDB Hallmark v7.0 (human->mouse by symbol)	Ets1
MSIGDB_HALLMARK_HYPOXIA	ENSMUSG00000020875	MSigDB Hallmark v7.0 (human->mouse by symbol)	Hoxb9
MSIGDB_HALLMARK_HYPOXIA	ENSMUSG00000068874	MSigDB Hallmark v7.0 (human->mouse by symbol)	Selenbp1
MSIGDB_HALLMARK_HYPOXIA	ENSMUSG00000029135	MSigDB Hallmark v7.0 (human->mouse by symbol)	Fosl2
MSIGDB_HALLMARK_HYPOXIA	ENSMUSG00000003271	MSigDB Hallmark v7.0 (human->mouse by symbol)	Sult2b1
MSIGDB_HALLMARK_HYPOXIA	ENSMUSG00000021253	MSigDB Hallmark v7.0 (human->mouse by symbol)	Tgfb3
MSIGDB_HALLMARK_CHOLESTEROL_HOMEOSTASIS	ENSMUSG00000059743	MSigDB Hallmark v7.0 (human->mouse by symbol)	Fdps
MSIGDB_HALLMARK_CHOLESTEROL_HOMEOSTASIS	ENSMUSG00000058258	MSigDB Hallmark v7.0 (human->mouse by symbol)	Idi1
MSIGDB_HALLMARK_CHOLESTEROL_HOMEOSTASIS	ENSMUSG00000021273	MSigDB Hallmark v7.0 (human->mouse by symbol)	Fdft1
MSIGDB_HALLMARK_CHOLESTEROL_HOMEOSTASIS	ENSMUSG00000058454	MSigDB Hallmark v7.0 (human->mouse by symbol)	Dhcr7
MSIGDB_HALLMARK_CHOLESTEROL_HOMEOSTASIS	ENSMUSG00000022351	MSigDB Hallmark v7.0 (human->mouse by symbol)	Sqle
MSIGDB_HALLMARK_CHOLESTEROL_HOMEOSTASIS	ENSMUSG00000093930	MSigDB Hallmark v7.0 (human->mouse by symbol)	Hmgcs1
MSIGDB_HALLMARK_CHOLESTEROL_HOMEOSTASIS	ENSMUSG00000031349	MSigDB Hallmark v7.0 (human->mouse by symbol)	Nsdhl
MSIGDB_HALLMARK_CHOLESTEROL_HOMEOSTASIS	ENSMUSG00000033105	MSigDB Hallmark v7.0 (human->mouse by symbol)	Lss
MSIGDB_HALLMARK_CHOLESTEROL_HOMEOSTASIS	ENSMUSG00000006517	MSigDB Hallmark v7.0 (human->mouse by symbol)	Mvd
MSIGDB_HALLMARK_CHOLESTEROL_HOMEOSTASIS	ENSMUSG00000032193	MSigDB Hallmark v7.0 (human->mouse by symbol)	Ldlr
MSIGDB_HALLMARK_CHOLESTEROL_HOMEOSTASIS	ENSMUSG00000024799	MSigDB Hallmark v7.0 (human->mouse by symbol)	Tm7sf2
MSIGDB_HALLMARK_CHOLESTEROL_HOMEOSTASIS	ENSMUSG00000017390	MSigDB Hallmark v7.0 (human->mouse by symbol)	Aldoc
MSIGDB_HALLMARK_CHOLESTEROL_HOMEOSTASIS	ENSMUSG00000031168	MSigDB Hallmark v7.0 (human->mouse by symbol)	Ebp
MSIGDB_HALLMARK_CHOLESTEROL_HOMEOSTASIS	ENSMUSG00000027952	MSigDB Hallmark v7.0 (human->mouse by symbol)	Pmvk
MSIGDB_HALLMARK_CHOLESTEROL_HOMEOSTASIS	ENSMUSG00000041939	MSigDB Hallmark v7.0 (human->mouse by symbol)	Mvk
MSIGDB_HALLMARK_CHOLESTEROL_HOMEOSTASIS	ENSMUSG00000015568	MSigDB Hallmark v7.0 (human->mouse by symbol)	Lpl
MSIGDB_HALLMARK_CHOLESTEROL_HOMEOSTASIS	ENSMUSG00000032018	MSigDB Hallmark v7.0 (human->mouse by symbol)	Sc5d
MSIGDB_HALLMARK_CHOLESTEROL_HOMEOSTASIS	ENSMUSG00000024665	MSigDB Hallmark v7.0 (human->mouse by symbol)	Fads2
MSIGDB_HALLMARK_CHOLESTEROL_HOMEOSTASIS	ENSMUSG00000021670	MSigDB Hallmark v7.0 (human->mouse by symbol)	Hmgcr
MSIGDB_HALLMARK_CHOLESTEROL_HOMEOSTASIS	ENSMUSG00000026675	MSigDB Hallmark v7.0 (human->mouse by symbol)	Hsd17b7
MSIGDB_HALLMARK_CHOLESTEROL_HOMEOSTASIS	ENSMUSG00000055114	MSigDB Hallmark v7.0 (human->mouse by symbol)	Anxa13
MSIGDB_HALLMARK_CHOLESTEROL_HOMEOSTASIS	ENSMUSG00000022463	MSigDB Hallmark v7.0 (human->mouse by symbol)	Srebf2
MSIGDB_HALLMARK_CHOLESTEROL_HOMEOSTASIS	ENSMUSG00000025137	MSigDB Hallmark v7.0 (human->mouse by symbol)	Pcyt2
MSIGDB_HALLMARK_CHOLESTEROL_HOMEOSTASIS	ENSMUSG00000027605	MSigDB Hallmark v7.0 (human->mouse by symbol)	Acss2
MSIGDB_HALLMARK_CHOLESTEROL_HOMEOSTASIS	ENSMUSG00000026628	MSigDB Hallmark v7.0 (human->mouse by symbol)	Atf3
MSIGDB_HALLMARK_CHOLESTEROL_HOMEOSTASIS	ENSMUSG00000037797	MSigDB Hallmark v7.0 (human->mouse by symbol)	Adh4
MSIGDB_HALLMARK_CHOLESTEROL_HOMEOSTASIS	ENSMUSG00000064254	MSigDB Hallmark v7.0 (human->mouse by symbol)	Ethe1
MSIGDB_HALLMARK_CHOLESTEROL_HOMEOSTASIS	ENSMUSG00000053898	MSigDB Hallmark v7.0 (human->mouse by symbol)	Ech1
MSIGDB_HALLMARK_CHOLESTEROL_HOMEOSTASIS	ENSMUSG00000024039	MSigDB Hallmark v7.0 (human->mouse by symbol)	Cbs
MSIGDB_HALLMARK_CHOLESTEROL_HOMEOSTASIS	ENSMUSG00000025534	MSigDB Hallmark v7.0 (human->mouse by symbol)	Gusb
MSIGDB_HALLMARK_CHOLESTEROL_HOMEOSTASIS	ENSMUSG00000025153	MSigDB Hallmark v7.0 (human->mouse by symbol)	Fasn
MSIGDB_HALLMARK_CHOLESTEROL_HOMEOSTASIS	ENSMUSG00000050335	MSigDB Hallmark v7.0 (human->mouse by symbol)	Lgals3
MSIGDB_HALLMARK_CHOLESTEROL_HOMEOSTASIS	ENSMUSG00000038539	MSigDB Hallmark v7.0 (human->mouse by symbol)	Atf5
MSIGDB_HALLMARK_CHOLESTEROL_HOMEOSTASIS	ENSMUSG00000027712	MSigDB Hallmark v7.0 (human->mouse by symbol)	Anxa5
MSIGDB_HALLMARK_CHOLESTEROL_HOMEOSTASIS	ENSMUSG00000024843	MSigDB Hallmark v7.0 (human->mouse by symbol)	Chka
MSIGDB_HALLMARK_CHOLESTEROL_HOMEOSTASIS	ENSMUSG00000040562	MSigDB Hallmark v7.0 (human->mouse by symbol)	Gstm2
MSIGDB_HALLMARK_CHOLESTEROL_HOMEOSTASIS	ENSMUSG00000023832	MSigDB Hallmark v7.0 (human->mouse by symbol)	Acat2
MSIGDB_HALLMARK_CHOLESTEROL_HOMEOSTASIS	ENSMUSG00000020123	MSigDB Hallmark v7.0 (human->mouse by symbol)	Avpr1a
MSIGDB_HALLMARK_CHOLESTEROL_HOMEOSTASIS	ENSMUSG00000032369	MSigDB Hallmark v7.0 (human->mouse by symbol)	Plscr1
MSIGDB_HALLMARK_CHOLESTEROL_HOMEOSTASIS	ENSMUSG00000022037	MSigDB Hallmark v7.0 (human->mouse by symbol)	Clu
MSIGDB_HALLMARK_CHOLESTEROL_HOMEOSTASIS	ENSMUSG00000028967	MSigDB Hallmark v7.0 (human->mouse by symbol)	Errfi1
MSIGDB_HALLMARK_CHOLESTEROL_HOMEOSTASIS	ENSMUSG00000032715	MSigDB Hallmark v7.0 (human->mouse by symbol)	Trib3
MSIGDB_HALLMARK_CHOLESTEROL_HOMEOSTASIS	ENSMUSG00000018920	MSigDB Hallmark v7.0 (human->mouse by symbol)	Cxcl16
MSIGDB_HALLMARK_CHOLESTEROL_HOMEOSTASIS	ENSMUSG00000023905	MSigDB Hallmark v7.0 (human->mouse by symbol)	Tnfrsf12a
MSIGDB_HALLMARK_CHOLESTEROL_HOMEOSTASIS	ENSMUSG00000062825	MSigDB Hallmark v7.0 (human->mouse by symbol)	Actg1
MSIGDB_HALLMARK_CHOLESTEROL_HOMEOSTASIS	ENSMUSG00000027276	MSigDB Hallmark v7.0 (human->mouse by symbol)	Jag1
MSIGDB_HALLMARK_CHOLESTEROL_HOMEOSTASIS	ENSMUSG00000021190	MSigDB Hallmark v7.0 (human->mouse by symbol)	Lgmn
MSIGDB_HALLMARK_CHOLESTEROL_HOMEOSTASIS	ENSMUSG00000055401	MSigDB Hallmark v7.0 (human->mouse by symbol)	Fbxo6
MSIGDB_HALLMARK_CHOLESTEROL_HOMEOSTASIS	ENSMUSG00000021760	MSigDB Hallmark v7.0 (human->mouse by symbol)	Gpx8
MSIGDB_HALLMARK_CHOLESTEROL_HOMEOSTASIS	ENSMUSG00000040128	MSigDB Hallmark v7.0 (human->mouse by symbol)	Pnrc1
MSIGDB_HALLMARK_CHOLESTEROL_HOMEOSTASIS	ENSMUSG00000029338	MSigDB Hallmark v7.0 (human->mouse by symbol)	Antxr2
MSIGDB_HALLMARK_CHOLESTEROL_HOMEOSTASIS	ENSMUSG00000024479	MSigDB Hallmark v7.0 (human->mouse by symbol)	Mal2
MSIGDB_HALLMARK_CHOLESTEROL_HOMEOSTASIS	ENSMUSG00000030342	MSigDB Hallmark v7.0 (human->mouse by symbol)	Cd9
MSIGDB_HALLMARK_CHOLESTEROL_HOMEOSTASIS	ENSMUSG00000000440	MSigDB Hallmark v7.0 (human->mouse by symbol)	Pparg
MSIGDB_HALLMARK_CHOLESTEROL_HOMEOSTASIS	ENSMUSG00000024827	MSigDB Hallmark v7.0 (human->mouse by symbol)	Gldc
MSIGDB_HALLMARK_CHOLESTEROL_HOMEOSTASIS	ENSMUSG00000024378	MSigDB Hallmark v7.0 (human->mouse by symbol)	Stard4
MSIGDB_HALLMARK_CHOLESTEROL_HOMEOSTASIS	ENSMUSG00000006932	MSigDB Hallmark v7.0 (human->mouse by symbol)	Ctnnb1
MSIGDB_HALLMARK_CHOLESTEROL_HOMEOSTASIS	ENSMUSG00000037278	MSigDB Hallmark v7.0 (human->mouse by symbol)	Tmem97
MSIGDB_HALLMARK_CHOLESTEROL_HOMEOSTASIS	ENSMUSG00000035232	MSigDB Hallmark v7.0 (human->mouse by symbol)	Pdk3
MSIGDB_HALLMARK_CHOLESTEROL_HOMEOSTASIS	ENSMUSG00000046223	MSigDB Hallmark v7.0 (human->mouse by symbol)	Plaur
MSIGDB_HALLMARK_CHOLESTEROL_HOMEOSTASIS	ENSMUSG00000057969	MSigDB Hallmark v7.0 (human->mouse by symbol)	Sema3b
MSIGDB_HALLMARK_CHOLESTEROL_HOMEOSTASIS	ENSMUSG00000057614	MSigDB Hallmark v7.0 (human->mouse by symbol)	Gnai1
MSIGDB_HALLMARK_CHOLESTEROL_HOMEOSTASIS	ENSMUSG00000026944	MSigDB Hallmark v7.0 (human->mouse by symbol)	Abca2
MSIGDB_HALLMARK_CHOLESTEROL_HOMEOSTASIS	ENSMUSG00000042605	MSigDB Hallmark v7.0 (human->mouse by symbol)	Atxn2
MSIGDB_HALLMARK_CHOLESTEROL_HOMEOSTASIS	ENSMUSG00000056749	MSigDB Hallmark v7.0 (human->mouse by symbol)	Nfil3
MSIGDB_HALLMARK_CHOLESTEROL_HOMEOSTASIS	ENSMUSG00000022636	MSigDB Hallmark v7.0 (human->mouse by symbol)	Alcam
MSIGDB_HALLMARK_CHOLESTEROL_HOMEOSTASIS	ENSMUSG00000027533	MSigDB Hallmark v7.0 (human->mouse by symbol)	Fabp5
MSIGDB_HALLMARK_CHOLESTEROL_HOMEOSTASIS	ENSMUSG00000027907	MSigDB Hallmark v7.0 (human->mouse by symbol)	S100a11
MSIGDB_HALLMARK_CHOLESTEROL_HOMEOSTASIS	ENSMUSG00000039782	MSigDB Hallmark v7.0 (human->mouse by symbol)	Cpeb2
MSIGDB_HALLMARK_TGF_BETA_SIGNALING	ENSMUSG00000007613	MSigDB Hallmark v7.0 (human->mouse by symbol)	Tgfbr1
MSIGDB_HALLMARK_TGF_BETA_SIGNALING	ENSMUSG00000025880	MSigDB Hallmark v7.0 (human->mouse by symbol)	Smad7
MSIGDB_HALLMARK_TGF_BETA_SIGNALING	ENSMUSG00000002603	MSigDB Hallmark v7.0 (human->mouse by symbol)	Tgfb1
MSIGDB_HALLMARK_TGF_BETA_SIGNALING	ENSMUSG00000018363	MSigDB Hallmark v7.0 (human->mouse by symbol)	Smurf2
MSIGDB_HALLMARK_TGF_BETA_SIGNALING	ENSMUSG00000038780	MSigDB Hallmark v7.0 (human->mouse by symbol)	Smurf1
MSIGDB_HALLMARK_TGF_BETA_SIGNALING	ENSMUSG00000067336	MSigDB Hallmark v7.0 (human->mouse by symbol)	Bmpr2
MSIGDB_HALLMARK_TGF_BETA_SIGNALING	ENSMUSG00000027660	MSigDB Hallmark v7.0 (human->mouse by symbol)	Skil
MSIGDB_HALLMARK_TGF_BETA_SIGNALING	ENSMUSG00000029050	MSigDB Hallmark v7.0 (human->mouse by symbol)	Ski
MSIGDB_HALLMARK_TGF_BETA_SIGNALING	ENSMUSG00000026836	MSigDB Hallmark v7.0 (human->mouse by symbol)	Acvr1
MSIGDB_HALLMARK_TGF_BETA_SIGNALING	ENSMUSG00000038400	MSigDB Hallmark v7.0 (human->mouse by symbol)	Pmepa1
MSIGDB_HALLMARK_TGF_BETA_SIGNALING	ENSMUSG00000029478	MSigDB Hallmark v7.0 (human->mouse by symbol)	Ncor2
MSIGDB_HALLMARK_TGF_BETA_SIGNALING	ENSMUSG00000037411	MSigDB Hallmark v7.0 (human->mouse by symbol)	Serpine1
MSIGDB_HALLMARK_TGF_BETA_SIGNALING	ENSMUSG00000052837	MSigDB Hallmark v7.0 (human->mouse by symbol)	Junb
MSIGDB_HALLMARK_TGF_BETA_SIGNALING	ENSMUSG00000031681	MSigDB Hallmark v7.0 (human->mouse by symbol)	Smad1
MSIGDB_HALLMARK_TGF_BETA_SIGNALING	ENSMUSG00000036867	MSigDB Hallmark v7.0 (human->mouse by symbol)	Smad6
MSIGDB_HALLMARK_TGF_BETA_SIGNALING	ENSMUSG00000040435	MSigDB Hallmark v7.0 (human->mouse by symbol)	Ppp1r15a
MSIGDB_HALLMARK_TGF_BETA_SIGNALING	ENSMUSG00000047407	MSigDB Hallmark v7.0 (human->mouse by symbol)	Tgif1
MSIGDB_HALLMARK_TGF_BETA_SIGNALING	ENSMUSG00000030530	MSigDB Hallmark v7.0 (human->mouse by symbol)	Furin
MSIGDB_HALLMARK_TGF_BETA_SIGNALING	ENSMUSG00000032402	MSigDB Hallmark v7.0 (human->mouse by symbol)	Smad3
MSIGDB_HALLMARK_TGF_BETA_SIGNALING	ENSMUSG00000032966	MSigDB Hallmark v7.0 (human->mouse by symbol)	Fkbp1a
MSIGDB_HALLMARK_TGF_BETA_SIGNALING	ENSMUSG00000028284	MSigDB Hallmark v7.0 (human->mouse by symbol)	Map3k7
MSIGDB_HALLMARK_TGF_BETA_SIGNALING	ENSMUSG00000021796	MSigDB Hallmark v7.0 (human->mouse by symbol)	Bmpr1a
MSIGDB_HALLMARK_TGF_BETA_SIGNALING	ENSMUSG00000006932	MSigDB Hallmark v7.0 (human->mouse by symbol)	Ctnnb1
MSIGDB_HALLMARK_TGF_BETA_SIGNALING	ENSMUSG00000061436	MSigDB Hallmark v7.0 (human->mouse by symbol)	Hipk2
MSIGDB_HALLMARK_TGF_BETA_SIGNALING	ENSMUSG00000037465	MSigDB Hallmark v7.0 (human->mouse by symbol)	Klf10
MSIGDB_HALLMARK_TGF_BETA_SIGNALING	ENSMUSG00000027358	MSigDB Hallmark v7.0 (human->mouse by symbol)	Bmp2
MSIGDB_HALLMARK_TGF_BETA_SIGNALING	ENSMUSG00000026814	MSigDB Hallmark v7.0 (human->mouse by symbol)	Eng
MSIGDB_HALLMARK_TGF_BETA_SIGNALING	ENSMUSG00000005871	MSigDB Hallmark v7.0 (human->mouse by symbol)	Apc
MSIGDB_HALLMARK_TGF_BETA_SIGNALING	ENSMUSG00000021096	MSigDB Hallmark v7.0 (human->mouse by symbol)	Ppm1a
MSIGDB_HALLMARK_TGF_BETA_SIGNALING	ENSMUSG00000025860	MSigDB Hallmark v7.0 (human->mouse by symbol)	Xiap
MSIGDB_HALLMARK_TGF_BETA_SIGNALING	ENSMUSG00000000303	MSigDB Hallmark v7.0 (human->mouse by symbol)	Cdh1
MSIGDB_HALLMARK_TGF_BETA_SIGNALING	ENSMUSG00000042745	MSigDB Hallmark v7.0 (human->mouse by symbol)	Id1
MSIGDB_HALLMARK_TGF_BETA_SIGNALING	ENSMUSG00000066652	MSigDB Hallmark v7.0 (human->mouse by symbol)	Lefty2
MSIGDB_HALLMARK_TGF_BETA_SIGNALING	ENSMUSG00000037664	MSigDB Hallmark v7.0 (human->mouse by symbol)	Cdkn1c
MSIGDB_HALLMARK_TGF_BETA_SIGNALING	ENSMUSG00000033014	MSigDB Hallmark v7.0 (human->mouse by symbol)	Trim33
MSIGDB_HALLMARK_TGF_BETA_SIGNALING	ENSMUSG00000056515	MSigDB Hallmark v7.0 (human->mouse by symbol)	Rab31
MSIGDB_HALLMARK_TGF_BETA_SIGNALING	ENSMUSG00000030516	MSigDB Hallmark v7.0 (human->mouse by symbol)	Tjp1
MSIGDB_HALLMARK_TGF_BETA_SIGNALING	ENSMUSG00000027397	MSigDB Hallmark v7.0 (human->mouse by symbol)	Slc20a1
MSIGDB_HALLMARK_TGF_BETA_SIGNALING	ENSMUSG00000009555	MSigDB Hallmark v7.0 (human->mouse by symbol)	Cdk9
MSIGDB_HALLMARK_TGF_BETA_SIGNALING	ENSMUSG00000007872	MSigDB Hallmark v7.0 (human->mouse by symbol)	Id3
MSIGDB_HALLMARK_TGF_BETA_SIGNALING	ENSMUSG00000048616	MSigDB Hallmark v7.0 (human->mouse by symbol)	Nog
MSIGDB_HALLMARK_TGF_BETA_SIGNALING	ENSMUSG00000039219	MSigDB Hallmark v7.0 (human->mouse by symbol)	Arid4b
MSIGDB_HALLMARK_TGF_BETA_SIGNALING	ENSMUSG00000022965	MSigDB Hallmark v7.0 (human->mouse by symbol)	Ifngr2
MSIGDB_HALLMARK_TGF_BETA_SIGNALING	ENSMUSG00000020644	MSigDB Hallmark v7.0 (human->mouse by symbol)	Id2
MSIGDB_HALLMARK_TGF_BETA_SIGNALING	ENSMUSG00000040385	MSigDB Hallmark v7.0 (human->mouse by symbol)	Ppp1ca
MSIGDB_HALLMARK_TGF_BETA_SIGNALING	ENSMUSG00000020315	MSigDB Hallmark v7.0 (human->mouse by symbol)	Sptbn1
MSIGDB_HALLMARK_TGF_BETA_SIGNALING	ENSMUSG00000027803	MSigDB Hallmark v7.0 (human->mouse by symbol)	Wwtr1
MSIGDB_HALLMARK_TGF_BETA_SIGNALING	ENSMUSG00000028121	MSigDB Hallmark v7.0 (human->mouse by symbol)	Bcar3
MSIGDB_HALLMARK_TGF_BETA_SIGNALING	ENSMUSG00000040152	MSigDB Hallmark v7.0 (human->mouse by symbol)	Thbs1
MSIGDB_HALLMARK_TGF_BETA_SIGNALING	ENSMUSG00000015994	MSigDB Hallmark v7.0 (human->mouse by symbol)	Fnta
MSIGDB_HALLMARK_TGF_BETA_SIGNALING	ENSMUSG00000028800	MSigDB Hallmark v7.0 (human->mouse by symbol)	Hdac1
MSIGDB_HALLMARK_TGF_BETA_SIGNALING	ENSMUSG00000078578	MSigDB Hallmark v7.0 (human->mouse by symbol)	Ube2d3
MSIGDB_HALLMARK_TGF_BETA_SIGNALING	ENSMUSG00000002020	MSigDB Hallmark v7.0 (human->mouse by symbol)	Ltbp2
MSIGDB_HALLMARK_TGF_BETA_SIGNALING	ENSMUSG00000007815	MSigDB Hallmark v7.0 (human->mouse by symbol)	Rhoa
MSIGDB_HALLMARK_IL6_JAK_STAT3_SIGNALING	ENSMUSG00000021756	MSigDB Hallmark v7.0 (human->mouse by symbol)	Il6st
MSIGDB_HALLMARK_IL6_JAK_STAT3_SIGNALING	ENSMUSG00000026104	MSigDB Hallmark v7.0 (human->mouse by symbol)	Stat1
MSIGDB_HALLMARK_IL6_JAK_STAT3_SIGNALING	ENSMUSG00000026072	MSigDB Hallmark v7.0 (human->mouse by symbol)	Il1r1
MSIGDB_HALLMARK_IL6_JAK_STAT3_SIGNALING	ENSMUSG00000071713	MSigDB Hallmark v7.0 (human->mouse by symbol)	Csf2rb
MSIGDB_HALLMARK_IL6_JAK_STAT3_SIGNALING	ENSMUSG00000053113	MSigDB Hallmark v7.0 (human->mouse by symbol)	Socs3
MSIGDB_HALLMARK_IL6_JAK_STAT3_SIGNALING	ENSMUSG00000004040	MSigDB Hallmark v7.0 (human->mouse by symbol)	Stat3
MSIGDB_HALLMARK_IL6_JAK_STAT3_SIGNALING	ENSMUSG00000022146	MSigDB Hallmark v7.0 (human->mouse by symbol)	Osmr
MSIGDB_HALLMARK_IL6_JAK_STAT3_SIGNALING	ENSMUSG00000031304	MSigDB Hallmark v7.0 (human->mouse by symbol)	Il2rg
MSIGDB_HALLMARK_IL6_JAK_STAT3_SIGNALING	ENSMUSG00000020009	MSigDB Hallmark v7.0 (human->mouse by symbol)	Ifngr1
MSIGDB_HALLMARK_IL6_JAK_STAT3_SIGNALING	ENSMUSG00000032175	MSigDB Hallmark v7.0 (human->mouse by symbol)	Tyk2
MSIGDB_HALLMARK_IL6_JAK_STAT3_SIGNALING	ENSMUSG00000017057	MSigDB Hallmark v7.0 (human->mouse by symbol)	Il13ra1
MSIGDB_HALLMARK_IL6_JAK_STAT3_SIGNALING	ENSMUSG00000027995	MSigDB Hallmark v7.0 (human->mouse by symbol)	Tlr2
MSIGDB_HALLMARK_IL6_JAK_STAT3_SIGNALING	ENSMUSG00000022965	MSigDB Hallmark v7.0 (human->mouse by symbol)	Ifngr2
MSIGDB_HALLMARK_IL6_JAK_STAT3_SIGNALING	ENSMUSG00000022969	MSigDB Hallmark v7.0 (human->mouse by symbol)	Il10rb
MSIGDB_HALLMARK_IL6_JAK_STAT3_SIGNALING	ENSMUSG00000025746	MSigDB Hallmark v7.0 (human->mouse by symbol)	Il6
MSIGDB_HALLMARK_IL6_JAK_STAT3_SIGNALING	ENSMUSG00000026073	MSigDB Hallmark v7.0 (human->mouse by symbol)	Il1r2
MSIGDB_HALLMARK_IL6_JAK_STAT3_SIGNALING	ENSMUSG00000068758	MSigDB Hallmark v7.0 (human->mouse by symbol)	Il3ra
MSIGDB_HALLMARK_IL6_JAK_STAT3_SIGNALING	ENSMUSG00000022967	MSigDB Hallmark v7.0 (human->mouse by symbol)	Ifnar1
MSIGDB_HALLMARK_IL6_JAK_STAT3_SIGNALING	ENSMUSG00000030341	MSigDB Hallmark v7.0 (human->mouse by symbol)	Tnfrsf1a
MSIGDB_HALLMARK_IL6_JAK_STAT3_SIGNALING	ENSMUSG00000032508	MSigDB Hallmark v7.0 (human->mouse by symbol)	Myd88
MSIGDB_HALLMARK_IL6_JAK_STAT3_SIGNALING	ENSMUSG00000000532	MSigDB Hallmark v7.0 (human->mouse by symbol)	Acvr1b
MSIGDB_HALLMARK_IL6_JAK_STAT3_SIGNALING	ENSMUSG00000028859	MSigDB Hallmark v7.0 (human->mouse by symbol)	Csf3r
MSIGDB_HALLMARK_IL6_JAK_STAT3_SIGNALING	ENSMUSG00000020689	MSigDB Hallmark v7.0 (human->mouse by symbol)	Itgb3
MSIGDB_HALLMARK_IL6_JAK_STAT3_SIGNALING	ENSMUSG00000029380	MSigDB Hallmark v7.0 (human->mouse by symbol)	Cxcl1
MSIGDB_HALLMARK_IL6_JAK_STAT3_SIGNALING	ENSMUSG00000030111	MSigDB Hallmark v7.0 (human->mouse by symbol)	A2m
MSIGDB_HALLMARK_IL6_JAK_STAT3_SIGNALING	ENSMUSG00000059326	MSigDB Hallmark v7.0 (human->mouse by symbol)	Csf2ra
MSIGDB_HALLMARK_IL6_JAK_STAT3_SIGNALING	ENSMUSG00000023206	MSigDB Hallmark v7.0 (human->mouse by symbol)	Il15ra
MSIGDB_HALLMARK_IL6_JAK_STAT3_SIGNALING	ENSMUSG00000002325	MSigDB Hallmark v7.0 (human->mouse by symbol)	Irf9
MSIGDB_HALLMARK_IL6_JAK_STAT3_SIGNALING	ENSMUSG00000028019	MSigDB Hallmark v7.0 (human->mouse by symbol)	Pdgfc
MSIGDB_HALLMARK_IL6_JAK_STAT3_SIGNALING	ENSMUSG00000027944	MSigDB Hallmark v7.0 (human->mouse by symbol)	Hax1
MSIGDB_HALLMARK_IL6_JAK_STAT3_SIGNALING	ENSMUSG00000057789	MSigDB Hallmark v7.0 (human->mouse by symbol)	Bak1
MSIGDB_HALLMARK_IL6_JAK_STAT3_SIGNALING	ENSMUSG00000003206	MSigDB Hallmark v7.0 (human->mouse by symbol)	Ebi3
MSIGDB_HALLMARK_IL6_JAK_STAT3_SIGNALING	ENSMUSG00000047492	MSigDB Hallmark v7.0 (human->mouse by symbol)	Inhbe
MSIGDB_HALLMARK_IL6_JAK_STAT3_SIGNALING	ENSMUSG00000033467	MSigDB Hallmark v7.0 (human->mouse by symbol)	Crlf2
MSIGDB_HALLMARK_IL6_JAK_STAT3_SIGNALING	ENSMUSG00000028599	MSigDB Hallmark v7.0 (human->mouse by symbol)	Tnfrsf1b
MSIGDB_HALLMARK_IL6_JAK_STAT3_SIGNALING	ENSMUSG00000051439	MSigDB Hallmark v7.0 (human->mouse by symbol)	Cd14
MSIGDB_HALLMARK_IL6_JAK_STAT3_SIGNALING	ENSMUSG00000027540	MSigDB Hallmark v7.0 (human->mouse by symbol)	Ptpn1
MSIGDB_HALLMARK_IL6_JAK_STAT3_SIGNALING	ENSMUSG00000024539	MSigDB Hallmark v7.0 (human->mouse by symbol)	Ptpn2
MSIGDB_HALLMARK_IL6_JAK_STAT3_SIGNALING	ENSMUSG00000027398	MSigDB Hallmark v7.0 (human->mouse by symbol)	Il1b
MSIGDB_HALLMARK_IL6_JAK_STAT3_SIGNALING	ENSMUSG00000014599	MSigDB Hallmark v7.0 (human->mouse by symbol)	Csf1
MSIGDB_HALLMARK_IL6_JAK_STAT3_SIGNALING	ENSMUSG00000026070	MSigDB Hallmark v7.0 (human->mouse by symbol)	Il18r1
MSIGDB_HALLMARK_IL6_JAK_STAT3_SIGNALING	ENSMUSG00000024401	MSigDB Hallmark v7.0 (human->mouse by symbol)	Tnf
MSIGDB_HALLMARK_IL6_JAK_STAT3_SIGNALING	ENSMUSG00000029373	MSigDB Hallmark v7.0 (human->mouse by symbol)	Pf4
MSIGDB_HALLMARK_IL6_JAK_STAT3_SIGNALING	ENSMUSG00000023078	MSigDB Hallmark v7.0 (human->mouse by symbol)	Cxcl13
MSIGDB_HALLMARK_IL6_JAK_STAT3_SIGNALING	ENSMUSG00000024778	MSigDB Hallmark v7.0 (human->mouse by symbol)	Fas
MSIGDB_HALLMARK_IL6_JAK_STAT3_SIGNALING	ENSMUSG00000002897	MSigDB Hallmark v7.0 (human->mouse by symbol)	Il17ra
MSIGDB_HALLMARK_IL6_JAK_STAT3_SIGNALING	ENSMUSG00000034855	MSigDB Hallmark v7.0 (human->mouse by symbol)	Cxcl10
MSIGDB_HALLMARK_IL6_JAK_STAT3_SIGNALING	ENSMUSG00000020279	MSigDB Hallmark v7.0 (human->mouse by symbol)	Il9r
MSIGDB_HALLMARK_IL6_JAK_STAT3_SIGNALING	ENSMUSG00000055371	MSigDB Hallmark v7.0 (human->mouse by symbol)	Stam2
MSIGDB_HALLMARK_IL6_JAK_STAT3_SIGNALING	ENSMUSG00000023905	MSigDB Hallmark v7.0 (human->mouse by symbol)	Tnfrsf12a
MSIGDB_HALLMARK_IL6_JAK_STAT3_SIGNALING	ENSMUSG00000040033	MSigDB Hallmark v7.0 (human->mouse by symbol)	Stat2
MSIGDB_HALLMARK_IL6_JAK_STAT3_SIGNALING	ENSMUSG00000005413	MSigDB Hallmark v7.0 (human->mouse by symbol)	Hmox1
MSIGDB_HALLMARK_IL6_JAK_STAT3_SIGNALING	ENSMUSG00000057722	MSigDB Hallmark v7.0 (human->mouse by symbol)	Lepr
MSIGDB_HALLMARK_IL6_JAK_STAT3_SIGNALING	ENSMUSG00000034342	MSigDB Hallmark v7.0 (human->mouse by symbol)	Cbl
MSIGDB_HALLMARK_IL6_JAK_STAT3_SIGNALING	ENSMUSG00000030342	MSigDB Hallmark v7.0 (human->mouse by symbol)	Cd9
MSIGDB_HALLMARK_IL6_JAK_STAT3_SIGNALING	ENSMUSG00000029379	MSigDB Hallmark v7.0 (human->mouse by symbol)	Cxcl3
MSIGDB_HALLMARK_IL6_JAK_STAT3_SIGNALING	ENSMUSG00000002603	MSigDB Hallmark v7.0 (human->mouse by symbol)	Tgfb1
MSIGDB_HALLMARK_IL6_JAK_STAT3_SIGNALING	ENSMUSG00000024235	MSigDB Hallmark v7.0 (human->mouse by symbol)	Map3k8
MSIGDB_HALLMARK_IL6_JAK_STAT3_SIGNALING	ENSMUSG00000027009	MSigDB Hallmark v7.0 (human->mouse by symbol)	Itga4
MSIGDB_HALLMARK_IL6_JAK_STAT3_SIGNALING	ENSMUSG00000029084	MSigDB Hallmark v7.0 (human->mouse by symbol)	Cd38
MSIGDB_HALLMARK_IL6_JAK_STAT3_SIGNALING	ENSMUSG00000052684	MSigDB Hallmark v7.0 (human->mouse by symbol)	Jun
MSIGDB_HALLMARK_IL6_JAK_STAT3_SIGNALING	ENSMUSG00000038037	MSigDB Hallmark v7.0 (human->mouse by symbol)	Socs1
MSIGDB_HALLMARK_IL6_JAK_STAT3_SIGNALING	ENSMUSG00000000530	MSigDB Hallmark v7.0 (human->mouse by symbol)	Acvrl1
MSIGDB_HALLMARK_IL6_JAK_STAT3_SIGNALING	ENSMUSG00000024014	MSigDB Hallmark v7.0 (human->mouse by symbol)	Pim1
MSIGDB_HALLMARK_IL6_JAK_STAT3_SIGNALING	ENSMUSG00000023915	MSigDB Hallmark v7.0 (human->mouse by symbol)	Tnfrsf21
MSIGDB_HALLMARK_IL6_JAK_STAT3_SIGNALING	ENSMUSG00000020901	MSigDB Hallmark v7.0 (human->mouse by symbol)	Pik3r5
MSIGDB_HALLMARK_IL6_JAK_STAT3_SIGNALING	ENSMUSG00000059923	MSigDB Hallmark v7.0 (human->mouse by symbol)	Grb2
MSIGDB_HALLMARK_IL6_JAK_STAT3_SIGNALING	ENSMUSG00000018899	MSigDB Hallmark v7.0 (human->mouse by symbol)	Irf1
MSIGDB_HALLMARK_IL6_JAK_STAT3_SIGNALING	ENSMUSG00000025014	MSigDB Hallmark v7.0 (human->mouse by symbol)	Dntt
MSIGDB_HALLMARK_IL6_JAK_STAT3_SIGNALING	ENSMUSG00000018916	MSigDB Hallmark v7.0 (human->mouse by symbol)	Csf2
MSIGDB_HALLMARK_IL6_JAK_STAT3_SIGNALING	ENSMUSG00000026770	MSigDB Hallmark v7.0 (human->mouse by symbol)	Il2ra
MSIGDB_HALLMARK_IL6_JAK_STAT3_SIGNALING	ENSMUSG00000043733	MSigDB Hallmark v7.0 (human->mouse by symbol)	Ptpn11
MSIGDB_HALLMARK_IL6_JAK_STAT3_SIGNALING	ENSMUSG00000000791	MSigDB Hallmark v7.0 (human->mouse by symbol)	Il12rb1
MSIGDB_HALLMARK_IL6_JAK_STAT3_SIGNALING	ENSMUSG00000025804	MSigDB Hallmark v7.0 (human->mouse by symbol)	Ccr1
MSIGDB_HALLMARK_IL6_JAK_STAT3_SIGNALING	ENSMUSG00000028444	MSigDB Hallmark v7.0 (human->mouse by symbol)	Cntfr
MSIGDB_HALLMARK_IL6_JAK_STAT3_SIGNALING	ENSMUSG00000058908	MSigDB Hallmark v7.0 (human->mouse by symbol)	Pla2g2a
MSIGDB_HALLMARK_IL6_JAK_STAT3_SIGNALING	ENSMUSG00000029417	MSigDB Hallmark v7.0 (human->mouse by symbol)	Cxcl9
MSIGDB_HALLMARK_IL6_JAK_STAT3_SIGNALING	ENSMUSG00000005087	MSigDB Hallmark v7.0 (human->mouse by symbol)	Cd44
MSIGDB_HALLMARK_IL6_JAK_STAT3_SIGNALING	ENSMUSG00000040329	MSigDB Hallmark v7.0 (human->mouse by symbol)	Il7
MSIGDB_HALLMARK_IL6_JAK_STAT3_SIGNALING	ENSMUSG00000060183	MSigDB Hallmark v7.0 (human->mouse by symbol)	Cxcl11
MSIGDB_HALLMARK_IL6_JAK_STAT3_SIGNALING	ENSMUSG00000035373	MSigDB Hallmark v7.0 (human->mouse by symbol)	Ccl7
MSIGDB_HALLMARK_IL6_JAK_STAT3_SIGNALING	ENSMUSG00000024399	MSigDB Hallmark v7.0 (human->mouse by symbol)	Ltb
MSIGDB_HALLMARK_IL6_JAK_STAT3_SIGNALING	ENSMUSG00000015966	MSigDB Hallmark v7.0 (human->mouse by symbol)	Il17rb
MSIGDB_HALLMARK_IL6_JAK_STAT3_SIGNALING	ENSMUSG00000002944	MSigDB Hallmark v7.0 (human->mouse by symbol)	Cd36
MSIGDB_HALLMARK_APOPTOSIS	ENSMUSG00000031628	MSigDB Hallmark v7.0 (human->mouse by symbol)	Casp3
MSIGDB_HALLMARK_APOPTOSIS	ENSMUSG00000028914	MSigDB Hallmark v7.0 (human->mouse by symbol)	Casp9
MSIGDB_HALLMARK_APOPTOSIS	ENSMUSG00000028974	MSigDB Hallmark v7.0 (human->mouse by symbol)	Dffa
MSIGDB_HALLMARK_APOPTOSIS	ENSMUSG00000025076	MSigDB Hallmark v7.0 (human->mouse by symbol)	Casp7
MSIGDB_HALLMARK_APOPTOSIS	ENSMUSG00000026031	MSigDB Hallmark v7.0 (human->mouse by symbol)	Cflar
MSIGDB_HALLMARK_APOPTOSIS	ENSMUSG00000032000	MSigDB Hallmark v7.0 (human->mouse by symbol)	Birc3
MSIGDB_HALLMARK_APOPTOSIS	ENSMUSG00000024521	MSigDB Hallmark v7.0 (human->mouse by symbol)	Pmaip1
MSIGDB_HALLMARK_APOPTOSIS	ENSMUSG00000026029	MSigDB Hallmark v7.0 (human->mouse by symbol)	Casp8
MSIGDB_HALLMARK_APOPTOSIS	ENSMUSG00000052684	MSigDB Hallmark v7.0 (human->mouse by symbol)	Jun
MSIGDB_HALLMARK_APOPTOSIS	ENSMUSG00000027381	MSigDB Hallmark v7.0 (human->mouse by symbol)	Bcl2l11
MSIGDB_HALLMARK_APOPTOSIS	ENSMUSG00000038612	MSigDB Hallmark v7.0 (human->mouse by symbol)	Mcl1
MSIGDB_HALLMARK_APOPTOSIS	ENSMUSG00000027398	MSigDB Hallmark v7.0 (human->mouse by symbol)	Il1b
MSIGDB_HALLMARK_APOPTOSIS	ENSMUSG00000057738	MSigDB Hallmark v7.0 (human->mouse by symbol)	Sptan1
MSIGDB_HALLMARK_APOPTOSIS	ENSMUSG00000029433	MSigDB Hallmark v7.0 (human->mouse by symbol)	Diablo
MSIGDB_HALLMARK_APOPTOSIS	ENSMUSG00000003873	MSigDB Hallmark v7.0 (human->mouse by symbol)	Bax
MSIGDB_HALLMARK_APOPTOSIS	ENSMUSG00000016758	MSigDB Hallmark v7.0 (human->mouse by symbol)	Bik
MSIGDB_HALLMARK_APOPTOSIS	ENSMUSG00000027399	MSigDB Hallmark v7.0 (human->mouse by symbol)	Il1a
MSIGDB_HALLMARK_APOPTOSIS	ENSMUSG00000004446	MSigDB Hallmark v7.0 (human->mouse by symbol)	Bid
MSIGDB_HALLMARK_APOPTOSIS	ENSMUSG00000023067	MSigDB Hallmark v7.0 (human->mouse by symbol)	Cdkn1a
MSIGDB_HALLMARK_APOPTOSIS	ENSMUSG00000036390	MSigDB Hallmark v7.0 (human->mouse by symbol)	Gadd45a
MSIGDB_HALLMARK_APOPTOSIS	ENSMUSG00000025408	MSigDB Hallmark v7.0 (human->mouse by symbol)	Ddit3
MSIGDB_HALLMARK_APOPTOSIS	ENSMUSG00000003031	MSigDB Hallmark v7.0 (human->mouse by symbol)	Cdkn1b
MSIGDB_HALLMARK_APOPTOSIS	ENSMUSG00000024401	MSigDB Hallmark v7.0 (human->mouse by symbol)	Tnf
MSIGDB_HALLMARK_APOPTOSIS	ENSMUSG00000026879	MSigDB Hallmark v7.0 (human->mouse by symbol)	Gsn
MSIGDB_HALLMARK_APOPTOSIS	ENSMUSG00000039304	MSigDB Hallmark v7.0 (human->mouse by symbol)	Tnfsf10
MSIGDB_HALLMARK_APOPTOSIS	ENSMUSG00000027997	MSigDB Hallmark v7.0 (human->mouse by symbol)	Casp6
MSIGDB_HALLMARK_APOPTOSIS	ENSMUSG00000015837	MSigDB Hallmark v7.0 (human->mouse by symbol)	Sqstm1
MSIGDB_HALLMARK_APOPTOSIS	ENSMUSG00000033730	MSigDB Hallmark v7.0 (human->mouse by symbol)	Egr3
MSIGDB_HALLMARK_APOPTOSIS	ENSMUSG00000005087	MSigDB Hallmark v7.0 (human->mouse by symbol)	Cd44
MSIGDB_HALLMARK_APOPTOSIS	ENSMUSG00000024778	MSigDB Hallmark v7.0 (human->mouse by symbol)	Fas
MSIGDB_HALLMARK_APOPTOSIS	ENSMUSG00000039217	MSigDB Hallmark v7.0 (human->mouse by symbol)	Il18
MSIGDB_HALLMARK_APOPTOSIS	ENSMUSG00000023046	MSigDB Hallmark v7.0 (human->mouse by symbol)	Igfbp6
MSIGDB_HALLMARK_APOPTOSIS	ENSMUSG00000037202	MSigDB Hallmark v7.0 (human->mouse by symbol)	Prf1
MSIGDB_HALLMARK_APOPTOSIS	ENSMUSG00000039168	MSigDB Hallmark v7.0 (human->mouse by symbol)	Dap
MSIGDB_HALLMARK_APOPTOSIS	ENSMUSG00000070348	MSigDB Hallmark v7.0 (human->mouse by symbol)	Ccnd1
MSIGDB_HALLMARK_APOPTOSIS	ENSMUSG00000022863	MSigDB Hallmark v7.0 (human->mouse by symbol)	Btg3
MSIGDB_HALLMARK_APOPTOSIS	ENSMUSG00000048376	MSigDB Hallmark v7.0 (human->mouse by symbol)	F2r
MSIGDB_HALLMARK_APOPTOSIS	ENSMUSG00000023927	MSigDB Hallmark v7.0 (human->mouse by symbol)	Satb1
MSIGDB_HALLMARK_APOPTOSIS	ENSMUSG00000022051	MSigDB Hallmark v7.0 (human->mouse by symbol)	Bnip3l
MSIGDB_HALLMARK_APOPTOSIS	ENSMUSG00000033538	MSigDB Hallmark v7.0 (human->mouse by symbol)	Casp4
MSIGDB_HALLMARK_APOPTOSIS	ENSMUSG00000023905	MSigDB Hallmark v7.0 (human->mouse by symbol)	Tnfrsf12a
MSIGDB_HALLMARK_APOPTOSIS	ENSMUSG00000022521	MSigDB Hallmark v7.0 (human->mouse by symbol)	Crebbp
MSIGDB_HALLMARK_APOPTOSIS	ENSMUSG00000054364	MSigDB Hallmark v7.0 (human->mouse by symbol)	Rhob
MSIGDB_HALLMARK_APOPTOSIS	ENSMUSG00000018339	MSigDB Hallmark v7.0 (human->mouse by symbol)	Gpx3
MSIGDB_HALLMARK_APOPTOSIS	ENSMUSG00000024620	MSigDB Hallmark v7.0 (human->mouse by symbol)	Pdgfrb
MSIGDB_HALLMARK_APOPTOSIS	ENSMUSG00000041736	MSigDB Hallmark v7.0 (human->mouse by symbol)	Tspo
MSIGDB_HALLMARK_APOPTOSIS	ENSMUSG00000000184	MSigDB Hallmark v7.0 (human->mouse by symbol)	Ccnd2
MSIGDB_HALLMARK_APOPTOSIS	ENSMUSG00000025860	MSigDB Hallmark v7.0 (human->mouse by symbol)	Xiap
MSIGDB_HALLMARK_APOPTOSIS	ENSMUSG00000001131	MSigDB Hallmark v7.0 (human->mouse by symbol)	Timp1
MSIGDB_HALLMARK_APOPTOSIS	ENSMUSG00000006932	MSigDB Hallmark v7.0 (human->mouse by symbol)	Ctnnb1
MSIGDB_HALLMARK_APOPTOSIS	ENSMUSG00000018899	MSigDB Hallmark v7.0 (human->mouse by symbol)	Irf1
MSIGDB_HALLMARK_APOPTOSIS	ENSMUSG00000004951	MSigDB Hallmark v7.0 (human->mouse by symbol)	Hspb1
MSIGDB_HALLMARK_APOPTOSIS	ENSMUSG00000029106	MSigDB Hallmark v7.0 (human->mouse by symbol)	Add1
MSIGDB_HALLMARK_APOPTOSIS	ENSMUSG00000017466	MSigDB Hallmark v7.0 (human->mouse by symbol)	Timp2
MSIGDB_HALLMARK_APOPTOSIS	ENSMUSG00000020423	MSigDB Hallmark v7.0 (human->mouse by symbol)	Btg2
MSIGDB_HALLMARK_APOPTOSIS	ENSMUSG00000020044	MSigDB Hallmark v7.0 (human->mouse by symbol)	Timp3
MSIGDB_HALLMARK_APOPTOSIS	ENSMUSG00000027985	MSigDB Hallmark v7.0 (human->mouse by symbol)	Lef1
MSIGDB_HALLMARK_APOPTOSIS	ENSMUSG00000025888	MSigDB Hallmark v7.0 (human->mouse by symbol)	Casp1
MSIGDB_HALLMARK_APOPTOSIS	ENSMUSG00000063856	MSigDB Hallmark v7.0 (human->mouse by symbol)	Gpx1
MSIGDB_HALLMARK_APOPTOSIS	ENSMUSG00000028191	MSigDB Hallmark v7.0 (human->mouse by symbol)	Bcl10
MSIGDB_HALLMARK_APOPTOSIS	ENSMUSG00000023830	MSigDB Hallmark v7.0 (human->mouse by symbol)	Igf2r
MSIGDB_HALLMARK_APOPTOSIS	ENSMUSG00000027330	MSigDB Hallmark v7.0 (human->mouse by symbol)	Cdc25b
MSIGDB_HALLMARK_APOPTOSIS	ENSMUSG00000022763	MSigDB Hallmark v7.0 (human->mouse by symbol)	Aifm3
MSIGDB_HALLMARK_APOPTOSIS	ENSMUSG00000029084	MSigDB Hallmark v7.0 (human->mouse by symbol)	Cd38
MSIGDB_HALLMARK_APOPTOSIS	ENSMUSG00000033953	MSigDB Hallmark v7.0 (human->mouse by symbol)	Ppp3r1
MSIGDB_HALLMARK_APOPTOSIS	ENSMUSG00000028864	MSigDB Hallmark v7.0 (human->mouse by symbol)	Hgf
MSIGDB_HALLMARK_APOPTOSIS	ENSMUSG00000022037	MSigDB Hallmark v7.0 (human->mouse by symbol)	Clu
MSIGDB_HALLMARK_APOPTOSIS	ENSMUSG00000026628	MSigDB Hallmark v7.0 (human->mouse by symbol)	Atf3
MSIGDB_HALLMARK_APOPTOSIS	ENSMUSG00000050335	MSigDB Hallmark v7.0 (human->mouse by symbol)	Lgals3
MSIGDB_HALLMARK_APOPTOSIS	ENSMUSG00000036446	MSigDB Hallmark v7.0 (human->mouse by symbol)	Lum
MSIGDB_HALLMARK_APOPTOSIS	ENSMUSG00000028063	MSigDB Hallmark v7.0 (human->mouse by symbol)	Lmna
MSIGDB_HALLMARK_APOPTOSIS	ENSMUSG00000015312	MSigDB Hallmark v7.0 (human->mouse by symbol)	Gadd45b
MSIGDB_HALLMARK_APOPTOSIS	ENSMUSG00000025358	MSigDB Hallmark v7.0 (human->mouse by symbol)	Cdk2
MSIGDB_HALLMARK_APOPTOSIS	ENSMUSG00000048806	MSigDB Hallmark v7.0 (human->mouse by symbol)	Ifnb1
MSIGDB_HALLMARK_APOPTOSIS	ENSMUSG00000056666	MSigDB Hallmark v7.0 (human->mouse by symbol)	Retsat
MSIGDB_HALLMARK_APOPTOSIS	ENSMUSG00000025880	MSigDB Hallmark v7.0 (human->mouse by symbol)	Smad7
MSIGDB_HALLMARK_APOPTOSIS	ENSMUSG00000022982	MSigDB Hallmark v7.0 (human->mouse by symbol)	Sod1
MSIGDB_HALLMARK_APOPTOSIS	ENSMUSG00000022607	MSigDB Hallmark v7.0 (human->mouse by symbol)	Ptk2
MSIGDB_HALLMARK_APOPTOSIS	ENSMUSG00000004267	MSigDB Hallmark v7.0 (human->mouse by symbol)	Eno2
MSIGDB_HALLMARK_APOPTOSIS	ENSMUSG00000005413	MSigDB Hallmark v7.0 (human->mouse by symbol)	Hmox1
MSIGDB_HALLMARK_APOPTOSIS	ENSMUSG00000003541	MSigDB Hallmark v7.0 (human->mouse by symbol)	Ier3
MSIGDB_HALLMARK_APOPTOSIS	ENSMUSG00000032191	MSigDB Hallmark v7.0 (human->mouse by symbol)	Bcl2l10
MSIGDB_HALLMARK_APOPTOSIS	ENSMUSG00000027863	MSigDB Hallmark v7.0 (human->mouse by symbol)	Cd2
MSIGDB_HALLMARK_APOPTOSIS	ENSMUSG00000037580	MSigDB Hallmark v7.0 (human->mouse by symbol)	Gch1
MSIGDB_HALLMARK_APOPTOSIS	ENSMUSG00000031740	MSigDB Hallmark v7.0 (human->mouse by symbol)	Mmp2
MSIGDB_HALLMARK_APOPTOSIS	ENSMUSG00000021771	MSigDB Hallmark v7.0 (human->mouse by symbol)	Vdac2
MSIGDB_HALLMARK_APOPTOSIS	ENSMUSG00000037321	MSigDB Hallmark v7.0 (human->mouse by symbol)	Tap1
MSIGDB_HALLMARK_APOPTOSIS	ENSMUSG00000031538	MSigDB Hallmark v7.0 (human->mouse by symbol)	Plat
MSIGDB_HALLMARK_APOPTOSIS	ENSMUSG00000020009	MSigDB Hallmark v7.0 (human->mouse by symbol)	Ifngr1
MSIGDB_HALLMARK_APOPTOSIS	ENSMUSG00000022892	MSigDB Hallmark v7.0 (human->mouse by symbol)	App
MSIGDB_HALLMARK_APOPTOSIS	ENSMUSG00000017146	MSigDB Hallmark v7.0 (human->mouse by symbol)	Brca1
MSIGDB_HALLMARK_APOPTOSIS	ENSMUSG00000024290	MSigDB Hallmark v7.0 (human->mouse by symbol)	Rock1
MSIGDB_HALLMARK_APOPTOSIS	ENSMUSG00000019969	MSigDB Hallmark v7.0 (human->mouse by symbol)	Psen1
MSIGDB_HALLMARK_APOPTOSIS	ENSMUSG00000019929	MSigDB Hallmark v7.0 (human->mouse by symbol)	Dcn
MSIGDB_HALLMARK_APOPTOSIS	ENSMUSG00000010609	MSigDB Hallmark v7.0 (human->mouse by symbol)	Psen2
MSIGDB_HALLMARK_APOPTOSIS	ENSMUSG00000006818	MSigDB Hallmark v7.0 (human->mouse by symbol)	Sod2
MSIGDB_HALLMARK_APOPTOSIS	ENSMUSG00000040093	MSigDB Hallmark v7.0 (human->mouse by symbol)	Bmf
MSIGDB_HALLMARK_APOPTOSIS	ENSMUSG00000029377	MSigDB Hallmark v7.0 (human->mouse by symbol)	Ereg
MSIGDB_HALLMARK_APOPTOSIS	ENSMUSG00000023043	MSigDB Hallmark v7.0 (human->mouse by symbol)	Krt18
MSIGDB_HALLMARK_APOPTOSIS	ENSMUSG00000039239	MSigDB Hallmark v7.0 (human->mouse by symbol)	Tgfb2
MSIGDB_HALLMARK_APOPTOSIS	ENSMUSG00000024927	MSigDB Hallmark v7.0 (human->mouse by symbol)	Rela
MSIGDB_HALLMARK_APOPTOSIS	ENSMUSG00000031016	MSigDB Hallmark v7.0 (human->mouse by symbol)	Wee1
MSIGDB_HALLMARK_APOPTOSIS	ENSMUSG00000037992	MSigDB Hallmark v7.0 (human->mouse by symbol)	Rara
MSIGDB_HALLMARK_APOPTOSIS	ENSMUSG00000051439	MSigDB Hallmark v7.0 (human->mouse by symbol)	Cd14
MSIGDB_HALLMARK_APOPTOSIS	ENSMUSG00000030156	MSigDB Hallmark v7.0 (human->mouse by symbol)	Cd69
MSIGDB_HALLMARK_APOPTOSIS	ENSMUSG00000022136	MSigDB Hallmark v7.0 (human->mouse by symbol)	Dnajc3
MSIGDB_HALLMARK_APOPTOSIS	ENSMUSG00000029863	MSigDB Hallmark v7.0 (human->mouse by symbol)	Casp2
MSIGDB_HALLMARK_APOPTOSIS	ENSMUSG00000028179	MSigDB Hallmark v7.0 (human->mouse by symbol)	Cth
MSIGDB_HALLMARK_APOPTOSIS	ENSMUSG00000040061	MSigDB Hallmark v7.0 (human->mouse by symbol)	Plcb2
MSIGDB_HALLMARK_APOPTOSIS	ENSMUSG00000027358	MSigDB Hallmark v7.0 (human->mouse by symbol)	Bmp2
MSIGDB_HALLMARK_APOPTOSIS	ENSMUSG00000054717	MSigDB Hallmark v7.0 (human->mouse by symbol)	Hmgb2
MSIGDB_HALLMARK_APOPTOSIS	ENSMUSG00000044667	MSigDB Hallmark v7.0 (human->mouse by symbol)	Plppr4
MSIGDB_HALLMARK_APOPTOSIS	ENSMUSG00000096210	MSigDB Hallmark v7.0 (human->mouse by symbol)	H1f0
MSIGDB_HALLMARK_APOPTOSIS	ENSMUSG00000029287	MSigDB Hallmark v7.0 (human->mouse by symbol)	Tgfbr3
MSIGDB_HALLMARK_APOPTOSIS	ENSMUSG00000031168	MSigDB Hallmark v7.0 (human->mouse by symbol)	Ebp
MSIGDB_HALLMARK_APOPTOSIS	ENSMUSG00000038393	MSigDB Hallmark v7.0 (human->mouse by symbol)	Txnip
MSIGDB_HALLMARK_APOPTOSIS	ENSMUSG00000025733	MSigDB Hallmark v7.0 (human->mouse by symbol)	Rhot2
MSIGDB_HALLMARK_APOPTOSIS	ENSMUSG00000036712	MSigDB Hallmark v7.0 (human->mouse by symbol)	Cyld
MSIGDB_HALLMARK_APOPTOSIS	ENSMUSG00000058135	MSigDB Hallmark v7.0 (human->mouse by symbol)	Gstm1
MSIGDB_HALLMARK_APOPTOSIS	ENSMUSG00000031584	MSigDB Hallmark v7.0 (human->mouse by symbol)	Gsr
MSIGDB_HALLMARK_APOPTOSIS	ENSMUSG00000031375	MSigDB Hallmark v7.0 (human->mouse by symbol)	Bgn
MSIGDB_HALLMARK_APOPTOSIS	ENSMUSG00000007659	MSigDB Hallmark v7.0 (human->mouse by symbol)	Bcl2l1
MSIGDB_HALLMARK_APOPTOSIS	ENSMUSG00000034792	MSigDB Hallmark v7.0 (human->mouse by symbol)	Gna15
MSIGDB_HALLMARK_APOPTOSIS	ENSMUSG00000054612	MSigDB Hallmark v7.0 (human->mouse by symbol)	Mgmt
MSIGDB_HALLMARK_APOPTOSIS	ENSMUSG00000028657	MSigDB Hallmark v7.0 (human->mouse by symbol)	Ppt1
MSIGDB_HALLMARK_APOPTOSIS	ENSMUSG00000027249	MSigDB Hallmark v7.0 (human->mouse by symbol)	F2
MSIGDB_HALLMARK_APOPTOSIS	ENSMUSG00000025746	MSigDB Hallmark v7.0 (human->mouse by symbol)	Il6
MSIGDB_HALLMARK_APOPTOSIS	ENSMUSG00000032018	MSigDB Hallmark v7.0 (human->mouse by symbol)	Sc5d
MSIGDB_HALLMARK_APOPTOSIS	ENSMUSG00000025492	MSigDB Hallmark v7.0 (human->mouse by symbol)	Ifitm3
MSIGDB_HALLMARK_APOPTOSIS	ENSMUSG00000066800	MSigDB Hallmark v7.0 (human->mouse by symbol)	Rnasel
MSIGDB_HALLMARK_APOPTOSIS	ENSMUSG00000030208	MSigDB Hallmark v7.0 (human->mouse by symbol)	Emp1
MSIGDB_HALLMARK_APOPTOSIS	ENSMUSG00000007655	MSigDB Hallmark v7.0 (human->mouse by symbol)	Cav1
MSIGDB_HALLMARK_APOPTOSIS	ENSMUSG00000022789	MSigDB Hallmark v7.0 (human->mouse by symbol)	Dnm1l
MSIGDB_HALLMARK_APOPTOSIS	ENSMUSG00000024659	MSigDB Hallmark v7.0 (human->mouse by symbol)	Anxa1
MSIGDB_HALLMARK_APOPTOSIS	ENSMUSG00000020914	MSigDB Hallmark v7.0 (human->mouse by symbol)	Top2a
MSIGDB_HALLMARK_APOPTOSIS	ENSMUSG00000039236	MSigDB Hallmark v7.0 (human->mouse by symbol)	Isg20
MSIGDB_HALLMARK_APOPTOSIS	ENSMUSG00000027397	MSigDB Hallmark v7.0 (human->mouse by symbol)	Slc20a1
MSIGDB_HALLMARK_APOPTOSIS	ENSMUSG00000040687	MSigDB Hallmark v7.0 (human->mouse by symbol)	Madd
MSIGDB_HALLMARK_APOPTOSIS	ENSMUSG00000024777	MSigDB Hallmark v7.0 (human->mouse by symbol)	Ppp2r5b
MSIGDB_HALLMARK_APOPTOSIS	ENSMUSG00000002015	MSigDB Hallmark v7.0 (human->mouse by symbol)	Bcap31
MSIGDB_HALLMARK_APOPTOSIS	ENSMUSG00000018166	MSigDB Hallmark v7.0 (human->mouse by symbol)	Erbb3
MSIGDB_HALLMARK_APOPTOSIS	ENSMUSG00000021365	MSigDB Hallmark v7.0 (human->mouse by symbol)	Nedd9
MSIGDB_HALLMARK_APOPTOSIS	ENSMUSG00000025283	MSigDB Hallmark v7.0 (human->mouse by symbol)	Sat1
MSIGDB_HALLMARK_APOPTOSIS	ENSMUSG00000024975	MSigDB Hallmark v7.0 (human->mouse by symbol)	Pdcd4
MSIGDB_HALLMARK_APOPTOSIS	ENSMUSG00000089682	MSigDB Hallmark v7.0 (human->mouse by symbol)	Bcl2l2
MSIGDB_HALLMARK_APOPTOSIS	ENSMUSG00000032118	MSigDB Hallmark v7.0 (human->mouse by symbol)	Fez1
MSIGDB_HALLMARK_APOPTOSIS	ENSMUSG00000062312	MSigDB Hallmark v7.0 (human->mouse by symbol)	Erbb2
MSIGDB_HALLMARK_APOPTOSIS	ENSMUSG00000028410	MSigDB Hallmark v7.0 (human->mouse by symbol)	Dnaja1
MSIGDB_HALLMARK_APOPTOSIS	ENSMUSG00000068921	MSigDB Hallmark v7.0 (human->mouse by symbol)	Dap3
MSIGDB_HALLMARK_APOPTOSIS	ENSMUSG00000033308	MSigDB Hallmark v7.0 (human->mouse by symbol)	Dpyd
MSIGDB_HALLMARK_APOPTOSIS	ENSMUSG00000020396	MSigDB Hallmark v7.0 (human->mouse by symbol)	Nefh
MSIGDB_HALLMARK_APOPTOSIS	ENSMUSG00000030774	MSigDB Hallmark v7.0 (human->mouse by symbol)	Pak1
MSIGDB_HALLMARK_APOPTOSIS	ENSMUSG00000018861	MSigDB Hallmark v7.0 (human->mouse by symbol)	Fdxr
MSIGDB_HALLMARK_APOPTOSIS	ENSMUSG00000075706	MSigDB Hallmark v7.0 (human->mouse by symbol)	Gpx4
MSIGDB_HALLMARK_APOPTOSIS	ENSMUSG00000024360	MSigDB Hallmark v7.0 (human->mouse by symbol)	Etf1
MSIGDB_HALLMARK_APOPTOSIS	ENSMUSG00000027793	MSigDB Hallmark v7.0 (human->mouse by symbol)	Ccna1
MSIGDB_HALLMARK_APOPTOSIS	ENSMUSG00000074003	MSigDB Hallmark v7.0 (human->mouse by symbol)	Gucy2d
MSIGDB_HALLMARK_APOPTOSIS	ENSMUSG00000020123	MSigDB Hallmark v7.0 (human->mouse by symbol)	Avpr1a
MSIGDB_HALLMARK_INTERFERON_ALPHA_RESPONSE	ENSMUSG00000000386	MSigDB Hallmark v7.0 (human->mouse by symbol)	Mx1
MSIGDB_HALLMARK_INTERFERON_ALPHA_RESPONSE	ENSMUSG00000035692	MSigDB Hallmark v7.0 (human->mouse by symbol)	Isg15
MSIGDB_HALLMARK_INTERFERON_ALPHA_RESPONSE	ENSMUSG00000074896	MSigDB Hallmark v7.0 (human->mouse by symbol)	Ifit3
MSIGDB_HALLMARK_INTERFERON_ALPHA_RESPONSE	ENSMUSG00000028037	MSigDB Hallmark v7.0 (human->mouse by symbol)	Ifi44
MSIGDB_HALLMARK_INTERFERON_ALPHA_RESPONSE	ENSMUSG00000010358	MSigDB Hallmark v7.0 (human->mouse by symbol)	Ifi35
MSIGDB_HALLMARK_INTERFERON_ALPHA_RESPONSE	ENSMUSG00000025498	MSigDB Hallmark v7.0 (human->mouse by symbol)	Irf7
MSIGDB_HALLMARK_INTERFERON_ALPHA_RESPONSE	ENSMUSG00000020641	MSigDB Hallmark v7.0 (human->mouse by symbol)	Rsad2
MSIGDB_HALLMARK_INTERFERON_ALPHA_RESPONSE	ENSMUSG00000039146	MSigDB Hallmark v7.0 (human->mouse by symbol)	Ifi44l
MSIGDB_HALLMARK_INTERFERON_ALPHA_RESPONSE	ENSMUSG00000025491	MSigDB Hallmark v7.0 (human->mouse by symbol)	Ifitm1
MSIGDB_HALLMARK_INTERFERON_ALPHA_RESPONSE	ENSMUSG00000064215	MSigDB Hallmark v7.0 (human->mouse by symbol)	Ifi27
MSIGDB_HALLMARK_INTERFERON_ALPHA_RESPONSE	ENSMUSG00000002325	MSigDB Hallmark v7.0 (human->mouse by symbol)	Irf9
MSIGDB_HALLMARK_INTERFERON_ALPHA_RESPONSE	ENSMUSG00000024079	MSigDB Hallmark v7.0 (human->mouse by symbol)	Eif2ak2
MSIGDB_HALLMARK_INTERFERON_ALPHA_RESPONSE	ENSMUSG00000045932	MSigDB Hallmark v7.0 (human->mouse by symbol)	Ifit2
MSIGDB_HALLMARK_INTERFERON_ALPHA_RESPONSE	ENSMUSG00000034855	MSigDB Hallmark v7.0 (human->mouse by symbol)	Cxcl10
MSIGDB_HALLMARK_INTERFERON_ALPHA_RESPONSE	ENSMUSG00000037321	MSigDB Hallmark v7.0 (human->mouse by symbol)	Tap1
MSIGDB_HALLMARK_INTERFERON_ALPHA_RESPONSE	ENSMUSG00000070034	MSigDB Hallmark v7.0 (human->mouse by symbol)	Sp110
MSIGDB_HALLMARK_INTERFERON_ALPHA_RESPONSE	ENSMUSG00000037921	MSigDB Hallmark v7.0 (human->mouse by symbol)	Ddx60
MSIGDB_HALLMARK_INTERFERON_ALPHA_RESPONSE	ENSMUSG00000027078	MSigDB Hallmark v7.0 (human->mouse by symbol)	Ube2l6
MSIGDB_HALLMARK_INTERFERON_ALPHA_RESPONSE	ENSMUSG00000030107	MSigDB Hallmark v7.0 (human->mouse by symbol)	Usp18
MSIGDB_HALLMARK_INTERFERON_ALPHA_RESPONSE	ENSMUSG00000024338	MSigDB Hallmark v7.0 (human->mouse by symbol)	Psmb8
MSIGDB_HALLMARK_INTERFERON_ALPHA_RESPONSE	ENSMUSG00000026896	MSigDB Hallmark v7.0 (human->mouse by symbol)	Ifih1
MSIGDB_HALLMARK_INTERFERON_ALPHA_RESPONSE	ENSMUSG00000046718	MSigDB Hallmark v7.0 (human->mouse by symbol)	Bst2
MSIGDB_HALLMARK_INTERFERON_ALPHA_RESPONSE	ENSMUSG00000033880	MSigDB Hallmark v7.0 (human->mouse by symbol)	Lgals3bp
MSIGDB_HALLMARK_INTERFERON_ALPHA_RESPONSE	ENSMUSG00000027951	MSigDB Hallmark v7.0 (human->mouse by symbol)	Adar
MSIGDB_HALLMARK_INTERFERON_ALPHA_RESPONSE	ENSMUSG00000039236	MSigDB Hallmark v7.0 (human->mouse by symbol)	Isg20
MSIGDB_HALLMARK_INTERFERON_ALPHA_RESPONSE	ENSMUSG00000028270	MSigDB Hallmark v7.0 (human->mouse by symbol)	Gbp2
MSIGDB_HALLMARK_INTERFERON_ALPHA_RESPONSE	ENSMUSG00000018899	MSigDB Hallmark v7.0 (human->mouse by symbol)	Irf1
MSIGDB_HALLMARK_INTERFERON_ALPHA_RESPONSE	ENSMUSG00000032369	MSigDB Hallmark v7.0 (human->mouse by symbol)	Plscr1
MSIGDB_HALLMARK_INTERFERON_ALPHA_RESPONSE	ENSMUSG00000096727	MSigDB Hallmark v7.0 (human->mouse by symbol)	Psmb9
MSIGDB_HALLMARK_INTERFERON_ALPHA_RESPONSE	ENSMUSG00000029798	MSigDB Hallmark v7.0 (human->mouse by symbol)	Herc6
MSIGDB_HALLMARK_INTERFERON_ALPHA_RESPONSE	ENSMUSG00000020638	MSigDB Hallmark v7.0 (human->mouse by symbol)	Cmpk2
MSIGDB_HALLMARK_INTERFERON_ALPHA_RESPONSE	ENSMUSG00000025492	MSigDB Hallmark v7.0 (human->mouse by symbol)	Ifitm3
MSIGDB_HALLMARK_INTERFERON_ALPHA_RESPONSE	ENSMUSG00000033355	MSigDB Hallmark v7.0 (human->mouse by symbol)	Rtp4
MSIGDB_HALLMARK_INTERFERON_ALPHA_RESPONSE	ENSMUSG00000040033	MSigDB Hallmark v7.0 (human->mouse by symbol)	Stat2
MSIGDB_HALLMARK_INTERFERON_ALPHA_RESPONSE	ENSMUSG00000047735	MSigDB Hallmark v7.0 (human->mouse by symbol)	Samd9l
MSIGDB_HALLMARK_INTERFERON_ALPHA_RESPONSE	ENSMUSG00000022587	MSigDB Hallmark v7.0 (human->mouse by symbol)	Ly6e
MSIGDB_HALLMARK_INTERFERON_ALPHA_RESPONSE	ENSMUSG00000060591	MSigDB Hallmark v7.0 (human->mouse by symbol)	Ifitm2
MSIGDB_HALLMARK_INTERFERON_ALPHA_RESPONSE	ENSMUSG00000027580	MSigDB Hallmark v7.0 (human->mouse by symbol)	Helz2
MSIGDB_HALLMARK_INTERFERON_ALPHA_RESPONSE	ENSMUSG00000060183	MSigDB Hallmark v7.0 (human->mouse by symbol)	Cxcl11
MSIGDB_HALLMARK_INTERFERON_ALPHA_RESPONSE	ENSMUSG00000030966	MSigDB Hallmark v7.0 (human->mouse by symbol)	Trim21
MSIGDB_HALLMARK_INTERFERON_ALPHA_RESPONSE	ENSMUSG00000034422	MSigDB Hallmark v7.0 (human->mouse by symbol)	Parp14
MSIGDB_HALLMARK_INTERFERON_ALPHA_RESPONSE	ENSMUSG00000024457	MSigDB Hallmark v7.0 (human->mouse by symbol)	Trim26
MSIGDB_HALLMARK_INTERFERON_ALPHA_RESPONSE	ENSMUSG00000038507	MSigDB Hallmark v7.0 (human->mouse by symbol)	Parp12
MSIGDB_HALLMARK_INTERFERON_ALPHA_RESPONSE	ENSMUSG00000026946	MSigDB Hallmark v7.0 (human->mouse by symbol)	Nmi
MSIGDB_HALLMARK_INTERFERON_ALPHA_RESPONSE	ENSMUSG00000047098	MSigDB Hallmark v7.0 (human->mouse by symbol)	Rnf31
MSIGDB_HALLMARK_INTERFERON_ALPHA_RESPONSE	ENSMUSG00000025888	MSigDB Hallmark v7.0 (human->mouse by symbol)	Casp1
MSIGDB_HALLMARK_INTERFERON_ALPHA_RESPONSE	ENSMUSG00000039853	MSigDB Hallmark v7.0 (human->mouse by symbol)	Trim14
MSIGDB_HALLMARK_INTERFERON_ALPHA_RESPONSE	ENSMUSG00000035517	MSigDB Hallmark v7.0 (human->mouse by symbol)	Tdrd7
MSIGDB_HALLMARK_INTERFERON_ALPHA_RESPONSE	ENSMUSG00000017830	MSigDB Hallmark v7.0 (human->mouse by symbol)	Dhx58
MSIGDB_HALLMARK_INTERFERON_ALPHA_RESPONSE	ENSMUSG00000022906	MSigDB Hallmark v7.0 (human->mouse by symbol)	Parp9
MSIGDB_HALLMARK_INTERFERON_ALPHA_RESPONSE	ENSMUSG00000020464	MSigDB Hallmark v7.0 (human->mouse by symbol)	Pnpt1
MSIGDB_HALLMARK_INTERFERON_ALPHA_RESPONSE	ENSMUSG00000000275	MSigDB Hallmark v7.0 (human->mouse by symbol)	Trim25
MSIGDB_HALLMARK_INTERFERON_ALPHA_RESPONSE	ENSMUSG00000022216	MSigDB Hallmark v7.0 (human->mouse by symbol)	Psme1
MSIGDB_HALLMARK_INTERFERON_ALPHA_RESPONSE	ENSMUSG00000022014	MSigDB Hallmark v7.0 (human->mouse by symbol)	Epsti1
MSIGDB_HALLMARK_INTERFERON_ALPHA_RESPONSE	ENSMUSG00000032596	MSigDB Hallmark v7.0 (human->mouse by symbol)	Uba7
MSIGDB_HALLMARK_INTERFERON_ALPHA_RESPONSE	ENSMUSG00000079197	MSigDB Hallmark v7.0 (human->mouse by symbol)	Psme2
MSIGDB_HALLMARK_INTERFERON_ALPHA_RESPONSE	ENSMUSG00000060802	MSigDB Hallmark v7.0 (human->mouse by symbol)	B2m
MSIGDB_HALLMARK_INTERFERON_ALPHA_RESPONSE	ENSMUSG00000060441	MSigDB Hallmark v7.0 (human->mouse by symbol)	Trim5
MSIGDB_HALLMARK_INTERFERON_ALPHA_RESPONSE	ENSMUSG00000039682	MSigDB Hallmark v7.0 (human->mouse by symbol)	Lap3
MSIGDB_HALLMARK_INTERFERON_ALPHA_RESPONSE	ENSMUSG00000041247	MSigDB Hallmark v7.0 (human->mouse by symbol)	Lamp3
MSIGDB_HALLMARK_INTERFERON_ALPHA_RESPONSE	ENSMUSG00000079363	MSigDB Hallmark v7.0 (human->mouse by symbol)	Gbp4
MSIGDB_HALLMARK_INTERFERON_ALPHA_RESPONSE	ENSMUSG00000039697	MSigDB Hallmark v7.0 (human->mouse by symbol)	Ncoa7
MSIGDB_HALLMARK_INTERFERON_ALPHA_RESPONSE	ENSMUSG00000057137	MSigDB Hallmark v7.0 (human->mouse by symbol)	Tmem140
MSIGDB_HALLMARK_INTERFERON_ALPHA_RESPONSE	ENSMUSG00000024610	MSigDB Hallmark v7.0 (human->mouse by symbol)	Cd74
MSIGDB_HALLMARK_INTERFERON_ALPHA_RESPONSE	ENSMUSG00000000253	MSigDB Hallmark v7.0 (human->mouse by symbol)	Gmpr
MSIGDB_HALLMARK_INTERFERON_ALPHA_RESPONSE	ENSMUSG00000060073	MSigDB Hallmark v7.0 (human->mouse by symbol)	Psma3
MSIGDB_HALLMARK_INTERFERON_ALPHA_RESPONSE	ENSMUSG00000027611	MSigDB Hallmark v7.0 (human->mouse by symbol)	Procr
MSIGDB_HALLMARK_INTERFERON_ALPHA_RESPONSE	ENSMUSG00000040329	MSigDB Hallmark v7.0 (human->mouse by symbol)	Il7
MSIGDB_HALLMARK_INTERFERON_ALPHA_RESPONSE	ENSMUSG00000031838	MSigDB Hallmark v7.0 (human->mouse by symbol)	Ifi30
MSIGDB_HALLMARK_INTERFERON_ALPHA_RESPONSE	ENSMUSG00000031627	MSigDB Hallmark v7.0 (human->mouse by symbol)	Irf2
MSIGDB_HALLMARK_INTERFERON_ALPHA_RESPONSE	ENSMUSG00000014599	MSigDB Hallmark v7.0 (human->mouse by symbol)	Csf1
MSIGDB_HALLMARK_INTERFERON_ALPHA_RESPONSE	ENSMUSG00000031712	MSigDB Hallmark v7.0 (human->mouse by symbol)	Il15
MSIGDB_HALLMARK_INTERFERON_ALPHA_RESPONSE	ENSMUSG00000006782	MSigDB Hallmark v7.0 (human->mouse by symbol)	Cnp
MSIGDB_HALLMARK_INTERFERON_ALPHA_RESPONSE	ENSMUSG00000032265	MSigDB Hallmark v7.0 (human->mouse by symbol)	Tent5a
MSIGDB_HALLMARK_INTERFERON_ALPHA_RESPONSE	ENSMUSG00000024019	MSigDB Hallmark v7.0 (human->mouse by symbol)	Cmtr1
MSIGDB_HALLMARK_INTERFERON_ALPHA_RESPONSE	ENSMUSG00000055447	MSigDB Hallmark v7.0 (human->mouse by symbol)	Cd47
MSIGDB_HALLMARK_INTERFERON_ALPHA_RESPONSE	ENSMUSG00000033446	MSigDB Hallmark v7.0 (human->mouse by symbol)	Lpar6
MSIGDB_HALLMARK_INTERFERON_ALPHA_RESPONSE	ENSMUSG00000002227	MSigDB Hallmark v7.0 (human->mouse by symbol)	Mov10
MSIGDB_HALLMARK_INTERFERON_ALPHA_RESPONSE	ENSMUSG00000026029	MSigDB Hallmark v7.0 (human->mouse by symbol)	Casp8
MSIGDB_HALLMARK_INTERFERON_ALPHA_RESPONSE	ENSMUSG00000038393	MSigDB Hallmark v7.0 (human->mouse by symbol)	Txnip
MSIGDB_HALLMARK_INTERFERON_ALPHA_RESPONSE	ENSMUSG00000040414	MSigDB Hallmark v7.0 (human->mouse by symbol)	Slc25a28
MSIGDB_HALLMARK_INTERFERON_ALPHA_RESPONSE	ENSMUSG00000026581	MSigDB Hallmark v7.0 (human->mouse by symbol)	Sell
MSIGDB_HALLMARK_INTERFERON_ALPHA_RESPONSE	ENSMUSG00000042726	MSigDB Hallmark v7.0 (human->mouse by symbol)	Trafd1
MSIGDB_HALLMARK_INTERFERON_ALPHA_RESPONSE	ENSMUSG00000039699	MSigDB Hallmark v7.0 (human->mouse by symbol)	Batf2
MSIGDB_HALLMARK_INTERFERON_ALPHA_RESPONSE	ENSMUSG00000041135	MSigDB Hallmark v7.0 (human->mouse by symbol)	Ripk2
MSIGDB_HALLMARK_INTERFERON_ALPHA_RESPONSE	ENSMUSG00000043953	MSigDB Hallmark v7.0 (human->mouse by symbol)	Ccrl2
MSIGDB_HALLMARK_INTERFERON_ALPHA_RESPONSE	ENSMUSG00000028954	MSigDB Hallmark v7.0 (human->mouse by symbol)	Nub1
MSIGDB_HALLMARK_INTERFERON_ALPHA_RESPONSE	ENSMUSG00000049401	MSigDB Hallmark v7.0 (human->mouse by symbol)	Ogfr
MSIGDB_HALLMARK_INTERFERON_ALPHA_RESPONSE	ENSMUSG00000031813	MSigDB Hallmark v7.0 (human->mouse by symbol)	Mvb12a
MSIGDB_HALLMARK_INTERFERON_ALPHA_RESPONSE	ENSMUSG00000036461	MSigDB Hallmark v7.0 (human->mouse by symbol)	Elf1
MSIGDB_HALLMARK_INTERFERON_GAMMA_RESPONSE	ENSMUSG00000026104	MSigDB Hallmark v7.0 (human->mouse by symbol)	Stat1
MSIGDB_HALLMARK_INTERFERON_GAMMA_RESPONSE	ENSMUSG00000035692	MSigDB Hallmark v7.0 (human->mouse by symbol)	Isg15
MSIGDB_HALLMARK_INTERFERON_GAMMA_RESPONSE	ENSMUSG00000034459	MSigDB Hallmark v7.0 (human->mouse by symbol)	Ifit1
MSIGDB_HALLMARK_INTERFERON_GAMMA_RESPONSE	ENSMUSG00000000386	MSigDB Hallmark v7.0 (human->mouse by symbol)	Mx1
MSIGDB_HALLMARK_INTERFERON_GAMMA_RESPONSE	ENSMUSG00000074896	MSigDB Hallmark v7.0 (human->mouse by symbol)	Ifit3
MSIGDB_HALLMARK_INTERFERON_GAMMA_RESPONSE	ENSMUSG00000010358	MSigDB Hallmark v7.0 (human->mouse by symbol)	Ifi35
MSIGDB_HALLMARK_INTERFERON_GAMMA_RESPONSE	ENSMUSG00000025498	MSigDB Hallmark v7.0 (human->mouse by symbol)	Irf7
MSIGDB_HALLMARK_INTERFERON_GAMMA_RESPONSE	ENSMUSG00000045932	MSigDB Hallmark v7.0 (human->mouse by symbol)	Ifit2
MSIGDB_HALLMARK_INTERFERON_GAMMA_RESPONSE	ENSMUSG00000032690	MSigDB Hallmark v7.0 (human->mouse by symbol)	Oas2
MSIGDB_HALLMARK_INTERFERON_GAMMA_RESPONSE	ENSMUSG00000037321	MSigDB Hallmark v7.0 (human->mouse by symbol)	Tap1
MSIGDB_HALLMARK_INTERFERON_GAMMA_RESPONSE	ENSMUSG00000024079	MSigDB Hallmark v7.0 (human->mouse by symbol)	Eif2ak2
MSIGDB_HALLMARK_INTERFERON_GAMMA_RESPONSE	ENSMUSG00000020641	MSigDB Hallmark v7.0 (human->mouse by symbol)	Rsad2
MSIGDB_HALLMARK_INTERFERON_GAMMA_RESPONSE	ENSMUSG00000023341	MSigDB Hallmark v7.0 (human->mouse by symbol)	Mx2
MSIGDB_HALLMARK_INTERFERON_GAMMA_RESPONSE	ENSMUSG00000018899	MSigDB Hallmark v7.0 (human->mouse by symbol)	Irf1
MSIGDB_HALLMARK_INTERFERON_GAMMA_RESPONSE	ENSMUSG00000032661	MSigDB Hallmark v7.0 (human->mouse by symbol)	Oas3
MSIGDB_HALLMARK_INTERFERON_GAMMA_RESPONSE	ENSMUSG00000039304	MSigDB Hallmark v7.0 (human->mouse by symbol)	Tnfsf10
MSIGDB_HALLMARK_INTERFERON_GAMMA_RESPONSE	ENSMUSG00000002325	MSigDB Hallmark v7.0 (human->mouse by symbol)	Irf9
MSIGDB_HALLMARK_INTERFERON_GAMMA_RESPONSE	ENSMUSG00000034855	MSigDB Hallmark v7.0 (human->mouse by symbol)	Cxcl10
MSIGDB_HALLMARK_INTERFERON_GAMMA_RESPONSE	ENSMUSG00000028037	MSigDB Hallmark v7.0 (human->mouse by symbol)	Ifi44
MSIGDB_HALLMARK_INTERFERON_GAMMA_RESPONSE	ENSMUSG00000046718	MSigDB Hallmark v7.0 (human->mouse by symbol)	Bst2
MSIGDB_HALLMARK_INTERFERON_GAMMA_RESPONSE	ENSMUSG00000040483	MSigDB Hallmark v7.0 (human->mouse by symbol)	Xaf1
MSIGDB_HALLMARK_INTERFERON_GAMMA_RESPONSE	ENSMUSG00000070034	MSigDB Hallmark v7.0 (human->mouse by symbol)	Sp110
MSIGDB_HALLMARK_INTERFERON_GAMMA_RESPONSE	ENSMUSG00000024338	MSigDB Hallmark v7.0 (human->mouse by symbol)	Psmb8
MSIGDB_HALLMARK_INTERFERON_GAMMA_RESPONSE	ENSMUSG00000039146	MSigDB Hallmark v7.0 (human->mouse by symbol)	Ifi44l
MSIGDB_HALLMARK_INTERFERON_GAMMA_RESPONSE	ENSMUSG00000025492	MSigDB Hallmark v7.0 (human->mouse by symbol)	Ifitm3
MSIGDB_HALLMARK_INTERFERON_GAMMA_RESPONSE	ENSMUSG00000037921	MSigDB Hallmark v7.0 (human->mouse by symbol)	Ddx60
MSIGDB_HALLMARK_INTERFERON_GAMMA_RESPONSE	ENSMUSG00000033880	MSigDB Hallmark v7.0 (human->mouse by symbol)	Lgals3bp
MSIGDB_HALLMARK_INTERFERON_GAMMA_RESPONSE	ENSMUSG00000079363	MSigDB Hallmark v7.0 (human->mouse by symbol)	Gbp4
MSIGDB_HALLMARK_INTERFERON_GAMMA_RESPONSE	ENSMUSG00000041515	MSigDB Hallmark v7.0 (human->mouse by symbol)	Irf8
MSIGDB_HALLMARK_INTERFERON_GAMMA_RESPONSE	ENSMUSG00000096727	MSigDB Hallmark v7.0 (human->mouse by symbol)	Psmb9
MSIGDB_HALLMARK_INTERFERON_GAMMA_RESPONSE	ENSMUSG00000036986	MSigDB Hallmark v7.0 (human->mouse by symbol)	Pml
MSIGDB_HALLMARK_INTERFERON_GAMMA_RESPONSE	ENSMUSG00000026896	MSigDB Hallmark v7.0 (human->mouse by symbol)	Ifih1
MSIGDB_HALLMARK_INTERFERON_GAMMA_RESPONSE	ENSMUSG00000027078	MSigDB Hallmark v7.0 (human->mouse by symbol)	Ube2l6
MSIGDB_HALLMARK_INTERFERON_GAMMA_RESPONSE	ENSMUSG00000064215	MSigDB Hallmark v7.0 (human->mouse by symbol)	Ifi27
MSIGDB_HALLMARK_INTERFERON_GAMMA_RESPONSE	ENSMUSG00000027951	MSigDB Hallmark v7.0 (human->mouse by symbol)	Adar
MSIGDB_HALLMARK_INTERFERON_GAMMA_RESPONSE	ENSMUSG00000022587	MSigDB Hallmark v7.0 (human->mouse by symbol)	Ly6e
MSIGDB_HALLMARK_INTERFERON_GAMMA_RESPONSE	ENSMUSG00000040033	MSigDB Hallmark v7.0 (human->mouse by symbol)	Stat2
MSIGDB_HALLMARK_INTERFERON_GAMMA_RESPONSE	ENSMUSG00000029417	MSigDB Hallmark v7.0 (human->mouse by symbol)	Cxcl9
MSIGDB_HALLMARK_INTERFERON_GAMMA_RESPONSE	ENSMUSG00000032089	MSigDB Hallmark v7.0 (human->mouse by symbol)	Il10ra
MSIGDB_HALLMARK_INTERFERON_GAMMA_RESPONSE	ENSMUSG00000056220	MSigDB Hallmark v7.0 (human->mouse by symbol)	Pla2g4a
MSIGDB_HALLMARK_INTERFERON_GAMMA_RESPONSE	ENSMUSG00000030966	MSigDB Hallmark v7.0 (human->mouse by symbol)	Trim21
MSIGDB_HALLMARK_INTERFERON_GAMMA_RESPONSE	ENSMUSG00000030107	MSigDB Hallmark v7.0 (human->mouse by symbol)	Usp18
MSIGDB_HALLMARK_INTERFERON_GAMMA_RESPONSE	ENSMUSG00000032487	MSigDB Hallmark v7.0 (human->mouse by symbol)	Ptgs2
MSIGDB_HALLMARK_INTERFERON_GAMMA_RESPONSE	ENSMUSG00000022014	MSigDB Hallmark v7.0 (human->mouse by symbol)	Epsti1
MSIGDB_HALLMARK_INTERFERON_GAMMA_RESPONSE	ENSMUSG00000031712	MSigDB Hallmark v7.0 (human->mouse by symbol)	Il15
MSIGDB_HALLMARK_INTERFERON_GAMMA_RESPONSE	ENSMUSG00000074151	MSigDB Hallmark v7.0 (human->mouse by symbol)	Nlrc5
MSIGDB_HALLMARK_INTERFERON_GAMMA_RESPONSE	ENSMUSG00000026946	MSigDB Hallmark v7.0 (human->mouse by symbol)	Nmi
MSIGDB_HALLMARK_INTERFERON_GAMMA_RESPONSE	ENSMUSG00000031551	MSigDB Hallmark v7.0 (human->mouse by symbol)	Ido1
MSIGDB_HALLMARK_INTERFERON_GAMMA_RESPONSE	ENSMUSG00000031897	MSigDB Hallmark v7.0 (human->mouse by symbol)	Psmb10
MSIGDB_HALLMARK_INTERFERON_GAMMA_RESPONSE	ENSMUSG00000060183	MSigDB Hallmark v7.0 (human->mouse by symbol)	Cxcl11
MSIGDB_HALLMARK_INTERFERON_GAMMA_RESPONSE	ENSMUSG00000001281	MSigDB Hallmark v7.0 (human->mouse by symbol)	Itgb7
MSIGDB_HALLMARK_INTERFERON_GAMMA_RESPONSE	ENSMUSG00000027639	MSigDB Hallmark v7.0 (human->mouse by symbol)	Samhd1
MSIGDB_HALLMARK_INTERFERON_GAMMA_RESPONSE	ENSMUSG00000029798	MSigDB Hallmark v7.0 (human->mouse by symbol)	Herc6
MSIGDB_HALLMARK_INTERFERON_GAMMA_RESPONSE	ENSMUSG00000020638	MSigDB Hallmark v7.0 (human->mouse by symbol)	Cmpk2
MSIGDB_HALLMARK_INTERFERON_GAMMA_RESPONSE	ENSMUSG00000047735	MSigDB Hallmark v7.0 (human->mouse by symbol)	Samd9l
MSIGDB_HALLMARK_INTERFERON_GAMMA_RESPONSE	ENSMUSG00000033355	MSigDB Hallmark v7.0 (human->mouse by symbol)	Rtp4
MSIGDB_HALLMARK_INTERFERON_GAMMA_RESPONSE	ENSMUSG00000024539	MSigDB Hallmark v7.0 (human->mouse by symbol)	Ptpn2
MSIGDB_HALLMARK_INTERFERON_GAMMA_RESPONSE	ENSMUSG00000034422	MSigDB Hallmark v7.0 (human->mouse by symbol)	Parp14
MSIGDB_HALLMARK_INTERFERON_GAMMA_RESPONSE	ENSMUSG00000021281	MSigDB Hallmark v7.0 (human->mouse by symbol)	Tnfaip2
MSIGDB_HALLMARK_INTERFERON_GAMMA_RESPONSE	ENSMUSG00000060591	MSigDB Hallmark v7.0 (human->mouse by symbol)	Ifitm2
MSIGDB_HALLMARK_INTERFERON_GAMMA_RESPONSE	ENSMUSG00000032369	MSigDB Hallmark v7.0 (human->mouse by symbol)	Plscr1
MSIGDB_HALLMARK_INTERFERON_GAMMA_RESPONSE	ENSMUSG00000038037	MSigDB Hallmark v7.0 (human->mouse by symbol)	Socs1
MSIGDB_HALLMARK_INTERFERON_GAMMA_RESPONSE	ENSMUSG00000025888	MSigDB Hallmark v7.0 (human->mouse by symbol)	Casp1
MSIGDB_HALLMARK_INTERFERON_GAMMA_RESPONSE	ENSMUSG00000037405	MSigDB Hallmark v7.0 (human->mouse by symbol)	Icam1
MSIGDB_HALLMARK_INTERFERON_GAMMA_RESPONSE	ENSMUSG00000022216	MSigDB Hallmark v7.0 (human->mouse by symbol)	Psme1
MSIGDB_HALLMARK_INTERFERON_GAMMA_RESPONSE	ENSMUSG00000039236	MSigDB Hallmark v7.0 (human->mouse by symbol)	Isg20
MSIGDB_HALLMARK_INTERFERON_GAMMA_RESPONSE	ENSMUSG00000031627	MSigDB Hallmark v7.0 (human->mouse by symbol)	Irf2
MSIGDB_HALLMARK_INTERFERON_GAMMA_RESPONSE	ENSMUSG00000039853	MSigDB Hallmark v7.0 (human->mouse by symbol)	Trim14
MSIGDB_HALLMARK_INTERFERON_GAMMA_RESPONSE	ENSMUSG00000053113	MSigDB Hallmark v7.0 (human->mouse by symbol)	Socs3
MSIGDB_HALLMARK_INTERFERON_GAMMA_RESPONSE	ENSMUSG00000024789	MSigDB Hallmark v7.0 (human->mouse by symbol)	Jak2
MSIGDB_HALLMARK_INTERFERON_GAMMA_RESPONSE	ENSMUSG00000038507	MSigDB Hallmark v7.0 (human->mouse by symbol)	Parp12
MSIGDB_HALLMARK_INTERFERON_GAMMA_RESPONSE	ENSMUSG00000053475	MSigDB Hallmark v7.0 (human->mouse by symbol)	Tnfaip6
MSIGDB_HALLMARK_INTERFERON_GAMMA_RESPONSE	ENSMUSG00000024457	MSigDB Hallmark v7.0 (human->mouse by symbol)	Trim26
MSIGDB_HALLMARK_INTERFERON_GAMMA_RESPONSE	ENSMUSG00000027962	MSigDB Hallmark v7.0 (human->mouse by symbol)	Vcam1
MSIGDB_HALLMARK_INTERFERON_GAMMA_RESPONSE	ENSMUSG00000016496	MSigDB Hallmark v7.0 (human->mouse by symbol)	Cd274
MSIGDB_HALLMARK_INTERFERON_GAMMA_RESPONSE	ENSMUSG00000022504	MSigDB Hallmark v7.0 (human->mouse by symbol)	Ciita
MSIGDB_HALLMARK_INTERFERON_GAMMA_RESPONSE	ENSMUSG00000020572	MSigDB Hallmark v7.0 (human->mouse by symbol)	Nampt
MSIGDB_HALLMARK_INTERFERON_GAMMA_RESPONSE	ENSMUSG00000026580	MSigDB Hallmark v7.0 (human->mouse by symbol)	Selp
MSIGDB_HALLMARK_INTERFERON_GAMMA_RESPONSE	ENSMUSG00000050350	MSigDB Hallmark v7.0 (human->mouse by symbol)	Gpr18
MSIGDB_HALLMARK_INTERFERON_GAMMA_RESPONSE	ENSMUSG00000045551	MSigDB Hallmark v7.0 (human->mouse by symbol)	Fpr1
MSIGDB_HALLMARK_INTERFERON_GAMMA_RESPONSE	ENSMUSG00000027580	MSigDB Hallmark v7.0 (human->mouse by symbol)	Helz2
MSIGDB_HALLMARK_INTERFERON_GAMMA_RESPONSE	ENSMUSG00000079197	MSigDB Hallmark v7.0 (human->mouse by symbol)	Psme2
MSIGDB_HALLMARK_INTERFERON_GAMMA_RESPONSE	ENSMUSG00000023224	MSigDB Hallmark v7.0 (human->mouse by symbol)	Serping1
MSIGDB_HALLMARK_INTERFERON_GAMMA_RESPONSE	ENSMUSG00000035042	MSigDB Hallmark v7.0 (human->mouse by symbol)	Ccl5
MSIGDB_HALLMARK_INTERFERON_GAMMA_RESPONSE	ENSMUSG00000047098	MSigDB Hallmark v7.0 (human->mouse by symbol)	Rnf31
MSIGDB_HALLMARK_INTERFERON_GAMMA_RESPONSE	ENSMUSG00000006818	MSigDB Hallmark v7.0 (human->mouse by symbol)	Sod2
MSIGDB_HALLMARK_INTERFERON_GAMMA_RESPONSE	ENSMUSG00000000275	MSigDB Hallmark v7.0 (human->mouse by symbol)	Trim25
MSIGDB_HALLMARK_INTERFERON_GAMMA_RESPONSE	ENSMUSG00000039682	MSigDB Hallmark v7.0 (human->mouse by symbol)	Lap3
MSIGDB_HALLMARK_INTERFERON_GAMMA_RESPONSE	ENSMUSG00000060073	MSigDB Hallmark v7.0 (human->mouse by symbol)	Psma3
MSIGDB_HALLMARK_INTERFERON_GAMMA_RESPONSE	ENSMUSG00000020134	MSigDB Hallmark v7.0 (human->mouse by symbol)	Peli1
MSIGDB_HALLMARK_INTERFERON_GAMMA_RESPONSE	ENSMUSG00000090231	MSigDB Hallmark v7.0 (human->mouse by symbol)	Cfb
MSIGDB_HALLMARK_INTERFERON_GAMMA_RESPONSE	ENSMUSG00000022901	MSigDB Hallmark v7.0 (human->mouse by symbol)	Cd86
MSIGDB_HALLMARK_INTERFERON_GAMMA_RESPONSE	ENSMUSG00000038393	MSigDB Hallmark v7.0 (human->mouse by symbol)	Txnip
MSIGDB_HALLMARK_INTERFERON_GAMMA_RESPONSE	ENSMUSG00000037580	MSigDB Hallmark v7.0 (human->mouse by symbol)	Gch1
MSIGDB_HALLMARK_INTERFERON_GAMMA_RESPONSE	ENSMUSG00000115338	MSigDB Hallmark v7.0 (human->mouse by symbol)	Pnp
MSIGDB_HALLMARK_INTERFERON_GAMMA_RESPONSE	ENSMUSG00000035373	MSigDB Hallmark v7.0 (human->mouse by symbol)	Ccl7
MSIGDB_HALLMARK_INTERFERON_GAMMA_RESPONSE	ENSMUSG00000004266	MSigDB Hallmark v7.0 (human->mouse by symbol)	Ptpn6
MSIGDB_HALLMARK_INTERFERON_GAMMA_RESPONSE	ENSMUSG00000027366	MSigDB Hallmark v7.0 (human->mouse by symbol)	Sppl2a
MSIGDB_HALLMARK_INTERFERON_GAMMA_RESPONSE	ENSMUSG00000020464	MSigDB Hallmark v7.0 (human->mouse by symbol)	Pnpt1
MSIGDB_HALLMARK_INTERFERON_GAMMA_RESPONSE	ENSMUSG00000017830	MSigDB Hallmark v7.0 (human->mouse by symbol)	Dhx58
MSIGDB_HALLMARK_INTERFERON_GAMMA_RESPONSE	ENSMUSG00000036478	MSigDB Hallmark v7.0 (human->mouse by symbol)	Btg1
MSIGDB_HALLMARK_INTERFERON_GAMMA_RESPONSE	ENSMUSG00000026029	MSigDB Hallmark v7.0 (human->mouse by symbol)	Casp8
MSIGDB_HALLMARK_INTERFERON_GAMMA_RESPONSE	ENSMUSG00000031838	MSigDB Hallmark v7.0 (human->mouse by symbol)	Ifi30
MSIGDB_HALLMARK_INTERFERON_GAMMA_RESPONSE	ENSMUSG00000035385	MSigDB Hallmark v7.0 (human->mouse by symbol)	Ccl2
MSIGDB_HALLMARK_INTERFERON_GAMMA_RESPONSE	ENSMUSG00000039899	MSigDB Hallmark v7.0 (human->mouse by symbol)	Fgl2
MSIGDB_HALLMARK_INTERFERON_GAMMA_RESPONSE	ENSMUSG00000025076	MSigDB Hallmark v7.0 (human->mouse by symbol)	Casp7
MSIGDB_HALLMARK_INTERFERON_GAMMA_RESPONSE	ENSMUSG00000023206	MSigDB Hallmark v7.0 (human->mouse by symbol)	Il15ra
MSIGDB_HALLMARK_INTERFERON_GAMMA_RESPONSE	ENSMUSG00000017652	MSigDB Hallmark v7.0 (human->mouse by symbol)	Cd40
MSIGDB_HALLMARK_INTERFERON_GAMMA_RESPONSE	ENSMUSG00000042726	MSigDB Hallmark v7.0 (human->mouse by symbol)	Trafd1
MSIGDB_HALLMARK_INTERFERON_GAMMA_RESPONSE	ENSMUSG00000104713	MSigDB Hallmark v7.0 (human->mouse by symbol)	Gbp6
MSIGDB_HALLMARK_INTERFERON_GAMMA_RESPONSE	ENSMUSG00000002699	MSigDB Hallmark v7.0 (human->mouse by symbol)	Lcp2
MSIGDB_HALLMARK_INTERFERON_GAMMA_RESPONSE	ENSMUSG00000021408	MSigDB Hallmark v7.0 (human->mouse by symbol)	Ripk1
MSIGDB_HALLMARK_INTERFERON_GAMMA_RESPONSE	ENSMUSG00000030149	MSigDB Hallmark v7.0 (human->mouse by symbol)	Klrk1
MSIGDB_HALLMARK_INTERFERON_GAMMA_RESPONSE	ENSMUSG00000020407	MSigDB Hallmark v7.0 (human->mouse by symbol)	Upp1
MSIGDB_HALLMARK_INTERFERON_GAMMA_RESPONSE	ENSMUSG00000028837	MSigDB Hallmark v7.0 (human->mouse by symbol)	Psmb2
MSIGDB_HALLMARK_INTERFERON_GAMMA_RESPONSE	ENSMUSG00000035517	MSigDB Hallmark v7.0 (human->mouse by symbol)	Tdrd7
MSIGDB_HALLMARK_INTERFERON_GAMMA_RESPONSE	ENSMUSG00000021109	MSigDB Hallmark v7.0 (human->mouse by symbol)	Hif1a
MSIGDB_HALLMARK_INTERFERON_GAMMA_RESPONSE	ENSMUSG00000093661	MSigDB Hallmark v7.0 (human->mouse by symbol)	Eif4e3
MSIGDB_HALLMARK_INTERFERON_GAMMA_RESPONSE	ENSMUSG00000050732	MSigDB Hallmark v7.0 (human->mouse by symbol)	Vamp8
MSIGDB_HALLMARK_INTERFERON_GAMMA_RESPONSE	ENSMUSG00000021196	MSigDB Hallmark v7.0 (human->mouse by symbol)	Pfkp
MSIGDB_HALLMARK_INTERFERON_GAMMA_RESPONSE	ENSMUSG00000029084	MSigDB Hallmark v7.0 (human->mouse by symbol)	Cd38
MSIGDB_HALLMARK_INTERFERON_GAMMA_RESPONSE	ENSMUSG00000027514	MSigDB Hallmark v7.0 (human->mouse by symbol)	Zbp1
MSIGDB_HALLMARK_INTERFERON_GAMMA_RESPONSE	ENSMUSG00000037922	MSigDB Hallmark v7.0 (human->mouse by symbol)	Bank1
MSIGDB_HALLMARK_INTERFERON_GAMMA_RESPONSE	ENSMUSG00000026848	MSigDB Hallmark v7.0 (human->mouse by symbol)	Tor1b
MSIGDB_HALLMARK_INTERFERON_GAMMA_RESPONSE	ENSMUSG00000027466	MSigDB Hallmark v7.0 (human->mouse by symbol)	Rbck1
MSIGDB_HALLMARK_INTERFERON_GAMMA_RESPONSE	ENSMUSG00000028525	MSigDB Hallmark v7.0 (human->mouse by symbol)	Pde4b
MSIGDB_HALLMARK_INTERFERON_GAMMA_RESPONSE	ENSMUSG00000030681	MSigDB Hallmark v7.0 (human->mouse by symbol)	Mvp
MSIGDB_HALLMARK_INTERFERON_GAMMA_RESPONSE	ENSMUSG00000040329	MSigDB Hallmark v7.0 (human->mouse by symbol)	Il7
MSIGDB_HALLMARK_INTERFERON_GAMMA_RESPONSE	ENSMUSG00000038871	MSigDB Hallmark v7.0 (human->mouse by symbol)	Bpgm
MSIGDB_HALLMARK_INTERFERON_GAMMA_RESPONSE	ENSMUSG00000024019	MSigDB Hallmark v7.0 (human->mouse by symbol)	Cmtr1
MSIGDB_HALLMARK_INTERFERON_GAMMA_RESPONSE	ENSMUSG00000029673	MSigDB Hallmark v7.0 (human->mouse by symbol)	Auts2
MSIGDB_HALLMARK_INTERFERON_GAMMA_RESPONSE	ENSMUSG00000060802	MSigDB Hallmark v7.0 (human->mouse by symbol)	B2m
MSIGDB_HALLMARK_INTERFERON_GAMMA_RESPONSE	ENSMUSG00000041135	MSigDB Hallmark v7.0 (human->mouse by symbol)	Ripk2
MSIGDB_HALLMARK_INTERFERON_GAMMA_RESPONSE	ENSMUSG00000030156	MSigDB Hallmark v7.0 (human->mouse by symbol)	Cd69
MSIGDB_HALLMARK_INTERFERON_GAMMA_RESPONSE	ENSMUSG00000032508	MSigDB Hallmark v7.0 (human->mouse by symbol)	Myd88
MSIGDB_HALLMARK_INTERFERON_GAMMA_RESPONSE	ENSMUSG00000015671	MSigDB Hallmark v7.0 (human->mouse by symbol)	Psma2
MSIGDB_HALLMARK_INTERFERON_GAMMA_RESPONSE	ENSMUSG00000024014	MSigDB Hallmark v7.0 (human->mouse by symbol)	Pim1
MSIGDB_HALLMARK_INTERFERON_GAMMA_RESPONSE	ENSMUSG00000038058	MSigDB Hallmark v7.0 (human->mouse by symbol)	Nod1
MSIGDB_HALLMARK_INTERFERON_GAMMA_RESPONSE	ENSMUSG00000026365	MSigDB Hallmark v7.0 (human->mouse by symbol)	Cfh
MSIGDB_HALLMARK_INTERFERON_GAMMA_RESPONSE	ENSMUSG00000024308	MSigDB Hallmark v7.0 (human->mouse by symbol)	Tapbp
MSIGDB_HALLMARK_INTERFERON_GAMMA_RESPONSE	ENSMUSG00000040414	MSigDB Hallmark v7.0 (human->mouse by symbol)	Slc25a28
MSIGDB_HALLMARK_INTERFERON_GAMMA_RESPONSE	ENSMUSG00000027540	MSigDB Hallmark v7.0 (human->mouse by symbol)	Ptpn1
MSIGDB_HALLMARK_INTERFERON_GAMMA_RESPONSE	ENSMUSG00000019850	MSigDB Hallmark v7.0 (human->mouse by symbol)	Tnfaip3
MSIGDB_HALLMARK_INTERFERON_GAMMA_RESPONSE	ENSMUSG00000030255	MSigDB Hallmark v7.0 (human->mouse by symbol)	Sspn
MSIGDB_HALLMARK_INTERFERON_GAMMA_RESPONSE	ENSMUSG00000032939	MSigDB Hallmark v7.0 (human->mouse by symbol)	Nup93
MSIGDB_HALLMARK_INTERFERON_GAMMA_RESPONSE	ENSMUSG00000005667	MSigDB Hallmark v7.0 (human->mouse by symbol)	Mthfd2
MSIGDB_HALLMARK_INTERFERON_GAMMA_RESPONSE	ENSMUSG00000023067	MSigDB Hallmark v7.0 (human->mouse by symbol)	Cdkn1a
MSIGDB_HALLMARK_INTERFERON_GAMMA_RESPONSE	ENSMUSG00000021356	MSigDB Hallmark v7.0 (human->mouse by symbol)	Irf4
MSIGDB_HALLMARK_INTERFERON_GAMMA_RESPONSE	ENSMUSG00000028163	MSigDB Hallmark v7.0 (human->mouse by symbol)	Nfkb1
MSIGDB_HALLMARK_INTERFERON_GAMMA_RESPONSE	ENSMUSG00000039699	MSigDB Hallmark v7.0 (human->mouse by symbol)	Batf2
MSIGDB_HALLMARK_INTERFERON_GAMMA_RESPONSE	ENSMUSG00000021959	MSigDB Hallmark v7.0 (human->mouse by symbol)	Lats2
MSIGDB_HALLMARK_INTERFERON_GAMMA_RESPONSE	ENSMUSG00000029771	MSigDB Hallmark v7.0 (human->mouse by symbol)	Irf5
MSIGDB_HALLMARK_INTERFERON_GAMMA_RESPONSE	ENSMUSG00000038179	MSigDB Hallmark v7.0 (human->mouse by symbol)	Slamf7
MSIGDB_HALLMARK_INTERFERON_GAMMA_RESPONSE	ENSMUSG00000024601	MSigDB Hallmark v7.0 (human->mouse by symbol)	Isoc1
MSIGDB_HALLMARK_INTERFERON_GAMMA_RESPONSE	ENSMUSG00000036381	MSigDB Hallmark v7.0 (human->mouse by symbol)	P2ry14
MSIGDB_HALLMARK_INTERFERON_GAMMA_RESPONSE	ENSMUSG00000004040	MSigDB Hallmark v7.0 (human->mouse by symbol)	Stat3
MSIGDB_HALLMARK_INTERFERON_GAMMA_RESPONSE	ENSMUSG00000027678	MSigDB Hallmark v7.0 (human->mouse by symbol)	Ncoa3
MSIGDB_HALLMARK_INTERFERON_GAMMA_RESPONSE	ENSMUSG00000025746	MSigDB Hallmark v7.0 (human->mouse by symbol)	Il6
MSIGDB_HALLMARK_INTERFERON_GAMMA_RESPONSE	ENSMUSG00000023132	MSigDB Hallmark v7.0 (human->mouse by symbol)	Gzma
MSIGDB_HALLMARK_INTERFERON_GAMMA_RESPONSE	ENSMUSG00000022971	MSigDB Hallmark v7.0 (human->mouse by symbol)	Ifnar2
MSIGDB_HALLMARK_INTERFERON_GAMMA_RESPONSE	ENSMUSG00000024610	MSigDB Hallmark v7.0 (human->mouse by symbol)	Cd74
MSIGDB_HALLMARK_INTERFERON_GAMMA_RESPONSE	ENSMUSG00000037533	MSigDB Hallmark v7.0 (human->mouse by symbol)	Rapgef6
MSIGDB_HALLMARK_INTERFERON_GAMMA_RESPONSE	ENSMUSG00000033538	MSigDB Hallmark v7.0 (human->mouse by symbol)	Casp4
MSIGDB_HALLMARK_INTERFERON_GAMMA_RESPONSE	ENSMUSG00000024778	MSigDB Hallmark v7.0 (human->mouse by symbol)	Fas
MSIGDB_HALLMARK_INTERFERON_GAMMA_RESPONSE	ENSMUSG00000049401	MSigDB Hallmark v7.0 (human->mouse by symbol)	Ogfr
MSIGDB_HALLMARK_INTERFERON_GAMMA_RESPONSE	ENSMUSG00000047446	MSigDB Hallmark v7.0 (human->mouse by symbol)	Arl4a
MSIGDB_HALLMARK_INTERFERON_GAMMA_RESPONSE	ENSMUSG00000003161	MSigDB Hallmark v7.0 (human->mouse by symbol)	Sri
MSIGDB_HALLMARK_INTERFERON_GAMMA_RESPONSE	ENSMUSG00000032184	MSigDB Hallmark v7.0 (human->mouse by symbol)	Lysmd2
MSIGDB_HALLMARK_INTERFERON_GAMMA_RESPONSE	ENSMUSG00000071713	MSigDB Hallmark v7.0 (human->mouse by symbol)	Csf2rb
MSIGDB_HALLMARK_INTERFERON_GAMMA_RESPONSE	ENSMUSG00000056091	MSigDB Hallmark v7.0 (human->mouse by symbol)	St3gal5
MSIGDB_HALLMARK_INTERFERON_GAMMA_RESPONSE	ENSMUSG00000031628	MSigDB Hallmark v7.0 (human->mouse by symbol)	Casp3
MSIGDB_HALLMARK_INTERFERON_GAMMA_RESPONSE	ENSMUSG00000042190	MSigDB Hallmark v7.0 (human->mouse by symbol)	Cmklr1
MSIGDB_HALLMARK_INTERFERON_GAMMA_RESPONSE	ENSMUSG00000021025	MSigDB Hallmark v7.0 (human->mouse by symbol)	Nfkbia
MSIGDB_HALLMARK_INTERFERON_GAMMA_RESPONSE	ENSMUSG00000040710	MSigDB Hallmark v7.0 (human->mouse by symbol)	St8sia4
MSIGDB_HALLMARK_INTERFERON_GAMMA_RESPONSE	ENSMUSG00000026573	MSigDB Hallmark v7.0 (human->mouse by symbol)	Xcl1
MSIGDB_HALLMARK_INTERFERON_GAMMA_RESPONSE	ENSMUSG00000068227	MSigDB Hallmark v7.0 (human->mouse by symbol)	Il2rb
MSIGDB_HALLMARK_INTERFERON_GAMMA_RESPONSE	ENSMUSG00000073002	MSigDB Hallmark v7.0 (human->mouse by symbol)	Vamp5
MSIGDB_HALLMARK_INTERFERON_GAMMA_RESPONSE	ENSMUSG00000070427	MSigDB Hallmark v7.0 (human->mouse by symbol)	Il18bp
MSIGDB_HALLMARK_INTERFERON_GAMMA_RESPONSE	ENSMUSG00000039501	MSigDB Hallmark v7.0 (human->mouse by symbol)	Znfx1
MSIGDB_HALLMARK_INTERFERON_GAMMA_RESPONSE	ENSMUSG00000019947	MSigDB Hallmark v7.0 (human->mouse by symbol)	Arid5b
MSIGDB_HALLMARK_INTERFERON_GAMMA_RESPONSE	ENSMUSG00000033576	MSigDB Hallmark v7.0 (human->mouse by symbol)	Apol6
MSIGDB_HALLMARK_INTERFERON_GAMMA_RESPONSE	ENSMUSG00000062939	MSigDB Hallmark v7.0 (human->mouse by symbol)	Stat4
MSIGDB_HALLMARK_COMPLEMENT	ENSMUSG00000024371	MSigDB Hallmark v7.0 (human->mouse by symbol)	C2
MSIGDB_HALLMARK_COMPLEMENT	ENSMUSG00000090231	MSigDB Hallmark v7.0 (human->mouse by symbol)	Cfb
MSIGDB_HALLMARK_COMPLEMENT	ENSMUSG00000037411	MSigDB Hallmark v7.0 (human->mouse by symbol)	Serpine1
MSIGDB_HALLMARK_COMPLEMENT	ENSMUSG00000000957	MSigDB Hallmark v7.0 (human->mouse by symbol)	Mmp14
MSIGDB_HALLMARK_COMPLEMENT	ENSMUSG00000023224	MSigDB Hallmark v7.0 (human->mouse by symbol)	Serping1
MSIGDB_HALLMARK_COMPLEMENT	ENSMUSG00000021477	MSigDB Hallmark v7.0 (human->mouse by symbol)	Ctsl
MSIGDB_HALLMARK_COMPLEMENT	ENSMUSG00000026579	MSigDB Hallmark v7.0 (human->mouse by symbol)	F5
MSIGDB_HALLMARK_COMPLEMENT	ENSMUSG00000050578	MSigDB Hallmark v7.0 (human->mouse by symbol)	Mmp13
MSIGDB_HALLMARK_COMPLEMENT	ENSMUSG00000031443	MSigDB Hallmark v7.0 (human->mouse by symbol)	F7
MSIGDB_HALLMARK_COMPLEMENT	ENSMUSG00000038642	MSigDB Hallmark v7.0 (human->mouse by symbol)	Ctss
MSIGDB_HALLMARK_COMPLEMENT	ENSMUSG00000021190	MSigDB Hallmark v7.0 (human->mouse by symbol)	Lgmn
MSIGDB_HALLMARK_COMPLEMENT	ENSMUSG00000059481	MSigDB Hallmark v7.0 (human->mouse by symbol)	Plg
MSIGDB_HALLMARK_COMPLEMENT	ENSMUSG00000036887	MSigDB Hallmark v7.0 (human->mouse by symbol)	C1qa
MSIGDB_HALLMARK_COMPLEMENT	ENSMUSG00000025888	MSigDB Hallmark v7.0 (human->mouse by symbol)	Casp1
MSIGDB_HALLMARK_COMPLEMENT	ENSMUSG00000023132	MSigDB Hallmark v7.0 (human->mouse by symbol)	Gzma
MSIGDB_HALLMARK_COMPLEMENT	ENSMUSG00000031555	MSigDB Hallmark v7.0 (human->mouse by symbol)	Adam9
MSIGDB_HALLMARK_COMPLEMENT	ENSMUSG00000019370	MSigDB Hallmark v7.0 (human->mouse by symbol)	Calm3
MSIGDB_HALLMARK_COMPLEMENT	ENSMUSG00000036896	MSigDB Hallmark v7.0 (human->mouse by symbol)	C1qc
MSIGDB_HALLMARK_COMPLEMENT	ENSMUSG00000001131	MSigDB Hallmark v7.0 (human->mouse by symbol)	Timp1
MSIGDB_HALLMARK_COMPLEMENT	ENSMUSG00000035000	MSigDB Hallmark v7.0 (human->mouse by symbol)	Dpp4
MSIGDB_HALLMARK_COMPLEMENT	ENSMUSG00000063903	MSigDB Hallmark v7.0 (human->mouse by symbol)	Klk1
MSIGDB_HALLMARK_COMPLEMENT	ENSMUSG00000109764	MSigDB Hallmark v7.0 (human->mouse by symbol)	Klkb1
MSIGDB_HALLMARK_COMPLEMENT	ENSMUSG00000026616	MSigDB Hallmark v7.0 (human->mouse by symbol)	Cr2
MSIGDB_HALLMARK_COMPLEMENT	ENSMUSG00000031790	MSigDB Hallmark v7.0 (human->mouse by symbol)	Mmp15
MSIGDB_HALLMARK_COMPLEMENT	ENSMUSG00000039682	MSigDB Hallmark v7.0 (human->mouse by symbol)	Lap3
MSIGDB_HALLMARK_COMPLEMENT	ENSMUSG00000058297	MSigDB Hallmark v7.0 (human->mouse by symbol)	Spock2
MSIGDB_HALLMARK_COMPLEMENT	ENSMUSG00000031444	MSigDB Hallmark v7.0 (human->mouse by symbol)	F10
MSIGDB_HALLMARK_COMPLEMENT	ENSMUSG00000021939	MSigDB Hallmark v7.0 (human->mouse by symbol)	Ctsb
MSIGDB_HALLMARK_COMPLEMENT	ENSMUSG00000028015	MSigDB Hallmark v7.0 (human->mouse by symbol)	Ctso
MSIGDB_HALLMARK_COMPLEMENT	ENSMUSG00000031132	MSigDB Hallmark v7.0 (human->mouse by symbol)	Cd40lg
MSIGDB_HALLMARK_COMPLEMENT	ENSMUSG00000022637	MSigDB Hallmark v7.0 (human->mouse by symbol)	Cblb
MSIGDB_HALLMARK_COMPLEMENT	ENSMUSG00000049225	MSigDB Hallmark v7.0 (human->mouse by symbol)	Pdp1
MSIGDB_HALLMARK_COMPLEMENT	ENSMUSG00000020120	MSigDB Hallmark v7.0 (human->mouse by symbol)	Plek
MSIGDB_HALLMARK_COMPLEMENT	ENSMUSG00000030054	MSigDB Hallmark v7.0 (human->mouse by symbol)	Gp9
MSIGDB_HALLMARK_COMPLEMENT	ENSMUSG00000046223	MSigDB Hallmark v7.0 (human->mouse by symbol)	Plaur
MSIGDB_HALLMARK_COMPLEMENT	ENSMUSG00000024164	MSigDB Hallmark v7.0 (human->mouse by symbol)	C3
MSIGDB_HALLMARK_COMPLEMENT	ENSMUSG00000027249	MSigDB Hallmark v7.0 (human->mouse by symbol)	F2
MSIGDB_HALLMARK_COMPLEMENT	ENSMUSG00000033538	MSigDB Hallmark v7.0 (human->mouse by symbol)	Casp4
MSIGDB_HALLMARK_COMPLEMENT	ENSMUSG00000030560	MSigDB Hallmark v7.0 (human->mouse by symbol)	Ctsc
MSIGDB_HALLMARK_COMPLEMENT	ENSMUSG00000020124	MSigDB Hallmark v7.0 (human->mouse by symbol)	Usp15
MSIGDB_HALLMARK_COMPLEMENT	ENSMUSG00000019960	MSigDB Hallmark v7.0 (human->mouse by symbol)	Dusp6
MSIGDB_HALLMARK_COMPLEMENT	ENSMUSG00000062345	MSigDB Hallmark v7.0 (human->mouse by symbol)	Serpinb2
MSIGDB_HALLMARK_COMPLEMENT	ENSMUSG00000026827	MSigDB Hallmark v7.0 (human->mouse by symbol)	Gpd2
MSIGDB_HALLMARK_COMPLEMENT	ENSMUSG00000026365	MSigDB Hallmark v7.0 (human->mouse by symbol)	Cfh
MSIGDB_HALLMARK_COMPLEMENT	ENSMUSG00000026193	MSigDB Hallmark v7.0 (human->mouse by symbol)	Fn1
MSIGDB_HALLMARK_COMPLEMENT	ENSMUSG00000002944	MSigDB Hallmark v7.0 (human->mouse by symbol)	Cd36
MSIGDB_HALLMARK_COMPLEMENT	ENSMUSG00000096727	MSigDB Hallmark v7.0 (human->mouse by symbol)	Psmb9
MSIGDB_HALLMARK_COMPLEMENT	ENSMUSG00000042385	MSigDB Hallmark v7.0 (human->mouse by symbol)	Gzmk
MSIGDB_HALLMARK_COMPLEMENT	ENSMUSG00000000489	MSigDB Hallmark v7.0 (human->mouse by symbol)	Pdgfb
MSIGDB_HALLMARK_COMPLEMENT	ENSMUSG00000022037	MSigDB Hallmark v7.0 (human->mouse by symbol)	Clu
MSIGDB_HALLMARK_COMPLEMENT	ENSMUSG00000040249	MSigDB Hallmark v7.0 (human->mouse by symbol)	Lrp1
MSIGDB_HALLMARK_COMPLEMENT	ENSMUSG00000007891	MSigDB Hallmark v7.0 (human->mouse by symbol)	Ctsd
MSIGDB_HALLMARK_COMPLEMENT	ENSMUSG00000056071	MSigDB Hallmark v7.0 (human->mouse by symbol)	S100a9
MSIGDB_HALLMARK_COMPLEMENT	ENSMUSG00000031165	MSigDB Hallmark v7.0 (human->mouse by symbol)	Was
MSIGDB_HALLMARK_COMPLEMENT	ENSMUSG00000063952	MSigDB Hallmark v7.0 (human->mouse by symbol)	Brpf3
MSIGDB_HALLMARK_COMPLEMENT	ENSMUSG00000031538	MSigDB Hallmark v7.0 (human->mouse by symbol)	Plat
MSIGDB_HALLMARK_COMPLEMENT	ENSMUSG00000028755	MSigDB Hallmark v7.0 (human->mouse by symbol)	Cda
MSIGDB_HALLMARK_COMPLEMENT	ENSMUSG00000031760	MSigDB Hallmark v7.0 (human->mouse by symbol)	Mt3
MSIGDB_HALLMARK_COMPLEMENT	ENSMUSG00000025076	MSigDB Hallmark v7.0 (human->mouse by symbol)	Casp7
MSIGDB_HALLMARK_COMPLEMENT	ENSMUSG00000070371	MSigDB Hallmark v7.0 (human->mouse by symbol)	Prss36
MSIGDB_HALLMARK_COMPLEMENT	ENSMUSG00000018293	MSigDB Hallmark v7.0 (human->mouse by symbol)	Pfn1
MSIGDB_HALLMARK_COMPLEMENT	ENSMUSG00000015437	MSigDB Hallmark v7.0 (human->mouse by symbol)	Gzmb
MSIGDB_HALLMARK_COMPLEMENT	ENSMUSG00000029110	MSigDB Hallmark v7.0 (human->mouse by symbol)	Rnf4
MSIGDB_HALLMARK_COMPLEMENT	ENSMUSG00000024238	MSigDB Hallmark v7.0 (human->mouse by symbol)	Zeb1
MSIGDB_HALLMARK_COMPLEMENT	ENSMUSG00000018899	MSigDB Hallmark v7.0 (human->mouse by symbol)	Irf1
MSIGDB_HALLMARK_COMPLEMENT	ENSMUSG00000039007	MSigDB Hallmark v7.0 (human->mouse by symbol)	Cpq
MSIGDB_HALLMARK_COMPLEMENT	ENSMUSG00000048895	MSigDB Hallmark v7.0 (human->mouse by symbol)	Cdk5r1
MSIGDB_HALLMARK_COMPLEMENT	ENSMUSG00000018585	MSigDB Hallmark v7.0 (human->mouse by symbol)	Atox1
MSIGDB_HALLMARK_COMPLEMENT	ENSMUSG00000027665	MSigDB Hallmark v7.0 (human->mouse by symbol)	Pik3ca
MSIGDB_HALLMARK_COMPLEMENT	ENSMUSG00000016942	MSigDB Hallmark v7.0 (human->mouse by symbol)	Tmprss6
MSIGDB_HALLMARK_COMPLEMENT	ENSMUSG00000020183	MSigDB Hallmark v7.0 (human->mouse by symbol)	Cpm
MSIGDB_HALLMARK_COMPLEMENT	ENSMUSG00000024889	MSigDB Hallmark v7.0 (human->mouse by symbol)	Rce1
MSIGDB_HALLMARK_COMPLEMENT	ENSMUSG00000001175	MSigDB Hallmark v7.0 (human->mouse by symbol)	Calm1
MSIGDB_HALLMARK_COMPLEMENT	ENSMUSG00000025558	MSigDB Hallmark v7.0 (human->mouse by symbol)	Dock9
MSIGDB_HALLMARK_COMPLEMENT	ENSMUSG00000026866	MSigDB Hallmark v7.0 (human->mouse by symbol)	Kynu
MSIGDB_HALLMARK_COMPLEMENT	ENSMUSG00000027347	MSigDB Hallmark v7.0 (human->mouse by symbol)	Rasgrp1
MSIGDB_HALLMARK_COMPLEMENT	ENSMUSG00000047879	MSigDB Hallmark v7.0 (human->mouse by symbol)	Usp14
MSIGDB_HALLMARK_COMPLEMENT	ENSMUSG00000002699	MSigDB Hallmark v7.0 (human->mouse by symbol)	Lcp2
MSIGDB_HALLMARK_COMPLEMENT	ENSMUSG00000050675	MSigDB Hallmark v7.0 (human->mouse by symbol)	Gp1ba
MSIGDB_HALLMARK_COMPLEMENT	ENSMUSG00000021693	MSigDB Hallmark v7.0 (human->mouse by symbol)	Kif2a
MSIGDB_HALLMARK_COMPLEMENT	ENSMUSG00000027669	MSigDB Hallmark v7.0 (human->mouse by symbol)	Gnb4
MSIGDB_HALLMARK_COMPLEMENT	ENSMUSG00000000409	MSigDB Hallmark v7.0 (human->mouse by symbol)	Lck
MSIGDB_HALLMARK_COMPLEMENT	ENSMUSG00000030162	MSigDB Hallmark v7.0 (human->mouse by symbol)	Olr1
MSIGDB_HALLMARK_COMPLEMENT	ENSMUSG00000019849	MSigDB Hallmark v7.0 (human->mouse by symbol)	Prep
MSIGDB_HALLMARK_COMPLEMENT	ENSMUSG00000075705	MSigDB Hallmark v7.0 (human->mouse by symbol)	Msrb1
MSIGDB_HALLMARK_COMPLEMENT	ENSMUSG00000015889	MSigDB Hallmark v7.0 (human->mouse by symbol)	Lta4h
MSIGDB_HALLMARK_COMPLEMENT	ENSMUSG00000022306	MSigDB Hallmark v7.0 (human->mouse by symbol)	Zfpm2
MSIGDB_HALLMARK_COMPLEMENT	ENSMUSG00000042228	MSigDB Hallmark v7.0 (human->mouse by symbol)	Lyn
MSIGDB_HALLMARK_COMPLEMENT	ENSMUSG00000052374	MSigDB Hallmark v7.0 (human->mouse by symbol)	Actn2
MSIGDB_HALLMARK_COMPLEMENT	ENSMUSG00000040564	MSigDB Hallmark v7.0 (human->mouse by symbol)	Apoc1
MSIGDB_HALLMARK_COMPLEMENT	ENSMUSG00000021948	MSigDB Hallmark v7.0 (human->mouse by symbol)	Prkcd
MSIGDB_HALLMARK_COMPLEMENT	ENSMUSG00000030786	MSigDB Hallmark v7.0 (human->mouse by symbol)	Itgam
MSIGDB_HALLMARK_COMPLEMENT	ENSMUSG00000034731	MSigDB Hallmark v7.0 (human->mouse by symbol)	Dgkh
MSIGDB_HALLMARK_COMPLEMENT	ENSMUSG00000032496	MSigDB Hallmark v7.0 (human->mouse by symbol)	Ltf
MSIGDB_HALLMARK_COMPLEMENT	ENSMUSG00000042622	MSigDB Hallmark v7.0 (human->mouse by symbol)	Maff
MSIGDB_HALLMARK_COMPLEMENT	ENSMUSG00000025221	MSigDB Hallmark v7.0 (human->mouse by symbol)	Kcnip2
MSIGDB_HALLMARK_COMPLEMENT	ENSMUSG00000061601	MSigDB Hallmark v7.0 (human->mouse by symbol)	Pclo
MSIGDB_HALLMARK_COMPLEMENT	ENSMUSG00000038608	MSigDB Hallmark v7.0 (human->mouse by symbol)	Dock10
MSIGDB_HALLMARK_COMPLEMENT	ENSMUSG00000042594	MSigDB Hallmark v7.0 (human->mouse by symbol)	Sh2b3
MSIGDB_HALLMARK_COMPLEMENT	ENSMUSG00000042229	MSigDB Hallmark v7.0 (human->mouse by symbol)	Rabif
MSIGDB_HALLMARK_COMPLEMENT	ENSMUSG00000027646	MSigDB Hallmark v7.0 (human->mouse by symbol)	Src
MSIGDB_HALLMARK_COMPLEMENT	ENSMUSG00000046093	MSigDB Hallmark v7.0 (human->mouse by symbol)	Hpcal4
MSIGDB_HALLMARK_COMPLEMENT	ENSMUSG00000016493	MSigDB Hallmark v7.0 (human->mouse by symbol)	Cd46
MSIGDB_HALLMARK_COMPLEMENT	ENSMUSG00000035529	MSigDB Hallmark v7.0 (human->mouse by symbol)	Prdm4
MSIGDB_HALLMARK_COMPLEMENT	ENSMUSG00000000001	MSigDB Hallmark v7.0 (human->mouse by symbol)	Gnai3
MSIGDB_HALLMARK_COMPLEMENT	ENSMUSG00000022149	MSigDB Hallmark v7.0 (human->mouse by symbol)	C9
MSIGDB_HALLMARK_COMPLEMENT	ENSMUSG00000009630	MSigDB Hallmark v7.0 (human->mouse by symbol)	Ppp2cb
MSIGDB_HALLMARK_COMPLEMENT	ENSMUSG00000031627	MSigDB Hallmark v7.0 (human->mouse by symbol)	Irf2
MSIGDB_HALLMARK_COMPLEMENT	ENSMUSG00000019843	MSigDB Hallmark v7.0 (human->mouse by symbol)	Fyn
MSIGDB_HALLMARK_COMPLEMENT	ENSMUSG00000024789	MSigDB Hallmark v7.0 (human->mouse by symbol)	Jak2
MSIGDB_HALLMARK_COMPLEMENT	ENSMUSG00000056220	MSigDB Hallmark v7.0 (human->mouse by symbol)	Pla2g4a
MSIGDB_HALLMARK_COMPLEMENT	ENSMUSG00000061119	MSigDB Hallmark v7.0 (human->mouse by symbol)	Prcp
MSIGDB_HALLMARK_COMPLEMENT	ENSMUSG00000027363	MSigDB Hallmark v7.0 (human->mouse by symbol)	Usp8
MSIGDB_HALLMARK_COMPLEMENT	ENSMUSG00000073982	MSigDB Hallmark v7.0 (human->mouse by symbol)	Rhog
MSIGDB_HALLMARK_COMPLEMENT	ENSMUSG00000041565	MSigDB Hallmark v7.0 (human->mouse by symbol)	L3mbtl4
MSIGDB_HALLMARK_COMPLEMENT	ENSMUSG00000016534	MSigDB Hallmark v7.0 (human->mouse by symbol)	Lamp2
MSIGDB_HALLMARK_COMPLEMENT	ENSMUSG00000024014	MSigDB Hallmark v7.0 (human->mouse by symbol)	Pim1
MSIGDB_HALLMARK_COMPLEMENT	ENSMUSG00000029380	MSigDB Hallmark v7.0 (human->mouse by symbol)	Cxcl1
MSIGDB_HALLMARK_COMPLEMENT	ENSMUSG00000028128	MSigDB Hallmark v7.0 (human->mouse by symbol)	F3
MSIGDB_HALLMARK_COMPLEMENT	ENSMUSG00000032562	MSigDB Hallmark v7.0 (human->mouse by symbol)	Gnai2
MSIGDB_HALLMARK_COMPLEMENT	ENSMUSG00000028914	MSigDB Hallmark v7.0 (human->mouse by symbol)	Casp9
MSIGDB_HALLMARK_COMPLEMENT	ENSMUSG00000025027	MSigDB Hallmark v7.0 (human->mouse by symbol)	Xpnpep1
MSIGDB_HALLMARK_COMPLEMENT	ENSMUSG00000032369	MSigDB Hallmark v7.0 (human->mouse by symbol)	Plscr1
MSIGDB_HALLMARK_COMPLEMENT	ENSMUSG00000025498	MSigDB Hallmark v7.0 (human->mouse by symbol)	Irf7
MSIGDB_HALLMARK_COMPLEMENT	ENSMUSG00000026399	MSigDB Hallmark v7.0 (human->mouse by symbol)	Cd55
MSIGDB_HALLMARK_COMPLEMENT	ENSMUSG00000026864	MSigDB Hallmark v7.0 (human->mouse by symbol)	Hspa5
MSIGDB_HALLMARK_COMPLEMENT	ENSMUSG00000029713	MSigDB Hallmark v7.0 (human->mouse by symbol)	Gnb2
MSIGDB_HALLMARK_COMPLEMENT	ENSMUSG00000028630	MSigDB Hallmark v7.0 (human->mouse by symbol)	Dyrk2
MSIGDB_HALLMARK_COMPLEMENT	ENSMUSG00000023913	MSigDB Hallmark v7.0 (human->mouse by symbol)	Pla2g7
MSIGDB_HALLMARK_COMPLEMENT	ENSMUSG00000059923	MSigDB Hallmark v7.0 (human->mouse by symbol)	Grb2
MSIGDB_HALLMARK_COMPLEMENT	ENSMUSG00000057457	MSigDB Hallmark v7.0 (human->mouse by symbol)	Phex
MSIGDB_HALLMARK_COMPLEMENT	ENSMUSG00000038811	MSigDB Hallmark v7.0 (human->mouse by symbol)	Gngt2
MSIGDB_HALLMARK_COMPLEMENT	ENSMUSG00000035954	MSigDB Hallmark v7.0 (human->mouse by symbol)	Dock4
MSIGDB_HALLMARK_COMPLEMENT	ENSMUSG00000049723	MSigDB Hallmark v7.0 (human->mouse by symbol)	Mmp12
MSIGDB_HALLMARK_COMPLEMENT	ENSMUSG00000079056	MSigDB Hallmark v7.0 (human->mouse by symbol)	Kcnip3
MSIGDB_HALLMARK_COMPLEMENT	ENSMUSG00000032051	MSigDB Hallmark v7.0 (human->mouse by symbol)	Fdx1
MSIGDB_HALLMARK_COMPLEMENT	ENSMUSG00000017466	MSigDB Hallmark v7.0 (human->mouse by symbol)	Timp2
MSIGDB_HALLMARK_COMPLEMENT	ENSMUSG00000005800	MSigDB Hallmark v7.0 (human->mouse by symbol)	Mmp8
MSIGDB_HALLMARK_COMPLEMENT	ENSMUSG00000058715	MSigDB Hallmark v7.0 (human->mouse by symbol)	Fcer1g
MSIGDB_HALLMARK_COMPLEMENT	ENSMUSG00000014550	MSigDB Hallmark v7.0 (human->mouse by symbol)	Rbsn
MSIGDB_HALLMARK_COMPLEMENT	ENSMUSG00000027712	MSigDB Hallmark v7.0 (human->mouse by symbol)	Anxa5
MSIGDB_HALLMARK_COMPLEMENT	ENSMUSG00000026893	MSigDB Hallmark v7.0 (human->mouse by symbol)	Gca
MSIGDB_HALLMARK_COMPLEMENT	ENSMUSG00000024772	MSigDB Hallmark v7.0 (human->mouse by symbol)	Ehd1
MSIGDB_HALLMARK_COMPLEMENT	ENSMUSG00000071519	MSigDB Hallmark v7.0 (human->mouse by symbol)	Prss3
MSIGDB_HALLMARK_COMPLEMENT	ENSMUSG00000031503	MSigDB Hallmark v7.0 (human->mouse by symbol)	Col4a2
MSIGDB_HALLMARK_COMPLEMENT	ENSMUSG00000026421	MSigDB Hallmark v7.0 (human->mouse by symbol)	Csrp1
MSIGDB_HALLMARK_COMPLEMENT	ENSMUSG00000020901	MSigDB Hallmark v7.0 (human->mouse by symbol)	Pik3r5
MSIGDB_HALLMARK_COMPLEMENT	ENSMUSG00000026715	MSigDB Hallmark v7.0 (human->mouse by symbol)	Serpinc1
MSIGDB_HALLMARK_COMPLEMENT	ENSMUSG00000072115	MSigDB Hallmark v7.0 (human->mouse by symbol)	Ang
MSIGDB_HALLMARK_COMPLEMENT	ENSMUSG00000015619	MSigDB Hallmark v7.0 (human->mouse by symbol)	Gata3
MSIGDB_HALLMARK_COMPLEMENT	ENSMUSG00000034765	MSigDB Hallmark v7.0 (human->mouse by symbol)	Dusp5
MSIGDB_HALLMARK_COMPLEMENT	ENSMUSG00000031628	MSigDB Hallmark v7.0 (human->mouse by symbol)	Casp3
MSIGDB_HALLMARK_COMPLEMENT	ENSMUSG00000025616	MSigDB Hallmark v7.0 (human->mouse by symbol)	Usp16
MSIGDB_HALLMARK_COMPLEMENT	ENSMUSG00000003617	MSigDB Hallmark v7.0 (human->mouse by symbol)	Cp
MSIGDB_HALLMARK_COMPLEMENT	ENSMUSG00000019969	MSigDB Hallmark v7.0 (human->mouse by symbol)	Psen1
MSIGDB_HALLMARK_COMPLEMENT	ENSMUSG00000024781	MSigDB Hallmark v7.0 (human->mouse by symbol)	Lipa
MSIGDB_HALLMARK_COMPLEMENT	ENSMUSG00000044254	MSigDB Hallmark v7.0 (human->mouse by symbol)	Pcsk9
MSIGDB_HALLMARK_COMPLEMENT	ENSMUSG00000022861	MSigDB Hallmark v7.0 (human->mouse by symbol)	Dgkg
MSIGDB_HALLMARK_COMPLEMENT	ENSMUSG00000043004	MSigDB Hallmark v7.0 (human->mouse by symbol)	Gng2
MSIGDB_HALLMARK_COMPLEMENT	ENSMUSG00000032418	MSigDB Hallmark v7.0 (human->mouse by symbol)	Me1
MSIGDB_HALLMARK_COMPLEMENT	ENSMUSG00000062014	MSigDB Hallmark v7.0 (human->mouse by symbol)	Gmfb
MSIGDB_HALLMARK_COMPLEMENT	ENSMUSG00000032181	MSigDB Hallmark v7.0 (human->mouse by symbol)	Scg3
MSIGDB_HALLMARK_COMPLEMENT	ENSMUSG00000030697	MSigDB Hallmark v7.0 (human->mouse by symbol)	Ppp4c
MSIGDB_HALLMARK_COMPLEMENT	ENSMUSG00000035042	MSigDB Hallmark v7.0 (human->mouse by symbol)	Ccl5
MSIGDB_HALLMARK_COMPLEMENT	ENSMUSG00000032359	MSigDB Hallmark v7.0 (human->mouse by symbol)	Ctsh
MSIGDB_HALLMARK_COMPLEMENT	ENSMUSG00000031196	MSigDB Hallmark v7.0 (human->mouse by symbol)	F8
MSIGDB_HALLMARK_COMPLEMENT	ENSMUSG00000032080	MSigDB Hallmark v7.0 (human->mouse by symbol)	Apoa4
MSIGDB_HALLMARK_COMPLEMENT	ENSMUSG00000025746	MSigDB Hallmark v7.0 (human->mouse by symbol)	Il6
MSIGDB_HALLMARK_COMPLEMENT	ENSMUSG00000047804	MSigDB Hallmark v7.0 (human->mouse by symbol)	Akap10
MSIGDB_HALLMARK_COMPLEMENT	ENSMUSG00000045210	MSigDB Hallmark v7.0 (human->mouse by symbol)	Vcpip1
MSIGDB_HALLMARK_COMPLEMENT	ENSMUSG00000091971	MSigDB Hallmark v7.0 (human->mouse by symbol)	Hspa1a
MSIGDB_HALLMARK_COMPLEMENT	ENSMUSG00000000441	MSigDB Hallmark v7.0 (human->mouse by symbol)	Raf1
MSIGDB_HALLMARK_COMPLEMENT	ENSMUSG00000015468	MSigDB Hallmark v7.0 (human->mouse by symbol)	Notch4
MSIGDB_HALLMARK_COMPLEMENT	ENSMUSG00000058620	MSigDB Hallmark v7.0 (human->mouse by symbol)	Adra2b
MSIGDB_HALLMARK_COMPLEMENT	ENSMUSG00000056501	MSigDB Hallmark v7.0 (human->mouse by symbol)	Cebpb
MSIGDB_HALLMARK_COMPLEMENT	ENSMUSG00000017950	MSigDB Hallmark v7.0 (human->mouse by symbol)	Hnf4a
MSIGDB_HALLMARK_COMPLEMENT	ENSMUSG00000050335	MSigDB Hallmark v7.0 (human->mouse by symbol)	Lgals3
MSIGDB_HALLMARK_COMPLEMENT	ENSMUSG00000019850	MSigDB Hallmark v7.0 (human->mouse by symbol)	Tnfaip3
MSIGDB_HALLMARK_COMPLEMENT	ENSMUSG00000031841	MSigDB Hallmark v7.0 (human->mouse by symbol)	Cdh13
MSIGDB_HALLMARK_COMPLEMENT	ENSMUSG00000006529	MSigDB Hallmark v7.0 (human->mouse by symbol)	Itih1
MSIGDB_HALLMARK_COMPLEMENT	ENSMUSG00000029664	MSigDB Hallmark v7.0 (human->mouse by symbol)	Tfpi2
MSIGDB_HALLMARK_COMPLEMENT	ENSMUSG00000020573	MSigDB Hallmark v7.0 (human->mouse by symbol)	Pik3cg
MSIGDB_HALLMARK_COMPLEMENT	ENSMUSG00000042312	MSigDB Hallmark v7.0 (human->mouse by symbol)	S100a13
MSIGDB_HALLMARK_EPITHELIAL_MESENCHYMAL_TRANSITION	ENSMUSG00000026043	MSigDB Hallmark v7.0 (human->mouse by symbol)	Col3a1
MSIGDB_HALLMARK_EPITHELIAL_MESENCHYMAL_TRANSITION	ENSMUSG00000026042	MSigDB Hallmark v7.0 (human->mouse by symbol)	Col5a2
MSIGDB_HALLMARK_EPITHELIAL_MESENCHYMAL_TRANSITION	ENSMUSG00000026837	MSigDB Hallmark v7.0 (human->mouse by symbol)	Col5a1
MSIGDB_HALLMARK_EPITHELIAL_MESENCHYMAL_TRANSITION	ENSMUSG00000027204	MSigDB Hallmark v7.0 (human->mouse by symbol)	Fbn1
MSIGDB_HALLMARK_EPITHELIAL_MESENCHYMAL_TRANSITION	ENSMUSG00000001506	MSigDB Hallmark v7.0 (human->mouse by symbol)	Col1a1
MSIGDB_HALLMARK_EPITHELIAL_MESENCHYMAL_TRANSITION	ENSMUSG00000026193	MSigDB Hallmark v7.0 (human->mouse by symbol)	Fn1
MSIGDB_HALLMARK_EPITHELIAL_MESENCHYMAL_TRANSITION	ENSMUSG00000048126	MSigDB Hallmark v7.0 (human->mouse by symbol)	Col6a3
MSIGDB_HALLMARK_EPITHELIAL_MESENCHYMAL_TRANSITION	ENSMUSG00000037411	MSigDB Hallmark v7.0 (human->mouse by symbol)	Serpine1
MSIGDB_HALLMARK_EPITHELIAL_MESENCHYMAL_TRANSITION	ENSMUSG00000029661	MSigDB Hallmark v7.0 (human->mouse by symbol)	Col1a2
MSIGDB_HALLMARK_EPITHELIAL_MESENCHYMAL_TRANSITION	ENSMUSG00000031502	MSigDB Hallmark v7.0 (human->mouse by symbol)	Col4a1
MSIGDB_HALLMARK_EPITHELIAL_MESENCHYMAL_TRANSITION	ENSMUSG00000031503	MSigDB Hallmark v7.0 (human->mouse by symbol)	Col4a2
MSIGDB_HALLMARK_EPITHELIAL_MESENCHYMAL_TRANSITION	ENSMUSG00000021614	MSigDB Hallmark v7.0 (human->mouse by symbol)	Vcan
MSIGDB_HALLMARK_EPITHELIAL_MESENCHYMAL_TRANSITION	ENSMUSG00000020427	MSigDB Hallmark v7.0 (human->mouse by symbol)	Igfbp3
MSIGDB_HALLMARK_EPITHELIAL_MESENCHYMAL_TRANSITION	ENSMUSG00000035493	MSigDB Hallmark v7.0 (human->mouse by symbol)	Tgfbi
MSIGDB_HALLMARK_EPITHELIAL_MESENCHYMAL_TRANSITION	ENSMUSG00000018593	MSigDB Hallmark v7.0 (human->mouse by symbol)	Sparc
MSIGDB_HALLMARK_EPITHELIAL_MESENCHYMAL_TRANSITION	ENSMUSG00000036446	MSigDB Hallmark v7.0 (human->mouse by symbol)	Lum
MSIGDB_HALLMARK_EPITHELIAL_MESENCHYMAL_TRANSITION	ENSMUSG00000026478	MSigDB Hallmark v7.0 (human->mouse by symbol)	Lamc1
MSIGDB_HALLMARK_EPITHELIAL_MESENCHYMAL_TRANSITION	ENSMUSG00000024529	MSigDB Hallmark v7.0 (human->mouse by symbol)	Lox
MSIGDB_HALLMARK_EPITHELIAL_MESENCHYMAL_TRANSITION	ENSMUSG00000026479	MSigDB Hallmark v7.0 (human->mouse by symbol)	Lamc2
MSIGDB_HALLMARK_EPITHELIAL_MESENCHYMAL_TRANSITION	ENSMUSG00000019997	MSigDB Hallmark v7.0 (human->mouse by symbol)	Ccn2
MSIGDB_HALLMARK_EPITHELIAL_MESENCHYMAL_TRANSITION	ENSMUSG00000032085	MSigDB Hallmark v7.0 (human->mouse by symbol)	Tagln
MSIGDB_HALLMARK_EPITHELIAL_MESENCHYMAL_TRANSITION	ENSMUSG00000025650	MSigDB Hallmark v7.0 (human->mouse by symbol)	Col7a1
MSIGDB_HALLMARK_EPITHELIAL_MESENCHYMAL_TRANSITION	ENSMUSG00000034205	MSigDB Hallmark v7.0 (human->mouse by symbol)	Loxl2
MSIGDB_HALLMARK_EPITHELIAL_MESENCHYMAL_TRANSITION	ENSMUSG00000020241	MSigDB Hallmark v7.0 (human->mouse by symbol)	Col6a2
MSIGDB_HALLMARK_EPITHELIAL_MESENCHYMAL_TRANSITION	ENSMUSG00000027087	MSigDB Hallmark v7.0 (human->mouse by symbol)	Itgav
MSIGDB_HALLMARK_EPITHELIAL_MESENCHYMAL_TRANSITION	ENSMUSG00000023885	MSigDB Hallmark v7.0 (human->mouse by symbol)	Thbs2
MSIGDB_HALLMARK_EPITHELIAL_MESENCHYMAL_TRANSITION	ENSMUSG00000040690	MSigDB Hallmark v7.0 (human->mouse by symbol)	Col16a1
MSIGDB_HALLMARK_EPITHELIAL_MESENCHYMAL_TRANSITION	ENSMUSG00000032271	MSigDB Hallmark v7.0 (human->mouse by symbol)	Nnmt
MSIGDB_HALLMARK_EPITHELIAL_MESENCHYMAL_TRANSITION	ENSMUSG00000032366	MSigDB Hallmark v7.0 (human->mouse by symbol)	Tpm1
MSIGDB_HALLMARK_EPITHELIAL_MESENCHYMAL_TRANSITION	ENSMUSG00000024304	MSigDB Hallmark v7.0 (human->mouse by symbol)	Cdh2
MSIGDB_HALLMARK_EPITHELIAL_MESENCHYMAL_TRANSITION	ENSMUSG00000031740	MSigDB Hallmark v7.0 (human->mouse by symbol)	Mmp2
MSIGDB_HALLMARK_EPITHELIAL_MESENCHYMAL_TRANSITION	ENSMUSG00000027966	MSigDB Hallmark v7.0 (human->mouse by symbol)	Col11a1
MSIGDB_HALLMARK_EPITHELIAL_MESENCHYMAL_TRANSITION	ENSMUSG00000040152	MSigDB Hallmark v7.0 (human->mouse by symbol)	Thbs1
MSIGDB_HALLMARK_EPITHELIAL_MESENCHYMAL_TRANSITION	ENSMUSG00000000392	MSigDB Hallmark v7.0 (human->mouse by symbol)	Fap
MSIGDB_HALLMARK_EPITHELIAL_MESENCHYMAL_TRANSITION	ENSMUSG00000031375	MSigDB Hallmark v7.0 (human->mouse by symbol)	Bgn
MSIGDB_HALLMARK_EPITHELIAL_MESENCHYMAL_TRANSITION	ENSMUSG00000070436	MSigDB Hallmark v7.0 (human->mouse by symbol)	Serpinh1
MSIGDB_HALLMARK_EPITHELIAL_MESENCHYMAL_TRANSITION	ENSMUSG00000022816	MSigDB Hallmark v7.0 (human->mouse by symbol)	Fstl1
MSIGDB_HALLMARK_EPITHELIAL_MESENCHYMAL_TRANSITION	ENSMUSG00000027750	MSigDB Hallmark v7.0 (human->mouse by symbol)	Postn
MSIGDB_HALLMARK_EPITHELIAL_MESENCHYMAL_TRANSITION	ENSMUSG00000032011	MSigDB Hallmark v7.0 (human->mouse by symbol)	Thy1
MSIGDB_HALLMARK_EPITHELIAL_MESENCHYMAL_TRANSITION	ENSMUSG00000029304	MSigDB Hallmark v7.0 (human->mouse by symbol)	Spp1
MSIGDB_HALLMARK_EPITHELIAL_MESENCHYMAL_TRANSITION	ENSMUSG00000028364	MSigDB Hallmark v7.0 (human->mouse by symbol)	Tnc
MSIGDB_HALLMARK_EPITHELIAL_MESENCHYMAL_TRANSITION	ENSMUSG00000029664	MSigDB Hallmark v7.0 (human->mouse by symbol)	Tfpi2
MSIGDB_HALLMARK_EPITHELIAL_MESENCHYMAL_TRANSITION	ENSMUSG00000021806	MSigDB Hallmark v7.0 (human->mouse by symbol)	Nid2
MSIGDB_HALLMARK_EPITHELIAL_MESENCHYMAL_TRANSITION	ENSMUSG00000022817	MSigDB Hallmark v7.0 (human->mouse by symbol)	Itgb5
MSIGDB_HALLMARK_EPITHELIAL_MESENCHYMAL_TRANSITION	ENSMUSG00000043613	MSigDB Hallmark v7.0 (human->mouse by symbol)	Mmp3
MSIGDB_HALLMARK_EPITHELIAL_MESENCHYMAL_TRANSITION	ENSMUSG00000026728	MSigDB Hallmark v7.0 (human->mouse by symbol)	Vim
MSIGDB_HALLMARK_EPITHELIAL_MESENCHYMAL_TRANSITION	ENSMUSG00000032334	MSigDB Hallmark v7.0 (human->mouse by symbol)	Loxl1
MSIGDB_HALLMARK_EPITHELIAL_MESENCHYMAL_TRANSITION	ENSMUSG00000021186	MSigDB Hallmark v7.0 (human->mouse by symbol)	Fbln5
MSIGDB_HALLMARK_EPITHELIAL_MESENCHYMAL_TRANSITION	ENSMUSG00000032332	MSigDB Hallmark v7.0 (human->mouse by symbol)	Col12a1
MSIGDB_HALLMARK_EPITHELIAL_MESENCHYMAL_TRANSITION	ENSMUSG00000029675	MSigDB Hallmark v7.0 (human->mouse by symbol)	Eln
MSIGDB_HALLMARK_EPITHELIAL_MESENCHYMAL_TRANSITION	ENSMUSG00000031673	MSigDB Hallmark v7.0 (human->mouse by symbol)	Cdh11
MSIGDB_HALLMARK_EPITHELIAL_MESENCHYMAL_TRANSITION	ENSMUSG00000031849	MSigDB Hallmark v7.0 (human->mouse by symbol)	Comp
MSIGDB_HALLMARK_EPITHELIAL_MESENCHYMAL_TRANSITION	ENSMUSG00000056222	MSigDB Hallmark v7.0 (human->mouse by symbol)	Spock1
MSIGDB_HALLMARK_EPITHELIAL_MESENCHYMAL_TRANSITION	ENSMUSG00000022098	MSigDB Hallmark v7.0 (human->mouse by symbol)	Bmp1
MSIGDB_HALLMARK_EPITHELIAL_MESENCHYMAL_TRANSITION	ENSMUSG00000024421	MSigDB Hallmark v7.0 (human->mouse by symbol)	Lama3
MSIGDB_HALLMARK_EPITHELIAL_MESENCHYMAL_TRANSITION	ENSMUSG00000001131	MSigDB Hallmark v7.0 (human->mouse by symbol)	Timp1
MSIGDB_HALLMARK_EPITHELIAL_MESENCHYMAL_TRANSITION	ENSMUSG00000033684	MSigDB Hallmark v7.0 (human->mouse by symbol)	Qsox1
MSIGDB_HALLMARK_EPITHELIAL_MESENCHYMAL_TRANSITION	ENSMUSG00000020044	MSigDB Hallmark v7.0 (human->mouse by symbol)	Timp3
MSIGDB_HALLMARK_EPITHELIAL_MESENCHYMAL_TRANSITION	ENSMUSG00000027962	MSigDB Hallmark v7.0 (human->mouse by symbol)	Vcam1
MSIGDB_HALLMARK_EPITHELIAL_MESENCHYMAL_TRANSITION	ENSMUSG00000028195	MSigDB Hallmark v7.0 (human->mouse by symbol)	Ccn1
MSIGDB_HALLMARK_EPITHELIAL_MESENCHYMAL_TRANSITION	ENSMUSG00000034488	MSigDB Hallmark v7.0 (human->mouse by symbol)	Edil3
MSIGDB_HALLMARK_EPITHELIAL_MESENCHYMAL_TRANSITION	ENSMUSG00000029761	MSigDB Hallmark v7.0 (human->mouse by symbol)	Cald1
MSIGDB_HALLMARK_EPITHELIAL_MESENCHYMAL_TRANSITION	ENSMUSG00000031227	MSigDB Hallmark v7.0 (human->mouse by symbol)	Magee1
MSIGDB_HALLMARK_EPITHELIAL_MESENCHYMAL_TRANSITION	ENSMUSG00000006369	MSigDB Hallmark v7.0 (human->mouse by symbol)	Fbln1
MSIGDB_HALLMARK_EPITHELIAL_MESENCHYMAL_TRANSITION	ENSMUSG00000029156	MSigDB Hallmark v7.0 (human->mouse by symbol)	Sgcb
MSIGDB_HALLMARK_EPITHELIAL_MESENCHYMAL_TRANSITION	ENSMUSG00000028108	MSigDB Hallmark v7.0 (human->mouse by symbol)	Ecm1
MSIGDB_HALLMARK_EPITHELIAL_MESENCHYMAL_TRANSITION	ENSMUSG00000019899	MSigDB Hallmark v7.0 (human->mouse by symbol)	Lama2
MSIGDB_HALLMARK_EPITHELIAL_MESENCHYMAL_TRANSITION	ENSMUSG00000020325	MSigDB Hallmark v7.0 (human->mouse by symbol)	Fstl3
MSIGDB_HALLMARK_EPITHELIAL_MESENCHYMAL_TRANSITION	ENSMUSG00000028464	MSigDB Hallmark v7.0 (human->mouse by symbol)	Tpm2
MSIGDB_HALLMARK_EPITHELIAL_MESENCHYMAL_TRANSITION	ENSMUSG00000041324	MSigDB Hallmark v7.0 (human->mouse by symbol)	Inhba
MSIGDB_HALLMARK_EPITHELIAL_MESENCHYMAL_TRANSITION	ENSMUSG00000022150	MSigDB Hallmark v7.0 (human->mouse by symbol)	Dab2
MSIGDB_HALLMARK_EPITHELIAL_MESENCHYMAL_TRANSITION	ENSMUSG00000040212	MSigDB Hallmark v7.0 (human->mouse by symbol)	Emp3
MSIGDB_HALLMARK_EPITHELIAL_MESENCHYMAL_TRANSITION	ENSMUSG00000045763	MSigDB Hallmark v7.0 (human->mouse by symbol)	Basp1
MSIGDB_HALLMARK_EPITHELIAL_MESENCHYMAL_TRANSITION	ENSMUSG00000000555	MSigDB Hallmark v7.0 (human->mouse by symbol)	Itga5
MSIGDB_HALLMARK_EPITHELIAL_MESENCHYMAL_TRANSITION	ENSMUSG00000030218	MSigDB Hallmark v7.0 (human->mouse by symbol)	Mgp
MSIGDB_HALLMARK_EPITHELIAL_MESENCHYMAL_TRANSITION	ENSMUSG00000023951	MSigDB Hallmark v7.0 (human->mouse by symbol)	Vegfa
MSIGDB_HALLMARK_EPITHELIAL_MESENCHYMAL_TRANSITION	ENSMUSG00000029380	MSigDB Hallmark v7.0 (human->mouse by symbol)	Cxcl1
MSIGDB_HALLMARK_EPITHELIAL_MESENCHYMAL_TRANSITION	ENSMUSG00000021994	MSigDB Hallmark v7.0 (human->mouse by symbol)	Wnt5a
MSIGDB_HALLMARK_EPITHELIAL_MESENCHYMAL_TRANSITION	ENSMUSG00000020592	MSigDB Hallmark v7.0 (human->mouse by symbol)	Sdc1
MSIGDB_HALLMARK_EPITHELIAL_MESENCHYMAL_TRANSITION	ENSMUSG00000032374	MSigDB Hallmark v7.0 (human->mouse by symbol)	Plod2
MSIGDB_HALLMARK_EPITHELIAL_MESENCHYMAL_TRANSITION	ENSMUSG00000029718	MSigDB Hallmark v7.0 (human->mouse by symbol)	Pcolce
MSIGDB_HALLMARK_EPITHELIAL_MESENCHYMAL_TRANSITION	ENSMUSG00000074934	MSigDB Hallmark v7.0 (human->mouse by symbol)	Grem1
MSIGDB_HALLMARK_EPITHELIAL_MESENCHYMAL_TRANSITION	ENSMUSG00000025809	MSigDB Hallmark v7.0 (human->mouse by symbol)	Itgb1
MSIGDB_HALLMARK_EPITHELIAL_MESENCHYMAL_TRANSITION	ENSMUSG00000004098	MSigDB Hallmark v7.0 (human->mouse by symbol)	Col5a3
MSIGDB_HALLMARK_EPITHELIAL_MESENCHYMAL_TRANSITION	ENSMUSG00000054364	MSigDB Hallmark v7.0 (human->mouse by symbol)	Rhob
MSIGDB_HALLMARK_EPITHELIAL_MESENCHYMAL_TRANSITION	ENSMUSG00000006205	MSigDB Hallmark v7.0 (human->mouse by symbol)	Htra1
MSIGDB_HALLMARK_EPITHELIAL_MESENCHYMAL_TRANSITION	ENSMUSG00000037225	MSigDB Hallmark v7.0 (human->mouse by symbol)	Fgf2
MSIGDB_HALLMARK_EPITHELIAL_MESENCHYMAL_TRANSITION	ENSMUSG00000060429	MSigDB Hallmark v7.0 (human->mouse by symbol)	Sntb1
MSIGDB_HALLMARK_EPITHELIAL_MESENCHYMAL_TRANSITION	ENSMUSG00000036390	MSigDB Hallmark v7.0 (human->mouse by symbol)	Gadd45a
MSIGDB_HALLMARK_EPITHELIAL_MESENCHYMAL_TRANSITION	ENSMUSG00000051855	MSigDB Hallmark v7.0 (human->mouse by symbol)	Mest
MSIGDB_HALLMARK_EPITHELIAL_MESENCHYMAL_TRANSITION	ENSMUSG00000052316	MSigDB Hallmark v7.0 (human->mouse by symbol)	Lrrc15
MSIGDB_HALLMARK_EPITHELIAL_MESENCHYMAL_TRANSITION	ENSMUSG00000063727	MSigDB Hallmark v7.0 (human->mouse by symbol)	Tnfrsf11b
MSIGDB_HALLMARK_EPITHELIAL_MESENCHYMAL_TRANSITION	ENSMUSG00000035783	MSigDB Hallmark v7.0 (human->mouse by symbol)	Acta2
MSIGDB_HALLMARK_EPITHELIAL_MESENCHYMAL_TRANSITION	ENSMUSG00000024909	MSigDB Hallmark v7.0 (human->mouse by symbol)	Efemp2
MSIGDB_HALLMARK_EPITHELIAL_MESENCHYMAL_TRANSITION	ENSMUSG00000022324	MSigDB Hallmark v7.0 (human->mouse by symbol)	Matn2
MSIGDB_HALLMARK_EPITHELIAL_MESENCHYMAL_TRANSITION	ENSMUSG00000015354	MSigDB Hallmark v7.0 (human->mouse by symbol)	Pcolce2
MSIGDB_HALLMARK_EPITHELIAL_MESENCHYMAL_TRANSITION	ENSMUSG00000026249	MSigDB Hallmark v7.0 (human->mouse by symbol)	Serpine2
MSIGDB_HALLMARK_EPITHELIAL_MESENCHYMAL_TRANSITION	ENSMUSG00000034220	MSigDB Hallmark v7.0 (human->mouse by symbol)	Gpc1
MSIGDB_HALLMARK_EPITHELIAL_MESENCHYMAL_TRANSITION	ENSMUSG00000035258	MSigDB Hallmark v7.0 (human->mouse by symbol)	Abi3bp
MSIGDB_HALLMARK_EPITHELIAL_MESENCHYMAL_TRANSITION	ENSMUSG00000028673	MSigDB Hallmark v7.0 (human->mouse by symbol)	Fuca1
MSIGDB_HALLMARK_EPITHELIAL_MESENCHYMAL_TRANSITION	ENSMUSG00000056427	MSigDB Hallmark v7.0 (human->mouse by symbol)	Slit3
MSIGDB_HALLMARK_EPITHELIAL_MESENCHYMAL_TRANSITION	ENSMUSG00000032796	MSigDB Hallmark v7.0 (human->mouse by symbol)	Lama1
MSIGDB_HALLMARK_EPITHELIAL_MESENCHYMAL_TRANSITION	ENSMUSG00000038400	MSigDB Hallmark v7.0 (human->mouse by symbol)	Pmepa1
MSIGDB_HALLMARK_EPITHELIAL_MESENCHYMAL_TRANSITION	ENSMUSG00000056174	MSigDB Hallmark v7.0 (human->mouse by symbol)	Col8a2
MSIGDB_HALLMARK_EPITHELIAL_MESENCHYMAL_TRANSITION	ENSMUSG00000024598	MSigDB Hallmark v7.0 (human->mouse by symbol)	Fbn2
MSIGDB_HALLMARK_EPITHELIAL_MESENCHYMAL_TRANSITION	ENSMUSG00000039323	MSigDB Hallmark v7.0 (human->mouse by symbol)	Igfbp2
MSIGDB_HALLMARK_EPITHELIAL_MESENCHYMAL_TRANSITION	ENSMUSG00000027805	MSigDB Hallmark v7.0 (human->mouse by symbol)	Pfn2
MSIGDB_HALLMARK_EPITHELIAL_MESENCHYMAL_TRANSITION	ENSMUSG00000017009	MSigDB Hallmark v7.0 (human->mouse by symbol)	Sdc4
MSIGDB_HALLMARK_EPITHELIAL_MESENCHYMAL_TRANSITION	ENSMUSG00000005087	MSigDB Hallmark v7.0 (human->mouse by symbol)	Cd44
MSIGDB_HALLMARK_EPITHELIAL_MESENCHYMAL_TRANSITION	ENSMUSG00000015312	MSigDB Hallmark v7.0 (human->mouse by symbol)	Gadd45b
MSIGDB_HALLMARK_EPITHELIAL_MESENCHYMAL_TRANSITION	ENSMUSG00000056888	MSigDB Hallmark v7.0 (human->mouse by symbol)	Glipr1
MSIGDB_HALLMARK_EPITHELIAL_MESENCHYMAL_TRANSITION	ENSMUSG00000039062	MSigDB Hallmark v7.0 (human->mouse by symbol)	Anpep
MSIGDB_HALLMARK_EPITHELIAL_MESENCHYMAL_TRANSITION	ENSMUSG00000028641	MSigDB Hallmark v7.0 (human->mouse by symbol)	P3h1
MSIGDB_HALLMARK_EPITHELIAL_MESENCHYMAL_TRANSITION	ENSMUSG00000031520	MSigDB Hallmark v7.0 (human->mouse by symbol)	Vegfc
MSIGDB_HALLMARK_EPITHELIAL_MESENCHYMAL_TRANSITION	ENSMUSG00000000957	MSigDB Hallmark v7.0 (human->mouse by symbol)	Mmp14
MSIGDB_HALLMARK_EPITHELIAL_MESENCHYMAL_TRANSITION	ENSMUSG00000020354	MSigDB Hallmark v7.0 (human->mouse by symbol)	Sgcd
MSIGDB_HALLMARK_EPITHELIAL_MESENCHYMAL_TRANSITION	ENSMUSG00000019055	MSigDB Hallmark v7.0 (human->mouse by symbol)	Plod1
MSIGDB_HALLMARK_EPITHELIAL_MESENCHYMAL_TRANSITION	ENSMUSG00000020583	MSigDB Hallmark v7.0 (human->mouse by symbol)	Matn3
MSIGDB_HALLMARK_EPITHELIAL_MESENCHYMAL_TRANSITION	ENSMUSG00000067818	MSigDB Hallmark v7.0 (human->mouse by symbol)	Myl9
MSIGDB_HALLMARK_EPITHELIAL_MESENCHYMAL_TRANSITION	ENSMUSG00000019558	MSigDB Hallmark v7.0 (human->mouse by symbol)	Slc6a8
MSIGDB_HALLMARK_EPITHELIAL_MESENCHYMAL_TRANSITION	ENSMUSG00000029767	MSigDB Hallmark v7.0 (human->mouse by symbol)	Calu
MSIGDB_HALLMARK_EPITHELIAL_MESENCHYMAL_TRANSITION	ENSMUSG00000026586	MSigDB Hallmark v7.0 (human->mouse by symbol)	Prrx1
MSIGDB_HALLMARK_EPITHELIAL_MESENCHYMAL_TRANSITION	ENSMUSG00000023905	MSigDB Hallmark v7.0 (human->mouse by symbol)	Tnfrsf12a
MSIGDB_HALLMARK_EPITHELIAL_MESENCHYMAL_TRANSITION	ENSMUSG00000041559	MSigDB Hallmark v7.0 (human->mouse by symbol)	Fmod
MSIGDB_HALLMARK_EPITHELIAL_MESENCHYMAL_TRANSITION	ENSMUSG00000020644	MSigDB Hallmark v7.0 (human->mouse by symbol)	Id2
MSIGDB_HALLMARK_EPITHELIAL_MESENCHYMAL_TRANSITION	ENSMUSG00000028214	MSigDB Hallmark v7.0 (human->mouse by symbol)	Gem
MSIGDB_HALLMARK_EPITHELIAL_MESENCHYMAL_TRANSITION	ENSMUSG00000046223	MSigDB Hallmark v7.0 (human->mouse by symbol)	Plaur
MSIGDB_HALLMARK_EPITHELIAL_MESENCHYMAL_TRANSITION	ENSMUSG00000022836	MSigDB Hallmark v7.0 (human->mouse by symbol)	Mylk
MSIGDB_HALLMARK_EPITHELIAL_MESENCHYMAL_TRANSITION	ENSMUSG00000002603	MSigDB Hallmark v7.0 (human->mouse by symbol)	Tgfb1
MSIGDB_HALLMARK_EPITHELIAL_MESENCHYMAL_TRANSITION	ENSMUSG00000031548	MSigDB Hallmark v7.0 (human->mouse by symbol)	Sfrp1
MSIGDB_HALLMARK_EPITHELIAL_MESENCHYMAL_TRANSITION	ENSMUSG00000004846	MSigDB Hallmark v7.0 (human->mouse by symbol)	Plod3
MSIGDB_HALLMARK_EPITHELIAL_MESENCHYMAL_TRANSITION	ENSMUSG00000025746	MSigDB Hallmark v7.0 (human->mouse by symbol)	Il6
MSIGDB_HALLMARK_EPITHELIAL_MESENCHYMAL_TRANSITION	ENSMUSG00000006651	MSigDB Hallmark v7.0 (human->mouse by symbol)	Aplp1
MSIGDB_HALLMARK_EPITHELIAL_MESENCHYMAL_TRANSITION	ENSMUSG00000064080	MSigDB Hallmark v7.0 (human->mouse by symbol)	Fbln2
MSIGDB_HALLMARK_EPITHELIAL_MESENCHYMAL_TRANSITION	ENSMUSG00000048450	MSigDB Hallmark v7.0 (human->mouse by symbol)	Msx1
MSIGDB_HALLMARK_EPITHELIAL_MESENCHYMAL_TRANSITION	ENSMUSG00000027832	MSigDB Hallmark v7.0 (human->mouse by symbol)	Ptx3
MSIGDB_HALLMARK_EPITHELIAL_MESENCHYMAL_TRANSITION	ENSMUSG00000036904	MSigDB Hallmark v7.0 (human->mouse by symbol)	Fzd8
MSIGDB_HALLMARK_EPITHELIAL_MESENCHYMAL_TRANSITION	ENSMUSG00000052684	MSigDB Hallmark v7.0 (human->mouse by symbol)	Jun
MSIGDB_HALLMARK_EPITHELIAL_MESENCHYMAL_TRANSITION	ENSMUSG00000037712	MSigDB Hallmark v7.0 (human->mouse by symbol)	Fermt2
MSIGDB_HALLMARK_EPITHELIAL_MESENCHYMAL_TRANSITION	ENSMUSG00000024868	MSigDB Hallmark v7.0 (human->mouse by symbol)	Dkk1
MSIGDB_HALLMARK_EPITHELIAL_MESENCHYMAL_TRANSITION	ENSMUSG00000022676	MSigDB Hallmark v7.0 (human->mouse by symbol)	Snai2
MSIGDB_HALLMARK_EPITHELIAL_MESENCHYMAL_TRANSITION	ENSMUSG00000026131	MSigDB Hallmark v7.0 (human->mouse by symbol)	Dst
MSIGDB_HALLMARK_EPITHELIAL_MESENCHYMAL_TRANSITION	ENSMUSG00000031799	MSigDB Hallmark v7.0 (human->mouse by symbol)	Tpm4
MSIGDB_HALLMARK_EPITHELIAL_MESENCHYMAL_TRANSITION	ENSMUSG00000019929	MSigDB Hallmark v7.0 (human->mouse by symbol)	Dcn
MSIGDB_HALLMARK_EPITHELIAL_MESENCHYMAL_TRANSITION	ENSMUSG00000050953	MSigDB Hallmark v7.0 (human->mouse by symbol)	Gja1
MSIGDB_HALLMARK_EPITHELIAL_MESENCHYMAL_TRANSITION	ENSMUSG00000018217	MSigDB Hallmark v7.0 (human->mouse by symbol)	Pmp22
MSIGDB_HALLMARK_EPITHELIAL_MESENCHYMAL_TRANSITION	ENSMUSG00000017493	MSigDB Hallmark v7.0 (human->mouse by symbol)	Igfbp4
MSIGDB_HALLMARK_EPITHELIAL_MESENCHYMAL_TRANSITION	ENSMUSG00000026553	MSigDB Hallmark v7.0 (human->mouse by symbol)	Copa
MSIGDB_HALLMARK_EPITHELIAL_MESENCHYMAL_TRANSITION	ENSMUSG00000040249	MSigDB Hallmark v7.0 (human->mouse by symbol)	Lrp1
MSIGDB_HALLMARK_EPITHELIAL_MESENCHYMAL_TRANSITION	ENSMUSG00000015533	MSigDB Hallmark v7.0 (human->mouse by symbol)	Itga2
MSIGDB_HALLMARK_EPITHELIAL_MESENCHYMAL_TRANSITION	ENSMUSG00000031328	MSigDB Hallmark v7.0 (human->mouse by symbol)	Flna
MSIGDB_HALLMARK_EPITHELIAL_MESENCHYMAL_TRANSITION	ENSMUSG00000030116	MSigDB Hallmark v7.0 (human->mouse by symbol)	Mfap5
MSIGDB_HALLMARK_EPITHELIAL_MESENCHYMAL_TRANSITION	ENSMUSG00000048776	MSigDB Hallmark v7.0 (human->mouse by symbol)	Pthlh
MSIGDB_HALLMARK_EPITHELIAL_MESENCHYMAL_TRANSITION	ENSMUSG00000029287	MSigDB Hallmark v7.0 (human->mouse by symbol)	Tgfbr3
MSIGDB_HALLMARK_EPITHELIAL_MESENCHYMAL_TRANSITION	ENSMUSG00000021319	MSigDB Hallmark v7.0 (human->mouse by symbol)	Sfrp4
MSIGDB_HALLMARK_EPITHELIAL_MESENCHYMAL_TRANSITION	ENSMUSG00000068220	MSigDB Hallmark v7.0 (human->mouse by symbol)	Lgals1
MSIGDB_HALLMARK_EPITHELIAL_MESENCHYMAL_TRANSITION	ENSMUSG00000038530	MSigDB Hallmark v7.0 (human->mouse by symbol)	Rgs4
MSIGDB_HALLMARK_EPITHELIAL_MESENCHYMAL_TRANSITION	ENSMUSG00000039385	MSigDB Hallmark v7.0 (human->mouse by symbol)	Cdh6
MSIGDB_HALLMARK_EPITHELIAL_MESENCHYMAL_TRANSITION	ENSMUSG00000025283	MSigDB Hallmark v7.0 (human->mouse by symbol)	Sat1
MSIGDB_HALLMARK_EPITHELIAL_MESENCHYMAL_TRANSITION	ENSMUSG00000032420	MSigDB Hallmark v7.0 (human->mouse by symbol)	Nt5e
MSIGDB_HALLMARK_EPITHELIAL_MESENCHYMAL_TRANSITION	ENSMUSG00000024501	MSigDB Hallmark v7.0 (human->mouse by symbol)	Dpysl3
MSIGDB_HALLMARK_EPITHELIAL_MESENCHYMAL_TRANSITION	ENSMUSG00000032383	MSigDB Hallmark v7.0 (human->mouse by symbol)	Ppib
MSIGDB_HALLMARK_EPITHELIAL_MESENCHYMAL_TRANSITION	ENSMUSG00000037820	MSigDB Hallmark v7.0 (human->mouse by symbol)	Tgm2
MSIGDB_HALLMARK_EPITHELIAL_MESENCHYMAL_TRANSITION	ENSMUSG00000035296	MSigDB Hallmark v7.0 (human->mouse by symbol)	Sgcg
MSIGDB_HALLMARK_EPITHELIAL_MESENCHYMAL_TRANSITION	ENSMUSG00000020689	MSigDB Hallmark v7.0 (human->mouse by symbol)	Itgb3
MSIGDB_HALLMARK_EPITHELIAL_MESENCHYMAL_TRANSITION	ENSMUSG00000020388	MSigDB Hallmark v7.0 (human->mouse by symbol)	Pdlim4
MSIGDB_HALLMARK_EPITHELIAL_MESENCHYMAL_TRANSITION	ENSMUSG00000054196	MSigDB Hallmark v7.0 (human->mouse by symbol)	Cthrc1
MSIGDB_HALLMARK_EPITHELIAL_MESENCHYMAL_TRANSITION	ENSMUSG00000043631	MSigDB Hallmark v7.0 (human->mouse by symbol)	Ecm2
MSIGDB_HALLMARK_EPITHELIAL_MESENCHYMAL_TRANSITION	ENSMUSG00000007888	MSigDB Hallmark v7.0 (human->mouse by symbol)	Crlf1
MSIGDB_HALLMARK_EPITHELIAL_MESENCHYMAL_TRANSITION	ENSMUSG00000029378	MSigDB Hallmark v7.0 (human->mouse by symbol)	Areg
MSIGDB_HALLMARK_EPITHELIAL_MESENCHYMAL_TRANSITION	ENSMUSG00000031712	MSigDB Hallmark v7.0 (human->mouse by symbol)	Il15
MSIGDB_HALLMARK_EPITHELIAL_MESENCHYMAL_TRANSITION	ENSMUSG00000029730	MSigDB Hallmark v7.0 (human->mouse by symbol)	Mcm7
MSIGDB_HALLMARK_EPITHELIAL_MESENCHYMAL_TRANSITION	ENSMUSG00000052957	MSigDB Hallmark v7.0 (human->mouse by symbol)	Gas1
MSIGDB_HALLMARK_EPITHELIAL_MESENCHYMAL_TRANSITION	ENSMUSG00000057163	MSigDB Hallmark v7.0 (human->mouse by symbol)	Prss2
MSIGDB_HALLMARK_EPITHELIAL_MESENCHYMAL_TRANSITION	ENSMUSG00000032076	MSigDB Hallmark v7.0 (human->mouse by symbol)	Cadm1
MSIGDB_HALLMARK_EPITHELIAL_MESENCHYMAL_TRANSITION	ENSMUSG00000049112	MSigDB Hallmark v7.0 (human->mouse by symbol)	Oxtr
MSIGDB_HALLMARK_EPITHELIAL_MESENCHYMAL_TRANSITION	ENSMUSG00000050711	MSigDB Hallmark v7.0 (human->mouse by symbol)	Scg2
MSIGDB_HALLMARK_EPITHELIAL_MESENCHYMAL_TRANSITION	ENSMUSG00000019850	MSigDB Hallmark v7.0 (human->mouse by symbol)	Tnfaip3
MSIGDB_HALLMARK_EPITHELIAL_MESENCHYMAL_TRANSITION	ENSMUSG00000056737	MSigDB Hallmark v7.0 (human->mouse by symbol)	Capg
MSIGDB_HALLMARK_EPITHELIAL_MESENCHYMAL_TRANSITION	ENSMUSG00000021373	MSigDB Hallmark v7.0 (human->mouse by symbol)	Cap2
MSIGDB_HALLMARK_EPITHELIAL_MESENCHYMAL_TRANSITION	ENSMUSG00000046714	MSigDB Hallmark v7.0 (human->mouse by symbol)	Foxc2
MSIGDB_HALLMARK_EPITHELIAL_MESENCHYMAL_TRANSITION	ENSMUSG00000059974	MSigDB Hallmark v7.0 (human->mouse by symbol)	Ntm
MSIGDB_HALLMARK_EPITHELIAL_MESENCHYMAL_TRANSITION	ENSMUSG00000004267	MSigDB Hallmark v7.0 (human->mouse by symbol)	Eno2
MSIGDB_HALLMARK_EPITHELIAL_MESENCHYMAL_TRANSITION	ENSMUSG00000024778	MSigDB Hallmark v7.0 (human->mouse by symbol)	Fas
MSIGDB_HALLMARK_EPITHELIAL_MESENCHYMAL_TRANSITION	ENSMUSG00000048482	MSigDB Hallmark v7.0 (human->mouse by symbol)	Bdnf
MSIGDB_HALLMARK_EPITHELIAL_MESENCHYMAL_TRANSITION	ENSMUSG00000054555	MSigDB Hallmark v7.0 (human->mouse by symbol)	Adam12
MSIGDB_HALLMARK_EPITHELIAL_MESENCHYMAL_TRANSITION	ENSMUSG00000040511	MSigDB Hallmark v7.0 (human->mouse by symbol)	Pvr
MSIGDB_HALLMARK_EPITHELIAL_MESENCHYMAL_TRANSITION	ENSMUSG00000061353	MSigDB Hallmark v7.0 (human->mouse by symbol)	Cxcl12
MSIGDB_HALLMARK_EPITHELIAL_MESENCHYMAL_TRANSITION	ENSMUSG00000024620	MSigDB Hallmark v7.0 (human->mouse by symbol)	Pdgfrb
MSIGDB_HALLMARK_EPITHELIAL_MESENCHYMAL_TRANSITION	ENSMUSG00000031558	MSigDB Hallmark v7.0 (human->mouse by symbol)	Slit2
MSIGDB_HALLMARK_EPITHELIAL_MESENCHYMAL_TRANSITION	ENSMUSG00000027878	MSigDB Hallmark v7.0 (human->mouse by symbol)	Notch2
MSIGDB_HALLMARK_EPITHELIAL_MESENCHYMAL_TRANSITION	ENSMUSG00000034807	MSigDB Hallmark v7.0 (human->mouse by symbol)	Colgalt1
MSIGDB_HALLMARK_EPITHELIAL_MESENCHYMAL_TRANSITION	ENSMUSG00000028597	MSigDB Hallmark v7.0 (human->mouse by symbol)	Gpx7
MSIGDB_HALLMARK_EPITHELIAL_MESENCHYMAL_TRANSITION	ENSMUSG00000075284	MSigDB Hallmark v7.0 (human->mouse by symbol)	Wipf1
MSIGDB_HALLMARK_INFLAMMATORY_RESPONSE	ENSMUSG00000034855	MSigDB Hallmark v7.0 (human->mouse by symbol)	Cxcl10
MSIGDB_HALLMARK_INFLAMMATORY_RESPONSE	ENSMUSG00000035385	MSigDB Hallmark v7.0 (human->mouse by symbol)	Ccl2
MSIGDB_HALLMARK_INFLAMMATORY_RESPONSE	ENSMUSG00000035042	MSigDB Hallmark v7.0 (human->mouse by symbol)	Ccl5
MSIGDB_HALLMARK_INFLAMMATORY_RESPONSE	ENSMUSG00000045551	MSigDB Hallmark v7.0 (human->mouse by symbol)	Fpr1
MSIGDB_HALLMARK_INFLAMMATORY_RESPONSE	ENSMUSG00000026166	MSigDB Hallmark v7.0 (human->mouse by symbol)	Ccl20
MSIGDB_HALLMARK_INFLAMMATORY_RESPONSE	ENSMUSG00000027399	MSigDB Hallmark v7.0 (human->mouse by symbol)	Il1a
MSIGDB_HALLMARK_INFLAMMATORY_RESPONSE	ENSMUSG00000035373	MSigDB Hallmark v7.0 (human->mouse by symbol)	Ccl7
MSIGDB_HALLMARK_INFLAMMATORY_RESPONSE	ENSMUSG00000031779	MSigDB Hallmark v7.0 (human->mouse by symbol)	Ccl22
MSIGDB_HALLMARK_INFLAMMATORY_RESPONSE	ENSMUSG00000060183	MSigDB Hallmark v7.0 (human->mouse by symbol)	Cxcl11
MSIGDB_HALLMARK_INFLAMMATORY_RESPONSE	ENSMUSG00000037944	MSigDB Hallmark v7.0 (human->mouse by symbol)	Ccr7
MSIGDB_HALLMARK_INFLAMMATORY_RESPONSE	ENSMUSG00000021367	MSigDB Hallmark v7.0 (human->mouse by symbol)	Edn1
MSIGDB_HALLMARK_INFLAMMATORY_RESPONSE	ENSMUSG00000017652	MSigDB Hallmark v7.0 (human->mouse by symbol)	Cd40
MSIGDB_HALLMARK_INFLAMMATORY_RESPONSE	ENSMUSG00000029417	MSigDB Hallmark v7.0 (human->mouse by symbol)	Cxcl9
MSIGDB_HALLMARK_INFLAMMATORY_RESPONSE	ENSMUSG00000025746	MSigDB Hallmark v7.0 (human->mouse by symbol)	Il6
MSIGDB_HALLMARK_INFLAMMATORY_RESPONSE	ENSMUSG00000027398	MSigDB Hallmark v7.0 (human->mouse by symbol)	Il1b
MSIGDB_HALLMARK_INFLAMMATORY_RESPONSE	ENSMUSG00000027995	MSigDB Hallmark v7.0 (human->mouse by symbol)	Tlr2
MSIGDB_HALLMARK_INFLAMMATORY_RESPONSE	ENSMUSG00000026072	MSigDB Hallmark v7.0 (human->mouse by symbol)	Il1r1
MSIGDB_HALLMARK_INFLAMMATORY_RESPONSE	ENSMUSG00000030156	MSigDB Hallmark v7.0 (human->mouse by symbol)	Cd69
MSIGDB_HALLMARK_INFLAMMATORY_RESPONSE	ENSMUSG00000037405	MSigDB Hallmark v7.0 (human->mouse by symbol)	Icam1
MSIGDB_HALLMARK_INFLAMMATORY_RESPONSE	ENSMUSG00000043953	MSigDB Hallmark v7.0 (human->mouse by symbol)	Ccrl2
MSIGDB_HALLMARK_INFLAMMATORY_RESPONSE	ENSMUSG00000032204	MSigDB Hallmark v7.0 (human->mouse by symbol)	Aqp9
MSIGDB_HALLMARK_INFLAMMATORY_RESPONSE	ENSMUSG00000029377	MSigDB Hallmark v7.0 (human->mouse by symbol)	Ereg
MSIGDB_HALLMARK_INFLAMMATORY_RESPONSE	ENSMUSG00000040552	MSigDB Hallmark v7.0 (human->mouse by symbol)	C3ar1
MSIGDB_HALLMARK_INFLAMMATORY_RESPONSE	ENSMUSG00000034792	MSigDB Hallmark v7.0 (human->mouse by symbol)	Gna15
MSIGDB_HALLMARK_INFLAMMATORY_RESPONSE	ENSMUSG00000042190	MSigDB Hallmark v7.0 (human->mouse by symbol)	Cmklr1
MSIGDB_HALLMARK_INFLAMMATORY_RESPONSE	ENSMUSG00000039942	MSigDB Hallmark v7.0 (human->mouse by symbol)	Ptger4
MSIGDB_HALLMARK_INFLAMMATORY_RESPONSE	ENSMUSG00000034394	MSigDB Hallmark v7.0 (human->mouse by symbol)	Lif
MSIGDB_HALLMARK_INFLAMMATORY_RESPONSE	ENSMUSG00000031712	MSigDB Hallmark v7.0 (human->mouse by symbol)	Il15
MSIGDB_HALLMARK_INFLAMMATORY_RESPONSE	ENSMUSG00000020572	MSigDB Hallmark v7.0 (human->mouse by symbol)	Nampt
MSIGDB_HALLMARK_INFLAMMATORY_RESPONSE	ENSMUSG00000025905	MSigDB Hallmark v7.0 (human->mouse by symbol)	Oprk1
MSIGDB_HALLMARK_INFLAMMATORY_RESPONSE	ENSMUSG00000025321	MSigDB Hallmark v7.0 (human->mouse by symbol)	Itgb8
MSIGDB_HALLMARK_INFLAMMATORY_RESPONSE	ENSMUSG00000056529	MSigDB Hallmark v7.0 (human->mouse by symbol)	Ptafr
MSIGDB_HALLMARK_INFLAMMATORY_RESPONSE	ENSMUSG00000030790	MSigDB Hallmark v7.0 (human->mouse by symbol)	Adm
MSIGDB_HALLMARK_INFLAMMATORY_RESPONSE	ENSMUSG00000046223	MSigDB Hallmark v7.0 (human->mouse by symbol)	Plaur
MSIGDB_HALLMARK_INFLAMMATORY_RESPONSE	ENSMUSG00000028163	MSigDB Hallmark v7.0 (human->mouse by symbol)	Nfkb1
MSIGDB_HALLMARK_INFLAMMATORY_RESPONSE	ENSMUSG00000041324	MSigDB Hallmark v7.0 (human->mouse by symbol)	Inhba
MSIGDB_HALLMARK_INFLAMMATORY_RESPONSE	ENSMUSG00000058755	MSigDB Hallmark v7.0 (human->mouse by symbol)	Osm
MSIGDB_HALLMARK_INFLAMMATORY_RESPONSE	ENSMUSG00000039304	MSigDB Hallmark v7.0 (human->mouse by symbol)	Tnfsf10
MSIGDB_HALLMARK_INFLAMMATORY_RESPONSE	ENSMUSG00000050395	MSigDB Hallmark v7.0 (human->mouse by symbol)	Tnfsf15
MSIGDB_HALLMARK_INFLAMMATORY_RESPONSE	ENSMUSG00000022965	MSigDB Hallmark v7.0 (human->mouse by symbol)	Ifngr2
MSIGDB_HALLMARK_INFLAMMATORY_RESPONSE	ENSMUSG00000004730	MSigDB Hallmark v7.0 (human->mouse by symbol)	Adgre1
MSIGDB_HALLMARK_INFLAMMATORY_RESPONSE	ENSMUSG00000004296	MSigDB Hallmark v7.0 (human->mouse by symbol)	Il12b
MSIGDB_HALLMARK_INFLAMMATORY_RESPONSE	ENSMUSG00000014599	MSigDB Hallmark v7.0 (human->mouse by symbol)	Csf1
MSIGDB_HALLMARK_INFLAMMATORY_RESPONSE	ENSMUSG00000028965	MSigDB Hallmark v7.0 (human->mouse by symbol)	Tnfrsf9
MSIGDB_HALLMARK_INFLAMMATORY_RESPONSE	ENSMUSG00000042228	MSigDB Hallmark v7.0 (human->mouse by symbol)	Lyn
MSIGDB_HALLMARK_INFLAMMATORY_RESPONSE	ENSMUSG00000052155	MSigDB Hallmark v7.0 (human->mouse by symbol)	Acvr2a
MSIGDB_HALLMARK_INFLAMMATORY_RESPONSE	ENSMUSG00000032193	MSigDB Hallmark v7.0 (human->mouse by symbol)	Ldlr
MSIGDB_HALLMARK_INFLAMMATORY_RESPONSE	ENSMUSG00000041347	MSigDB Hallmark v7.0 (human->mouse by symbol)	Bdkrb1
MSIGDB_HALLMARK_INFLAMMATORY_RESPONSE	ENSMUSG00000053004	MSigDB Hallmark v7.0 (human->mouse by symbol)	Hrh1
MSIGDB_HALLMARK_INFLAMMATORY_RESPONSE	ENSMUSG00000028128	MSigDB Hallmark v7.0 (human->mouse by symbol)	F3
MSIGDB_HALLMARK_INFLAMMATORY_RESPONSE	ENSMUSG00000046718	MSigDB Hallmark v7.0 (human->mouse by symbol)	Bst2
MSIGDB_HALLMARK_INFLAMMATORY_RESPONSE	ENSMUSG00000043017	MSigDB Hallmark v7.0 (human->mouse by symbol)	Ptgir
MSIGDB_HALLMARK_INFLAMMATORY_RESPONSE	ENSMUSG00000026399	MSigDB Hallmark v7.0 (human->mouse by symbol)	Cd55
MSIGDB_HALLMARK_INFLAMMATORY_RESPONSE	ENSMUSG00000059588	MSigDB Hallmark v7.0 (human->mouse by symbol)	Calcrl
MSIGDB_HALLMARK_INFLAMMATORY_RESPONSE	ENSMUSG00000038067	MSigDB Hallmark v7.0 (human->mouse by symbol)	Csf3
MSIGDB_HALLMARK_INFLAMMATORY_RESPONSE	ENSMUSG00000021298	MSigDB Hallmark v7.0 (human->mouse by symbol)	Gpr132
MSIGDB_HALLMARK_INFLAMMATORY_RESPONSE	ENSMUSG00000032691	MSigDB Hallmark v7.0 (human->mouse by symbol)	Nlrp3
MSIGDB_HALLMARK_INFLAMMATORY_RESPONSE	ENSMUSG00000023206	MSigDB Hallmark v7.0 (human->mouse by symbol)	Il15ra
MSIGDB_HALLMARK_INFLAMMATORY_RESPONSE	ENSMUSG00000018500	MSigDB Hallmark v7.0 (human->mouse by symbol)	Adora2b
MSIGDB_HALLMARK_INFLAMMATORY_RESPONSE	ENSMUSG00000037580	MSigDB Hallmark v7.0 (human->mouse by symbol)	Gch1
MSIGDB_HALLMARK_INFLAMMATORY_RESPONSE	ENSMUSG00000030162	MSigDB Hallmark v7.0 (human->mouse by symbol)	Olr1
MSIGDB_HALLMARK_INFLAMMATORY_RESPONSE	ENSMUSG00000037759	MSigDB Hallmark v7.0 (human->mouse by symbol)	Ptger2
MSIGDB_HALLMARK_INFLAMMATORY_RESPONSE	ENSMUSG00000028859	MSigDB Hallmark v7.0 (human->mouse by symbol)	Csf3r
MSIGDB_HALLMARK_INFLAMMATORY_RESPONSE	ENSMUSG00000022346	MSigDB Hallmark v7.0 (human->mouse by symbol)	Myc
MSIGDB_HALLMARK_INFLAMMATORY_RESPONSE	ENSMUSG00000024927	MSigDB Hallmark v7.0 (human->mouse by symbol)	Rela
MSIGDB_HALLMARK_INFLAMMATORY_RESPONSE	ENSMUSG00000053475	MSigDB Hallmark v7.0 (human->mouse by symbol)	Tnfaip6
MSIGDB_HALLMARK_INFLAMMATORY_RESPONSE	ENSMUSG00000003882	MSigDB Hallmark v7.0 (human->mouse by symbol)	Il7r
MSIGDB_HALLMARK_INFLAMMATORY_RESPONSE	ENSMUSG00000039217	MSigDB Hallmark v7.0 (human->mouse by symbol)	Il18
MSIGDB_HALLMARK_INFLAMMATORY_RESPONSE	ENSMUSG00000024462	MSigDB Hallmark v7.0 (human->mouse by symbol)	Gabbr1
MSIGDB_HALLMARK_INFLAMMATORY_RESPONSE	ENSMUSG00000027215	MSigDB Hallmark v7.0 (human->mouse by symbol)	Cd82
MSIGDB_HALLMARK_INFLAMMATORY_RESPONSE	ENSMUSG00000035678	MSigDB Hallmark v7.0 (human->mouse by symbol)	Tnfsf9
MSIGDB_HALLMARK_INFLAMMATORY_RESPONSE	ENSMUSG00000026237	MSigDB Hallmark v7.0 (human->mouse by symbol)	Nmur1
MSIGDB_HALLMARK_INFLAMMATORY_RESPONSE	ENSMUSG00000068227	MSigDB Hallmark v7.0 (human->mouse by symbol)	Il2rb
MSIGDB_HALLMARK_INFLAMMATORY_RESPONSE	ENSMUSG00000044827	MSigDB Hallmark v7.0 (human->mouse by symbol)	Tlr1
MSIGDB_HALLMARK_INFLAMMATORY_RESPONSE	ENSMUSG00000038668	MSigDB Hallmark v7.0 (human->mouse by symbol)	Lpar1
MSIGDB_HALLMARK_INFLAMMATORY_RESPONSE	ENSMUSG00000060477	MSigDB Hallmark v7.0 (human->mouse by symbol)	Irak2
MSIGDB_HALLMARK_INFLAMMATORY_RESPONSE	ENSMUSG00000041135	MSigDB Hallmark v7.0 (human->mouse by symbol)	Ripk2
MSIGDB_HALLMARK_INFLAMMATORY_RESPONSE	ENSMUSG00000000957	MSigDB Hallmark v7.0 (human->mouse by symbol)	Mmp14
MSIGDB_HALLMARK_INFLAMMATORY_RESPONSE	ENSMUSG00000029468	MSigDB Hallmark v7.0 (human->mouse by symbol)	P2rx7
MSIGDB_HALLMARK_INFLAMMATORY_RESPONSE	ENSMUSG00000023030	MSigDB Hallmark v7.0 (human->mouse by symbol)	Slc11a2
MSIGDB_HALLMARK_INFLAMMATORY_RESPONSE	ENSMUSG00000026581	MSigDB Hallmark v7.0 (human->mouse by symbol)	Sell
MSIGDB_HALLMARK_INFLAMMATORY_RESPONSE	ENSMUSG00000032860	MSigDB Hallmark v7.0 (human->mouse by symbol)	P2ry2
MSIGDB_HALLMARK_INFLAMMATORY_RESPONSE	ENSMUSG00000015243	MSigDB Hallmark v7.0 (human->mouse by symbol)	Abca1
MSIGDB_HALLMARK_INFLAMMATORY_RESPONSE	ENSMUSG00000051314	MSigDB Hallmark v7.0 (human->mouse by symbol)	Ffar2
MSIGDB_HALLMARK_INFLAMMATORY_RESPONSE	ENSMUSG00000030069	MSigDB Hallmark v7.0 (human->mouse by symbol)	Prok2
MSIGDB_HALLMARK_INFLAMMATORY_RESPONSE	ENSMUSG00000000001	MSigDB Hallmark v7.0 (human->mouse by symbol)	Gnai3
MSIGDB_HALLMARK_INFLAMMATORY_RESPONSE	ENSMUSG00000030043	MSigDB Hallmark v7.0 (human->mouse by symbol)	Tacr1
MSIGDB_HALLMARK_INFLAMMATORY_RESPONSE	ENSMUSG00000041313	MSigDB Hallmark v7.0 (human->mouse by symbol)	Slc7a1
MSIGDB_HALLMARK_INFLAMMATORY_RESPONSE	ENSMUSG00000023067	MSigDB Hallmark v7.0 (human->mouse by symbol)	Cdkn1a
MSIGDB_HALLMARK_INFLAMMATORY_RESPONSE	ENSMUSG00000015340	MSigDB Hallmark v7.0 (human->mouse by symbol)	Cybb
MSIGDB_HALLMARK_INFLAMMATORY_RESPONSE	ENSMUSG00000001131	MSigDB Hallmark v7.0 (human->mouse by symbol)	Timp1
MSIGDB_HALLMARK_INFLAMMATORY_RESPONSE	ENSMUSG00000024486	MSigDB Hallmark v7.0 (human->mouse by symbol)	Hbegf
MSIGDB_HALLMARK_INFLAMMATORY_RESPONSE	ENSMUSG00000038188	MSigDB Hallmark v7.0 (human->mouse by symbol)	Scarf1
MSIGDB_HALLMARK_INFLAMMATORY_RESPONSE	ENSMUSG00000003206	MSigDB Hallmark v7.0 (human->mouse by symbol)	Ebi3
MSIGDB_HALLMARK_INFLAMMATORY_RESPONSE	ENSMUSG00000021025	MSigDB Hallmark v7.0 (human->mouse by symbol)	Nfkbia
MSIGDB_HALLMARK_INFLAMMATORY_RESPONSE	ENSMUSG00000003161	MSigDB Hallmark v7.0 (human->mouse by symbol)	Sri
MSIGDB_HALLMARK_INFLAMMATORY_RESPONSE	ENSMUSG00000031596	MSigDB Hallmark v7.0 (human->mouse by symbol)	Slc7a2
MSIGDB_HALLMARK_INFLAMMATORY_RESPONSE	ENSMUSG00000031780	MSigDB Hallmark v7.0 (human->mouse by symbol)	Ccl17
MSIGDB_HALLMARK_INFLAMMATORY_RESPONSE	ENSMUSG00000031639	MSigDB Hallmark v7.0 (human->mouse by symbol)	Tlr3
MSIGDB_HALLMARK_INFLAMMATORY_RESPONSE	ENSMUSG00000044338	MSigDB Hallmark v7.0 (human->mouse by symbol)	Aplnr
MSIGDB_HALLMARK_INFLAMMATORY_RESPONSE	ENSMUSG00000022146	MSigDB Hallmark v7.0 (human->mouse by symbol)	Osmr
MSIGDB_HALLMARK_INFLAMMATORY_RESPONSE	ENSMUSG00000032089	MSigDB Hallmark v7.0 (human->mouse by symbol)	Il10ra
MSIGDB_HALLMARK_INFLAMMATORY_RESPONSE	ENSMUSG00000019969	MSigDB Hallmark v7.0 (human->mouse by symbol)	Psen1
MSIGDB_HALLMARK_INFLAMMATORY_RESPONSE	ENSMUSG00000051212	MSigDB Hallmark v7.0 (human->mouse by symbol)	Gpr183
MSIGDB_HALLMARK_INFLAMMATORY_RESPONSE	ENSMUSG00000019943	MSigDB Hallmark v7.0 (human->mouse by symbol)	Atp2b1
MSIGDB_HALLMARK_INFLAMMATORY_RESPONSE	ENSMUSG00000028599	MSigDB Hallmark v7.0 (human->mouse by symbol)	Tnfrsf1b
MSIGDB_HALLMARK_INFLAMMATORY_RESPONSE	ENSMUSG00000037418	MSigDB Hallmark v7.0 (human->mouse by symbol)	Best1
MSIGDB_HALLMARK_INFLAMMATORY_RESPONSE	ENSMUSG00000055653	MSigDB Hallmark v7.0 (human->mouse by symbol)	Gpc3
MSIGDB_HALLMARK_INFLAMMATORY_RESPONSE	ENSMUSG00000019194	MSigDB Hallmark v7.0 (human->mouse by symbol)	Scn1b
MSIGDB_HALLMARK_INFLAMMATORY_RESPONSE	ENSMUSG00000000532	MSigDB Hallmark v7.0 (human->mouse by symbol)	Acvr1b
MSIGDB_HALLMARK_INFLAMMATORY_RESPONSE	ENSMUSG00000001249	MSigDB Hallmark v7.0 (human->mouse by symbol)	Hpn
MSIGDB_HALLMARK_INFLAMMATORY_RESPONSE	ENSMUSG00000021451	MSigDB Hallmark v7.0 (human->mouse by symbol)	Sema4d
MSIGDB_HALLMARK_INFLAMMATORY_RESPONSE	ENSMUSG00000000078	MSigDB Hallmark v7.0 (human->mouse by symbol)	Klf6
MSIGDB_HALLMARK_INFLAMMATORY_RESPONSE	ENSMUSG00000015355	MSigDB Hallmark v7.0 (human->mouse by symbol)	Cd48
MSIGDB_HALLMARK_INFLAMMATORY_RESPONSE	ENSMUSG00000048521	MSigDB Hallmark v7.0 (human->mouse by symbol)	Cxcr6
MSIGDB_HALLMARK_INFLAMMATORY_RESPONSE	ENSMUSG00000005089	MSigDB Hallmark v7.0 (human->mouse by symbol)	Slc1a2
MSIGDB_HALLMARK_INFLAMMATORY_RESPONSE	ENSMUSG00000050675	MSigDB Hallmark v7.0 (human->mouse by symbol)	Gp1ba
MSIGDB_HALLMARK_INFLAMMATORY_RESPONSE	ENSMUSG00000024308	MSigDB Hallmark v7.0 (human->mouse by symbol)	Tapbp
MSIGDB_HALLMARK_INFLAMMATORY_RESPONSE	ENSMUSG00000026475	MSigDB Hallmark v7.0 (human->mouse by symbol)	Rgs16
MSIGDB_HALLMARK_INFLAMMATORY_RESPONSE	ENSMUSG00000015316	MSigDB Hallmark v7.0 (human->mouse by symbol)	Slamf1
MSIGDB_HALLMARK_INFLAMMATORY_RESPONSE	ENSMUSG00000000409	MSigDB Hallmark v7.0 (human->mouse by symbol)	Lck
MSIGDB_HALLMARK_INFLAMMATORY_RESPONSE	ENSMUSG00000021109	MSigDB Hallmark v7.0 (human->mouse by symbol)	Hif1a
MSIGDB_HALLMARK_INFLAMMATORY_RESPONSE	ENSMUSG00000019256	MSigDB Hallmark v7.0 (human->mouse by symbol)	Ahr
MSIGDB_HALLMARK_INFLAMMATORY_RESPONSE	ENSMUSG00000026946	MSigDB Hallmark v7.0 (human->mouse by symbol)	Nmi
MSIGDB_HALLMARK_INFLAMMATORY_RESPONSE	ENSMUSG00000073982	MSigDB Hallmark v7.0 (human->mouse by symbol)	Rhog
MSIGDB_HALLMARK_INFLAMMATORY_RESPONSE	ENSMUSG00000035274	MSigDB Hallmark v7.0 (human->mouse by symbol)	Tpbg
MSIGDB_HALLMARK_INFLAMMATORY_RESPONSE	ENSMUSG00000035528	MSigDB Hallmark v7.0 (human->mouse by symbol)	Npffr2
MSIGDB_HALLMARK_INFLAMMATORY_RESPONSE	ENSMUSG00000022967	MSigDB Hallmark v7.0 (human->mouse by symbol)	Ifnar1
MSIGDB_HALLMARK_INFLAMMATORY_RESPONSE	ENSMUSG00000027347	MSigDB Hallmark v7.0 (human->mouse by symbol)	Rasgrp1
MSIGDB_HALLMARK_INFLAMMATORY_RESPONSE	ENSMUSG00000025491	MSigDB Hallmark v7.0 (human->mouse by symbol)	Ifitm1
MSIGDB_HALLMARK_INFLAMMATORY_RESPONSE	ENSMUSG00000041695	MSigDB Hallmark v7.0 (human->mouse by symbol)	Kcnj2
MSIGDB_HALLMARK_INFLAMMATORY_RESPONSE	ENSMUSG00000022587	MSigDB Hallmark v7.0 (human->mouse by symbol)	Ly6e
MSIGDB_HALLMARK_INFLAMMATORY_RESPONSE	ENSMUSG00000026070	MSigDB Hallmark v7.0 (human->mouse by symbol)	Il18r1
MSIGDB_HALLMARK_INFLAMMATORY_RESPONSE	ENSMUSG00000016529	MSigDB Hallmark v7.0 (human->mouse by symbol)	Il10
MSIGDB_HALLMARK_INFLAMMATORY_RESPONSE	ENSMUSG00000047959	MSigDB Hallmark v7.0 (human->mouse by symbol)	Kcna3
MSIGDB_HALLMARK_INFLAMMATORY_RESPONSE	ENSMUSG00000022367	MSigDB Hallmark v7.0 (human->mouse by symbol)	Has2
MSIGDB_HALLMARK_INFLAMMATORY_RESPONSE	ENSMUSG00000035107	MSigDB Hallmark v7.0 (human->mouse by symbol)	Dcbld2
MSIGDB_HALLMARK_INFLAMMATORY_RESPONSE	ENSMUSG00000041247	MSigDB Hallmark v7.0 (human->mouse by symbol)	Lamp3
MSIGDB_HALLMARK_INFLAMMATORY_RESPONSE	ENSMUSG00000019772	MSigDB Hallmark v7.0 (human->mouse by symbol)	Vip
MSIGDB_HALLMARK_INFLAMMATORY_RESPONSE	ENSMUSG00000019489	MSigDB Hallmark v7.0 (human->mouse by symbol)	Cd70
MSIGDB_HALLMARK_INFLAMMATORY_RESPONSE	ENSMUSG00000026358	MSigDB Hallmark v7.0 (human->mouse by symbol)	Rgs1
MSIGDB_HALLMARK_INFLAMMATORY_RESPONSE	ENSMUSG00000066150	MSigDB Hallmark v7.0 (human->mouse by symbol)	Slc31a1
MSIGDB_HALLMARK_INFLAMMATORY_RESPONSE	ENSMUSG00000039041	MSigDB Hallmark v7.0 (human->mouse by symbol)	Adrm1
MSIGDB_HALLMARK_INFLAMMATORY_RESPONSE	ENSMUSG00000037610	MSigDB Hallmark v7.0 (human->mouse by symbol)	Kcnmb2
MSIGDB_HALLMARK_INFLAMMATORY_RESPONSE	ENSMUSG00000037411	MSigDB Hallmark v7.0 (human->mouse by symbol)	Serpine1
MSIGDB_HALLMARK_INFLAMMATORY_RESPONSE	ENSMUSG00000001156	MSigDB Hallmark v7.0 (human->mouse by symbol)	Mxd1
MSIGDB_HALLMARK_INFLAMMATORY_RESPONSE	ENSMUSG00000002602	MSigDB Hallmark v7.0 (human->mouse by symbol)	Axl
MSIGDB_HALLMARK_INFLAMMATORY_RESPONSE	ENSMUSG00000022534	MSigDB Hallmark v7.0 (human->mouse by symbol)	Mefv
MSIGDB_HALLMARK_INFLAMMATORY_RESPONSE	ENSMUSG00000040511	MSigDB Hallmark v7.0 (human->mouse by symbol)	Pvr
MSIGDB_HALLMARK_INFLAMMATORY_RESPONSE	ENSMUSG00000004814	MSigDB Hallmark v7.0 (human->mouse by symbol)	Ccl24
MSIGDB_HALLMARK_INFLAMMATORY_RESPONSE	ENSMUSG00000028525	MSigDB Hallmark v7.0 (human->mouse by symbol)	Pde4b
MSIGDB_HALLMARK_INFLAMMATORY_RESPONSE	ENSMUSG00000002699	MSigDB Hallmark v7.0 (human->mouse by symbol)	Lcp2
MSIGDB_HALLMARK_INFLAMMATORY_RESPONSE	ENSMUSG00000028583	MSigDB Hallmark v7.0 (human->mouse by symbol)	Pdpn
MSIGDB_HALLMARK_INFLAMMATORY_RESPONSE	ENSMUSG00000025498	MSigDB Hallmark v7.0 (human->mouse by symbol)	Irf7
MSIGDB_HALLMARK_INFLAMMATORY_RESPONSE	ENSMUSG00000009376	MSigDB Hallmark v7.0 (human->mouse by symbol)	Met
MSIGDB_HALLMARK_INFLAMMATORY_RESPONSE	ENSMUSG00000029467	MSigDB Hallmark v7.0 (human->mouse by symbol)	Atp2a2
MSIGDB_HALLMARK_INFLAMMATORY_RESPONSE	ENSMUSG00000066152	MSigDB Hallmark v7.0 (human->mouse by symbol)	Slc31a2
MSIGDB_HALLMARK_INFLAMMATORY_RESPONSE	ENSMUSG00000045005	MSigDB Hallmark v7.0 (human->mouse by symbol)	Fzd5
MSIGDB_HALLMARK_INFLAMMATORY_RESPONSE	ENSMUSG00000000555	MSigDB Hallmark v7.0 (human->mouse by symbol)	Itga5
MSIGDB_HALLMARK_INFLAMMATORY_RESPONSE	ENSMUSG00000050931	MSigDB Hallmark v7.0 (human->mouse by symbol)	Sgms2
MSIGDB_HALLMARK_INFLAMMATORY_RESPONSE	ENSMUSG00000026390	MSigDB Hallmark v7.0 (human->mouse by symbol)	Marco
MSIGDB_HALLMARK_INFLAMMATORY_RESPONSE	ENSMUSG00000051439	MSigDB Hallmark v7.0 (human->mouse by symbol)	Cd14
MSIGDB_HALLMARK_INFLAMMATORY_RESPONSE	ENSMUSG00000024079	MSigDB Hallmark v7.0 (human->mouse by symbol)	Eif2ak2
MSIGDB_HALLMARK_INFLAMMATORY_RESPONSE	ENSMUSG00000019893	MSigDB Hallmark v7.0 (human->mouse by symbol)	Ros1
MSIGDB_HALLMARK_INFLAMMATORY_RESPONSE	ENSMUSG00000032570	MSigDB Hallmark v7.0 (human->mouse by symbol)	Atp2c1
MSIGDB_HALLMARK_INFLAMMATORY_RESPONSE	ENSMUSG00000040138	MSigDB Hallmark v7.0 (human->mouse by symbol)	Ndp
MSIGDB_HALLMARK_INFLAMMATORY_RESPONSE	ENSMUSG00000020423	MSigDB Hallmark v7.0 (human->mouse by symbol)	Btg2
MSIGDB_HALLMARK_INFLAMMATORY_RESPONSE	ENSMUSG00000025044	MSigDB Hallmark v7.0 (human->mouse by symbol)	Msr1
MSIGDB_HALLMARK_INFLAMMATORY_RESPONSE	ENSMUSG00000041836	MSigDB Hallmark v7.0 (human->mouse by symbol)	Ptpre
MSIGDB_HALLMARK_INFLAMMATORY_RESPONSE	ENSMUSG00000038068	MSigDB Hallmark v7.0 (human->mouse by symbol)	Rnf144b
MSIGDB_HALLMARK_INFLAMMATORY_RESPONSE	ENSMUSG00000029108	MSigDB Hallmark v7.0 (human->mouse by symbol)	Pcdh7
MSIGDB_HALLMARK_INFLAMMATORY_RESPONSE	ENSMUSG00000061878	MSigDB Hallmark v7.0 (human->mouse by symbol)	Sphk1
MSIGDB_HALLMARK_INFLAMMATORY_RESPONSE	ENSMUSG00000026068	MSigDB Hallmark v7.0 (human->mouse by symbol)	Il18rap
MSIGDB_HALLMARK_INFLAMMATORY_RESPONSE	ENSMUSG00000033355	MSigDB Hallmark v7.0 (human->mouse by symbol)	Rtp4
MSIGDB_HALLMARK_INFLAMMATORY_RESPONSE	ENSMUSG00000000441	MSigDB Hallmark v7.0 (human->mouse by symbol)	Raf1
MSIGDB_HALLMARK_INFLAMMATORY_RESPONSE	ENSMUSG00000033350	MSigDB Hallmark v7.0 (human->mouse by symbol)	Chst2
MSIGDB_HALLMARK_INFLAMMATORY_RESPONSE	ENSMUSG00000020689	MSigDB Hallmark v7.0 (human->mouse by symbol)	Itgb3
MSIGDB_HALLMARK_INFLAMMATORY_RESPONSE	ENSMUSG00000063077	MSigDB Hallmark v7.0 (human->mouse by symbol)	Kif1b
MSIGDB_HALLMARK_INFLAMMATORY_RESPONSE	ENSMUSG00000026582	MSigDB Hallmark v7.0 (human->mouse by symbol)	Sele
MSIGDB_HALLMARK_INFLAMMATORY_RESPONSE	ENSMUSG00000055994	MSigDB Hallmark v7.0 (human->mouse by symbol)	Nod2
MSIGDB_HALLMARK_INFLAMMATORY_RESPONSE	ENSMUSG00000049130	MSigDB Hallmark v7.0 (human->mouse by symbol)	C5ar1
MSIGDB_HALLMARK_INFLAMMATORY_RESPONSE	ENSMUSG00000040212	MSigDB Hallmark v7.0 (human->mouse by symbol)	Emp3
MSIGDB_HALLMARK_INFLAMMATORY_RESPONSE	ENSMUSG00000029915	MSigDB Hallmark v7.0 (human->mouse by symbol)	Clec5a
MSIGDB_HALLMARK_INFLAMMATORY_RESPONSE	ENSMUSG00000028172	MSigDB Hallmark v7.0 (human->mouse by symbol)	Tacr3
MSIGDB_HALLMARK_INFLAMMATORY_RESPONSE	ENSMUSG00000060961	MSigDB Hallmark v7.0 (human->mouse by symbol)	Slc4a4
MSIGDB_HALLMARK_INFLAMMATORY_RESPONSE	ENSMUSG00000023914	MSigDB Hallmark v7.0 (human->mouse by symbol)	Mep1a
MSIGDB_HALLMARK_INFLAMMATORY_RESPONSE	ENSMUSG00000075701	MSigDB Hallmark v7.0 (human->mouse by symbol)	Selenos
MSIGDB_HALLMARK_INFLAMMATORY_RESPONSE	ENSMUSG00000024402	MSigDB Hallmark v7.0 (human->mouse by symbol)	Lta
MSIGDB_HALLMARK_INFLAMMATORY_RESPONSE	ENSMUSG00000020901	MSigDB Hallmark v7.0 (human->mouse by symbol)	Pik3r5
MSIGDB_HALLMARK_INFLAMMATORY_RESPONSE	ENSMUSG00000042286	MSigDB Hallmark v7.0 (human->mouse by symbol)	Stab1
MSIGDB_HALLMARK_INFLAMMATORY_RESPONSE	ENSMUSG00000018899	MSigDB Hallmark v7.0 (human->mouse by symbol)	Irf1
MSIGDB_HALLMARK_INFLAMMATORY_RESPONSE	ENSMUSG00000001014	MSigDB Hallmark v7.0 (human->mouse by symbol)	Icam4
MSIGDB_HALLMARK_INFLAMMATORY_RESPONSE	ENSMUSG00000029470	MSigDB Hallmark v7.0 (human->mouse by symbol)	P2rx4
MSIGDB_HALLMARK_INFLAMMATORY_RESPONSE	ENSMUSG00000058835	MSigDB Hallmark v7.0 (human->mouse by symbol)	Abi1
MSIGDB_HALLMARK_INFLAMMATORY_RESPONSE	ENSMUSG00000031778	MSigDB Hallmark v7.0 (human->mouse by symbol)	Cx3cl1
MSIGDB_HALLMARK_INFLAMMATORY_RESPONSE	ENSMUSG00000027219	MSigDB Hallmark v7.0 (human->mouse by symbol)	Slc28a2
MSIGDB_HALLMARK_OXIDATIVE_PHOSPHORYLATION	ENSMUSG00000005510	MSigDB Hallmark v7.0 (human->mouse by symbol)	Ndufs3
MSIGDB_HALLMARK_OXIDATIVE_PHOSPHORYLATION	ENSMUSG00000021520	MSigDB Hallmark v7.0 (human->mouse by symbol)	Uqcrb
MSIGDB_HALLMARK_OXIDATIVE_PHOSPHORYLATION	ENSMUSG00000013593	MSigDB Hallmark v7.0 (human->mouse by symbol)	Ndufs2
MSIGDB_HALLMARK_OXIDATIVE_PHOSPHORYLATION	ENSMUSG00000021577	MSigDB Hallmark v7.0 (human->mouse by symbol)	Sdha
MSIGDB_HALLMARK_OXIDATIVE_PHOSPHORYLATION	ENSMUSG00000025651	MSigDB Hallmark v7.0 (human->mouse by symbol)	Uqcrc1
MSIGDB_HALLMARK_OXIDATIVE_PHOSPHORYLATION	ENSMUSG00000000399	MSigDB Hallmark v7.0 (human->mouse by symbol)	Ndufa9
MSIGDB_HALLMARK_OXIDATIVE_PHOSPHORYLATION	ENSMUSG00000021764	MSigDB Hallmark v7.0 (human->mouse by symbol)	Ndufs4
MSIGDB_HALLMARK_OXIDATIVE_PHOSPHORYLATION	ENSMUSG00000025968	MSigDB Hallmark v7.0 (human->mouse by symbol)	Ndufs1
MSIGDB_HALLMARK_OXIDATIVE_PHOSPHORYLATION	ENSMUSG00000014294	MSigDB Hallmark v7.0 (human->mouse by symbol)	Ndufa2
MSIGDB_HALLMARK_OXIDATIVE_PHOSPHORYLATION	ENSMUSG00000059734	MSigDB Hallmark v7.0 (human->mouse by symbol)	Ndufs8
MSIGDB_HALLMARK_OXIDATIVE_PHOSPHORYLATION	ENSMUSG00000009863	MSigDB Hallmark v7.0 (human->mouse by symbol)	Sdhb
MSIGDB_HALLMARK_OXIDATIVE_PHOSPHORYLATION	ENSMUSG00000025453	MSigDB Hallmark v7.0 (human->mouse by symbol)	Nnt
MSIGDB_HALLMARK_OXIDATIVE_PHOSPHORYLATION	ENSMUSG00000022956	MSigDB Hallmark v7.0 (human->mouse by symbol)	Atp5po
MSIGDB_HALLMARK_OXIDATIVE_PHOSPHORYLATION	ENSMUSG00000018770	MSigDB Hallmark v7.0 (human->mouse by symbol)	Atp5mc3
MSIGDB_HALLMARK_OXIDATIVE_PHOSPHORYLATION	ENSMUSG00000020153	MSigDB Hallmark v7.0 (human->mouse by symbol)	Ndufs7
MSIGDB_HALLMARK_OXIDATIVE_PHOSPHORYLATION	ENSMUSG00000025428	MSigDB Hallmark v7.0 (human->mouse by symbol)	Atp5f1a
MSIGDB_HALLMARK_OXIDATIVE_PHOSPHORYLATION	ENSMUSG00000037916	MSigDB Hallmark v7.0 (human->mouse by symbol)	Ndufv1
MSIGDB_HALLMARK_OXIDATIVE_PHOSPHORYLATION	ENSMUSG00000061518	MSigDB Hallmark v7.0 (human->mouse by symbol)	Cox5b
MSIGDB_HALLMARK_OXIDATIVE_PHOSPHORYLATION	ENSMUSG00000063882	MSigDB Hallmark v7.0 (human->mouse by symbol)	Uqcrh
MSIGDB_HALLMARK_OXIDATIVE_PHOSPHORYLATION	ENSMUSG00000016427	MSigDB Hallmark v7.0 (human->mouse by symbol)	Ndufa1
MSIGDB_HALLMARK_OXIDATIVE_PHOSPHORYLATION	ENSMUSG00000025781	MSigDB Hallmark v7.0 (human->mouse by symbol)	Atp5f1c
MSIGDB_HALLMARK_OXIDATIVE_PHOSPHORYLATION	ENSMUSG00000025393	MSigDB Hallmark v7.0 (human->mouse by symbol)	Atp5f1b
MSIGDB_HALLMARK_OXIDATIVE_PHOSPHORYLATION	ENSMUSG00000031231	MSigDB Hallmark v7.0 (human->mouse by symbol)	Cox7b
MSIGDB_HALLMARK_OXIDATIVE_PHOSPHORYLATION	ENSMUSG00000000171	MSigDB Hallmark v7.0 (human->mouse by symbol)	Sdhd
MSIGDB_HALLMARK_OXIDATIVE_PHOSPHORYLATION	ENSMUSG00000063694	MSigDB Hallmark v7.0 (human->mouse by symbol)	Cycs
MSIGDB_HALLMARK_OXIDATIVE_PHOSPHORYLATION	ENSMUSG00000022450	MSigDB Hallmark v7.0 (human->mouse by symbol)	Ndufa6
MSIGDB_HALLMARK_OXIDATIVE_PHOSPHORYLATION	ENSMUSG00000030869	MSigDB Hallmark v7.0 (human->mouse by symbol)	Ndufab1
MSIGDB_HALLMARK_OXIDATIVE_PHOSPHORYLATION	ENSMUSG00000035885	MSigDB Hallmark v7.0 (human->mouse by symbol)	Cox8a
MSIGDB_HALLMARK_OXIDATIVE_PHOSPHORYLATION	ENSMUSG00000022477	MSigDB Hallmark v7.0 (human->mouse by symbol)	Aco2
MSIGDB_HALLMARK_OXIDATIVE_PHOSPHORYLATION	ENSMUSG00000006057	MSigDB Hallmark v7.0 (human->mouse by symbol)	Atp5mc1
MSIGDB_HALLMARK_OXIDATIVE_PHOSPHORYLATION	ENSMUSG00000022551	MSigDB Hallmark v7.0 (human->mouse by symbol)	Cyc1
MSIGDB_HALLMARK_OXIDATIVE_PHOSPHORYLATION	ENSMUSG00000071014	MSigDB Hallmark v7.0 (human->mouse by symbol)	Ndufb6
MSIGDB_HALLMARK_OXIDATIVE_PHOSPHORYLATION	ENSMUSG00000016252	MSigDB Hallmark v7.0 (human->mouse by symbol)	Atp5f1e
MSIGDB_HALLMARK_OXIDATIVE_PHOSPHORYLATION	ENSMUSG00000000088	MSigDB Hallmark v7.0 (human->mouse by symbol)	Cox5a
MSIGDB_HALLMARK_OXIDATIVE_PHOSPHORYLATION	ENSMUSG00000030884	MSigDB Hallmark v7.0 (human->mouse by symbol)	Uqcrc2
MSIGDB_HALLMARK_OXIDATIVE_PHOSPHORYLATION	ENSMUSG00000041697	MSigDB Hallmark v7.0 (human->mouse by symbol)	Cox6a1
MSIGDB_HALLMARK_OXIDATIVE_PHOSPHORYLATION	ENSMUSG00000003072	MSigDB Hallmark v7.0 (human->mouse by symbol)	Atp5f1d
MSIGDB_HALLMARK_OXIDATIVE_PHOSPHORYLATION	ENSMUSG00000014313	MSigDB Hallmark v7.0 (human->mouse by symbol)	Cox6c
MSIGDB_HALLMARK_OXIDATIVE_PHOSPHORYLATION	ENSMUSG00000022890	MSigDB Hallmark v7.0 (human->mouse by symbol)	Atp5pf
MSIGDB_HALLMARK_OXIDATIVE_PHOSPHORYLATION	ENSMUSG00000026032	MSigDB Hallmark v7.0 (human->mouse by symbol)	Ndufb3
MSIGDB_HALLMARK_OXIDATIVE_PHOSPHORYLATION	ENSMUSG00000027406	MSigDB Hallmark v7.0 (human->mouse by symbol)	Idh3b
MSIGDB_HALLMARK_OXIDATIVE_PHOSPHORYLATION	ENSMUSG00000020456	MSigDB Hallmark v7.0 (human->mouse by symbol)	Ogdh
MSIGDB_HALLMARK_OXIDATIVE_PHOSPHORYLATION	ENSMUSG00000025204	MSigDB Hallmark v7.0 (human->mouse by symbol)	Ndufb8
MSIGDB_HALLMARK_OXIDATIVE_PHOSPHORYLATION	ENSMUSG00000015790	MSigDB Hallmark v7.0 (human->mouse by symbol)	Surf1
MSIGDB_HALLMARK_OXIDATIVE_PHOSPHORYLATION	ENSMUSG00000036751	MSigDB Hallmark v7.0 (human->mouse by symbol)	Cox6b1
MSIGDB_HALLMARK_OXIDATIVE_PHOSPHORYLATION	ENSMUSG00000027673	MSigDB Hallmark v7.0 (human->mouse by symbol)	Ndufb5
MSIGDB_HALLMARK_OXIDATIVE_PHOSPHORYLATION	ENSMUSG00000029632	MSigDB Hallmark v7.0 (human->mouse by symbol)	Ndufa4
MSIGDB_HALLMARK_OXIDATIVE_PHOSPHORYLATION	ENSMUSG00000113902	MSigDB Hallmark v7.0 (human->mouse by symbol)	Ndufb1
MSIGDB_HALLMARK_OXIDATIVE_PHOSPHORYLATION	ENSMUSG00000031818	MSigDB Hallmark v7.0 (human->mouse by symbol)	Cox4i1
MSIGDB_HALLMARK_OXIDATIVE_PHOSPHORYLATION	ENSMUSG00000017778	MSigDB Hallmark v7.0 (human->mouse by symbol)	Cox7c
MSIGDB_HALLMARK_OXIDATIVE_PHOSPHORYLATION	ENSMUSG00000038462	MSigDB Hallmark v7.0 (human->mouse by symbol)	Uqcrfs1
MSIGDB_HALLMARK_OXIDATIVE_PHOSPHORYLATION	ENSMUSG00000058076	MSigDB Hallmark v7.0 (human->mouse by symbol)	Sdhc
MSIGDB_HALLMARK_OXIDATIVE_PHOSPHORYLATION	ENSMUSG00000004285	MSigDB Hallmark v7.0 (human->mouse by symbol)	Atp6v1f
MSIGDB_HALLMARK_OXIDATIVE_PHOSPHORYLATION	ENSMUSG00000032330	MSigDB Hallmark v7.0 (human->mouse by symbol)	Cox7a2
MSIGDB_HALLMARK_OXIDATIVE_PHOSPHORYLATION	ENSMUSG00000052738	MSigDB Hallmark v7.0 (human->mouse by symbol)	Suclg1
MSIGDB_HALLMARK_OXIDATIVE_PHOSPHORYLATION	ENSMUSG00000021606	MSigDB Hallmark v7.0 (human->mouse by symbol)	Ndufs6
MSIGDB_HALLMARK_OXIDATIVE_PHOSPHORYLATION	ENSMUSG00000041881	MSigDB Hallmark v7.0 (human->mouse by symbol)	Ndufa7
MSIGDB_HALLMARK_OXIDATIVE_PHOSPHORYLATION	ENSMUSG00000024099	MSigDB Hallmark v7.0 (human->mouse by symbol)	Ndufv2
MSIGDB_HALLMARK_OXIDATIVE_PHOSPHORYLATION	ENSMUSG00000000959	MSigDB Hallmark v7.0 (human->mouse by symbol)	Oxa1l
MSIGDB_HALLMARK_OXIDATIVE_PHOSPHORYLATION	ENSMUSG00000037152	MSigDB Hallmark v7.0 (human->mouse by symbol)	Ndufc1
MSIGDB_HALLMARK_OXIDATIVE_PHOSPHORYLATION	ENSMUSG00000020163	MSigDB Hallmark v7.0 (human->mouse by symbol)	Uqcr11
MSIGDB_HALLMARK_OXIDATIVE_PHOSPHORYLATION	ENSMUSG00000023089	MSigDB Hallmark v7.0 (human->mouse by symbol)	Ndufa5
MSIGDB_HALLMARK_OXIDATIVE_PHOSPHORYLATION	ENSMUSG00000005683	MSigDB Hallmark v7.0 (human->mouse by symbol)	Cs
MSIGDB_HALLMARK_OXIDATIVE_PHOSPHORYLATION	ENSMUSG00000039105	MSigDB Hallmark v7.0 (human->mouse by symbol)	Atp6v1g1
MSIGDB_HALLMARK_OXIDATIVE_PHOSPHORYLATION	ENSMUSG00000000563	MSigDB Hallmark v7.0 (human->mouse by symbol)	Atp5pb
MSIGDB_HALLMARK_OXIDATIVE_PHOSPHORYLATION	ENSMUSG00000031352	MSigDB Hallmark v7.0 (human->mouse by symbol)	Hccs
MSIGDB_HALLMARK_OXIDATIVE_PHOSPHORYLATION	ENSMUSG00000059447	MSigDB Hallmark v7.0 (human->mouse by symbol)	Hadhb
MSIGDB_HALLMARK_OXIDATIVE_PHOSPHORYLATION	ENSMUSG00000034566	MSigDB Hallmark v7.0 (human->mouse by symbol)	Atp5pd
MSIGDB_HALLMARK_OXIDATIVE_PHOSPHORYLATION	ENSMUSG00000031299	MSigDB Hallmark v7.0 (human->mouse by symbol)	Pdha1
MSIGDB_HALLMARK_OXIDATIVE_PHOSPHORYLATION	ENSMUSG00000026895	MSigDB Hallmark v7.0 (human->mouse by symbol)	Ndufa8
MSIGDB_HALLMARK_OXIDATIVE_PHOSPHORYLATION	ENSMUSG00000020664	MSigDB Hallmark v7.0 (human->mouse by symbol)	Dld
MSIGDB_HALLMARK_OXIDATIVE_PHOSPHORYLATION	ENSMUSG00000038084	MSigDB Hallmark v7.0 (human->mouse by symbol)	Opa1
MSIGDB_HALLMARK_OXIDATIVE_PHOSPHORYLATION	ENSMUSG00000014606	MSigDB Hallmark v7.0 (human->mouse by symbol)	Slc25a11
MSIGDB_HALLMARK_OXIDATIVE_PHOSPHORYLATION	ENSMUSG00000050856	MSigDB Hallmark v7.0 (human->mouse by symbol)	Atp5me
MSIGDB_HALLMARK_OXIDATIVE_PHOSPHORYLATION	ENSMUSG00000021748	MSigDB Hallmark v7.0 (human->mouse by symbol)	Pdhb
MSIGDB_HALLMARK_OXIDATIVE_PHOSPHORYLATION	ENSMUSG00000038690	MSigDB Hallmark v7.0 (human->mouse by symbol)	Atp5mf
MSIGDB_HALLMARK_OXIDATIVE_PHOSPHORYLATION	ENSMUSG00000033938	MSigDB Hallmark v7.0 (human->mouse by symbol)	Ndufb7
MSIGDB_HALLMARK_OXIDATIVE_PHOSPHORYLATION	ENSMUSG00000030541	MSigDB Hallmark v7.0 (human->mouse by symbol)	Idh2
MSIGDB_HALLMARK_OXIDATIVE_PHOSPHORYLATION	ENSMUSG00000027099	MSigDB Hallmark v7.0 (human->mouse by symbol)	Mtx2
MSIGDB_HALLMARK_OXIDATIVE_PHOSPHORYLATION	ENSMUSG00000008892	MSigDB Hallmark v7.0 (human->mouse by symbol)	Vdac3
MSIGDB_HALLMARK_OXIDATIVE_PHOSPHORYLATION	ENSMUSG00000020321	MSigDB Hallmark v7.0 (human->mouse by symbol)	Mdh1
MSIGDB_HALLMARK_OXIDATIVE_PHOSPHORYLATION	ENSMUSG00000062683	MSigDB Hallmark v7.0 (human->mouse by symbol)	Atp5mc2
MSIGDB_HALLMARK_OXIDATIVE_PHOSPHORYLATION	ENSMUSG00000052337	MSigDB Hallmark v7.0 (human->mouse by symbol)	Immt
MSIGDB_HALLMARK_OXIDATIVE_PHOSPHORYLATION	ENSMUSG00000019179	MSigDB Hallmark v7.0 (human->mouse by symbol)	Mdh2
MSIGDB_HALLMARK_OXIDATIVE_PHOSPHORYLATION	ENSMUSG00000061904	MSigDB Hallmark v7.0 (human->mouse by symbol)	Slc25a3
MSIGDB_HALLMARK_OXIDATIVE_PHOSPHORYLATION	ENSMUSG00000021114	MSigDB Hallmark v7.0 (human->mouse by symbol)	Atp6v1d
MSIGDB_HALLMARK_OXIDATIVE_PHOSPHORYLATION	ENSMUSG00000021771	MSigDB Hallmark v7.0 (human->mouse by symbol)	Vdac2
MSIGDB_HALLMARK_OXIDATIVE_PHOSPHORYLATION	ENSMUSG00000062908	MSigDB Hallmark v7.0 (human->mouse by symbol)	Acadm
MSIGDB_HALLMARK_OXIDATIVE_PHOSPHORYLATION	ENSMUSG00000024248	MSigDB Hallmark v7.0 (human->mouse by symbol)	Cox7a2l
MSIGDB_HALLMARK_OXIDATIVE_PHOSPHORYLATION	ENSMUSG00000062580	MSigDB Hallmark v7.0 (human->mouse by symbol)	Timm17a
MSIGDB_HALLMARK_OXIDATIVE_PHOSPHORYLATION	ENSMUSG00000019210	MSigDB Hallmark v7.0 (human->mouse by symbol)	Atp6v1e1
MSIGDB_HALLMARK_OXIDATIVE_PHOSPHORYLATION	ENSMUSG00000035674	MSigDB Hallmark v7.0 (human->mouse by symbol)	Ndufa3
MSIGDB_HALLMARK_OXIDATIVE_PHOSPHORYLATION	ENSMUSG00000002010	MSigDB Hallmark v7.0 (human->mouse by symbol)	Idh3g
MSIGDB_HALLMARK_OXIDATIVE_PHOSPHORYLATION	ENSMUSG00000018574	MSigDB Hallmark v7.0 (human->mouse by symbol)	Acadvl
MSIGDB_HALLMARK_OXIDATIVE_PHOSPHORYLATION	ENSMUSG00000032314	MSigDB Hallmark v7.0 (human->mouse by symbol)	Etfa
MSIGDB_HALLMARK_OXIDATIVE_PHOSPHORYLATION	ENSMUSG00000021079	MSigDB Hallmark v7.0 (human->mouse by symbol)	Timm9
MSIGDB_HALLMARK_OXIDATIVE_PHOSPHORYLATION	ENSMUSG00000032279	MSigDB Hallmark v7.0 (human->mouse by symbol)	Idh3a
MSIGDB_HALLMARK_OXIDATIVE_PHOSPHORYLATION	ENSMUSG00000039016	MSigDB Hallmark v7.0 (human->mouse by symbol)	Timm8b
MSIGDB_HALLMARK_OXIDATIVE_PHOSPHORYLATION	ENSMUSG00000019087	MSigDB Hallmark v7.0 (human->mouse by symbol)	Atp6ap1
MSIGDB_HALLMARK_OXIDATIVE_PHOSPHORYLATION	ENSMUSG00000020219	MSigDB Hallmark v7.0 (human->mouse by symbol)	Timm13
MSIGDB_HALLMARK_OXIDATIVE_PHOSPHORYLATION	ENSMUSG00000044894	MSigDB Hallmark v7.0 (human->mouse by symbol)	Uqcrq
MSIGDB_HALLMARK_OXIDATIVE_PHOSPHORYLATION	ENSMUSG00000031333	MSigDB Hallmark v7.0 (human->mouse by symbol)	Abcb7
MSIGDB_HALLMARK_OXIDATIVE_PHOSPHORYLATION	ENSMUSG00000020402	MSigDB Hallmark v7.0 (human->mouse by symbol)	Vdac1
MSIGDB_HALLMARK_OXIDATIVE_PHOSPHORYLATION	ENSMUSG00000038717	MSigDB Hallmark v7.0 (human->mouse by symbol)	Atp5mg
MSIGDB_HALLMARK_OXIDATIVE_PHOSPHORYLATION	ENSMUSG00000004264	MSigDB Hallmark v7.0 (human->mouse by symbol)	Phb2
MSIGDB_HALLMARK_OXIDATIVE_PHOSPHORYLATION	ENSMUSG00000028223	MSigDB Hallmark v7.0 (human->mouse by symbol)	Decr1
MSIGDB_HALLMARK_OXIDATIVE_PHOSPHORYLATION	ENSMUSG00000022110	MSigDB Hallmark v7.0 (human->mouse by symbol)	Sucla2
MSIGDB_HALLMARK_OXIDATIVE_PHOSPHORYLATION	ENSMUSG00000031672	MSigDB Hallmark v7.0 (human->mouse by symbol)	Got2
MSIGDB_HALLMARK_OXIDATIVE_PHOSPHORYLATION	ENSMUSG00000000168	MSigDB Hallmark v7.0 (human->mouse by symbol)	Dlat
MSIGDB_HALLMARK_OXIDATIVE_PHOSPHORYLATION	ENSMUSG00000033793	MSigDB Hallmark v7.0 (human->mouse by symbol)	Atp6v1h
MSIGDB_HALLMARK_OXIDATIVE_PHOSPHORYLATION	ENSMUSG00000002416	MSigDB Hallmark v7.0 (human->mouse by symbol)	Ndufb2
MSIGDB_HALLMARK_OXIDATIVE_PHOSPHORYLATION	ENSMUSG00000032051	MSigDB Hallmark v7.0 (human->mouse by symbol)	Fdx1
MSIGDB_HALLMARK_OXIDATIVE_PHOSPHORYLATION	ENSMUSG00000025745	MSigDB Hallmark v7.0 (human->mouse by symbol)	Hadha
MSIGDB_HALLMARK_OXIDATIVE_PHOSPHORYLATION	ENSMUSG00000022295	MSigDB Hallmark v7.0 (human->mouse by symbol)	Atp6v1c1
MSIGDB_HALLMARK_OXIDATIVE_PHOSPHORYLATION	ENSMUSG00000040147	MSigDB Hallmark v7.0 (human->mouse by symbol)	Maob
MSIGDB_HALLMARK_OXIDATIVE_PHOSPHORYLATION	ENSMUSG00000022820	MSigDB Hallmark v7.0 (human->mouse by symbol)	Ndufb4
MSIGDB_HALLMARK_OXIDATIVE_PHOSPHORYLATION	ENSMUSG00000059534	MSigDB Hallmark v7.0 (human->mouse by symbol)	Uqcr10
MSIGDB_HALLMARK_OXIDATIVE_PHOSPHORYLATION	ENSMUSG00000027809	MSigDB Hallmark v7.0 (human->mouse by symbol)	Etfdh
MSIGDB_HALLMARK_OXIDATIVE_PHOSPHORYLATION	ENSMUSG00000075706	MSigDB Hallmark v7.0 (human->mouse by symbol)	Gpx4
MSIGDB_HALLMARK_OXIDATIVE_PHOSPHORYLATION	ENSMUSG00000010914	MSigDB Hallmark v7.0 (human->mouse by symbol)	Pdhx
MSIGDB_HALLMARK_OXIDATIVE_PHOSPHORYLATION	ENSMUSG00000029020	MSigDB Hallmark v7.0 (human->mouse by symbol)	Mfn2
MSIGDB_HALLMARK_OXIDATIVE_PHOSPHORYLATION	ENSMUSG00000036932	MSigDB Hallmark v7.0 (human->mouse by symbol)	Aifm1
MSIGDB_HALLMARK_OXIDATIVE_PHOSPHORYLATION	ENSMUSG00000036880	MSigDB Hallmark v7.0 (human->mouse by symbol)	Acaa2
MSIGDB_HALLMARK_OXIDATIVE_PHOSPHORYLATION	ENSMUSG00000004610	MSigDB Hallmark v7.0 (human->mouse by symbol)	Etfb
MSIGDB_HALLMARK_OXIDATIVE_PHOSPHORYLATION	ENSMUSG00000020544	MSigDB Hallmark v7.0 (human->mouse by symbol)	Cox11
MSIGDB_HALLMARK_OXIDATIVE_PHOSPHORYLATION	ENSMUSG00000025465	MSigDB Hallmark v7.0 (human->mouse by symbol)	Echs1
MSIGDB_HALLMARK_OXIDATIVE_PHOSPHORYLATION	ENSMUSG00000026926	MSigDB Hallmark v7.0 (human->mouse by symbol)	Pmpca
MSIGDB_HALLMARK_OXIDATIVE_PHOSPHORYLATION	ENSMUSG00000033379	MSigDB Hallmark v7.0 (human->mouse by symbol)	Atp6v0b
MSIGDB_HALLMARK_OXIDATIVE_PHOSPHORYLATION	ENSMUSG00000016319	MSigDB Hallmark v7.0 (human->mouse by symbol)	Slc25a5
MSIGDB_HALLMARK_OXIDATIVE_PHOSPHORYLATION	ENSMUSG00000004789	MSigDB Hallmark v7.0 (human->mouse by symbol)	Dlst
MSIGDB_HALLMARK_OXIDATIVE_PHOSPHORYLATION	ENSMUSG00000040018	MSigDB Hallmark v7.0 (human->mouse by symbol)	Cox15
MSIGDB_HALLMARK_OXIDATIVE_PHOSPHORYLATION	ENSMUSG00000024646	MSigDB Hallmark v7.0 (human->mouse by symbol)	Cyb5a
MSIGDB_HALLMARK_OXIDATIVE_PHOSPHORYLATION	ENSMUSG00000032786	MSigDB Hallmark v7.0 (human->mouse by symbol)	Alas1
MSIGDB_HALLMARK_OXIDATIVE_PHOSPHORYLATION	ENSMUSG00000031633	MSigDB Hallmark v7.0 (human->mouse by symbol)	Slc25a4
MSIGDB_HALLMARK_OXIDATIVE_PHOSPHORYLATION	ENSMUSG00000024900	MSigDB Hallmark v7.0 (human->mouse by symbol)	Cpt1a
MSIGDB_HALLMARK_OXIDATIVE_PHOSPHORYLATION	ENSMUSG00000032602	MSigDB Hallmark v7.0 (human->mouse by symbol)	Slc25a20
MSIGDB_HALLMARK_OXIDATIVE_PHOSPHORYLATION	ENSMUSG00000034617	MSigDB Hallmark v7.0 (human->mouse by symbol)	Mtrr
MSIGDB_HALLMARK_OXIDATIVE_PHOSPHORYLATION	ENSMUSG00000046516	MSigDB Hallmark v7.0 (human->mouse by symbol)	Cox17
MSIGDB_HALLMARK_OXIDATIVE_PHOSPHORYLATION	ENSMUSG00000018042	MSigDB Hallmark v7.0 (human->mouse by symbol)	Cyb5r3
MSIGDB_HALLMARK_OXIDATIVE_PHOSPHORYLATION	ENSMUSG00000022427	MSigDB Hallmark v7.0 (human->mouse by symbol)	Tomm22
MSIGDB_HALLMARK_OXIDATIVE_PHOSPHORYLATION	ENSMUSG00000032047	MSigDB Hallmark v7.0 (human->mouse by symbol)	Acat1
MSIGDB_HALLMARK_OXIDATIVE_PHOSPHORYLATION	ENSMUSG00000030611	MSigDB Hallmark v7.0 (human->mouse by symbol)	Mrps11
MSIGDB_HALLMARK_OXIDATIVE_PHOSPHORYLATION	ENSMUSG00000024121	MSigDB Hallmark v7.0 (human->mouse by symbol)	Atp6v0c
MSIGDB_HALLMARK_OXIDATIVE_PHOSPHORYLATION	ENSMUSG00000019577	MSigDB Hallmark v7.0 (human->mouse by symbol)	Pdk4
MSIGDB_HALLMARK_OXIDATIVE_PHOSPHORYLATION	ENSMUSG00000027076	MSigDB Hallmark v7.0 (human->mouse by symbol)	Timm10
MSIGDB_HALLMARK_OXIDATIVE_PHOSPHORYLATION	ENSMUSG00000063229	MSigDB Hallmark v7.0 (human->mouse by symbol)	Ldha
MSIGDB_HALLMARK_OXIDATIVE_PHOSPHORYLATION	ENSMUSG00000024132	MSigDB Hallmark v7.0 (human->mouse by symbol)	Eci1
MSIGDB_HALLMARK_OXIDATIVE_PHOSPHORYLATION	ENSMUSG00000024902	MSigDB Hallmark v7.0 (human->mouse by symbol)	Mrpl11
MSIGDB_HALLMARK_OXIDATIVE_PHOSPHORYLATION	ENSMUSG00000059363	MSigDB Hallmark v7.0 (human->mouse by symbol)	Fxn
MSIGDB_HALLMARK_OXIDATIVE_PHOSPHORYLATION	ENSMUSG00000045948	MSigDB Hallmark v7.0 (human->mouse by symbol)	Mrps12
MSIGDB_HALLMARK_OXIDATIVE_PHOSPHORYLATION	ENSMUSG00000042148	MSigDB Hallmark v7.0 (human->mouse by symbol)	Cox10
MSIGDB_HALLMARK_OXIDATIVE_PHOSPHORYLATION	ENSMUSG00000017686	MSigDB Hallmark v7.0 (human->mouse by symbol)	Rhot1
MSIGDB_HALLMARK_OXIDATIVE_PHOSPHORYLATION	ENSMUSG00000030861	MSigDB Hallmark v7.0 (human->mouse by symbol)	Acadsb
MSIGDB_HALLMARK_OXIDATIVE_PHOSPHORYLATION	ENSMUSG00000030246	MSigDB Hallmark v7.0 (human->mouse by symbol)	Ldhb
MSIGDB_HALLMARK_OXIDATIVE_PHOSPHORYLATION	ENSMUSG00000021731	MSigDB Hallmark v7.0 (human->mouse by symbol)	Mrps30
MSIGDB_HALLMARK_OXIDATIVE_PHOSPHORYLATION	ENSMUSG00000026576	MSigDB Hallmark v7.0 (human->mouse by symbol)	Atp1b1
MSIGDB_HALLMARK_OXIDATIVE_PHOSPHORYLATION	ENSMUSG00000028167	MSigDB Hallmark v7.0 (human->mouse by symbol)	Bdh2
MSIGDB_HALLMARK_OXIDATIVE_PHOSPHORYLATION	ENSMUSG00000027010	MSigDB Hallmark v7.0 (human->mouse by symbol)	Slc25a12
MSIGDB_HALLMARK_OXIDATIVE_PHOSPHORYLATION	ENSMUSG00000003438	MSigDB Hallmark v7.0 (human->mouse by symbol)	Timm50
MSIGDB_HALLMARK_OXIDATIVE_PHOSPHORYLATION	ENSMUSG00000034880	MSigDB Hallmark v7.0 (human->mouse by symbol)	Mrpl34
MSIGDB_HALLMARK_OXIDATIVE_PHOSPHORYLATION	ENSMUSG00000044792	MSigDB Hallmark v7.0 (human->mouse by symbol)	Isca1
MSIGDB_HALLMARK_OXIDATIVE_PHOSPHORYLATION	ENSMUSG00000052962	MSigDB Hallmark v7.0 (human->mouse by symbol)	Mrpl35
MSIGDB_HALLMARK_OXIDATIVE_PHOSPHORYLATION	ENSMUSG00000025950	MSigDB Hallmark v7.0 (human->mouse by symbol)	Idh1
MSIGDB_HALLMARK_OXIDATIVE_PHOSPHORYLATION	ENSMUSG00000024359	MSigDB Hallmark v7.0 (human->mouse by symbol)	Hspa9
MSIGDB_HALLMARK_OXIDATIVE_PHOSPHORYLATION	ENSMUSG00000033845	MSigDB Hallmark v7.0 (human->mouse by symbol)	Mrpl15
MSIGDB_HALLMARK_OXIDATIVE_PHOSPHORYLATION	ENSMUSG00000028861	MSigDB Hallmark v7.0 (human->mouse by symbol)	Mrps15
MSIGDB_HALLMARK_OXIDATIVE_PHOSPHORYLATION	ENSMUSG00000001750	MSigDB Hallmark v7.0 (human->mouse by symbol)	Tcirg1
MSIGDB_HALLMARK_OXIDATIVE_PHOSPHORYLATION	ENSMUSG00000025825	MSigDB Hallmark v7.0 (human->mouse by symbol)	Iscu
MSIGDB_HALLMARK_OXIDATIVE_PHOSPHORYLATION	ENSMUSG00000033020	MSigDB Hallmark v7.0 (human->mouse by symbol)	Polr2f
MSIGDB_HALLMARK_OXIDATIVE_PHOSPHORYLATION	ENSMUSG00000046949	MSigDB Hallmark v7.0 (human->mouse by symbol)	Nqo2
MSIGDB_HALLMARK_OXIDATIVE_PHOSPHORYLATION	ENSMUSG00000030647	MSigDB Hallmark v7.0 (human->mouse by symbol)	Ndufc2
MSIGDB_HALLMARK_OXIDATIVE_PHOSPHORYLATION	ENSMUSG00000032459	MSigDB Hallmark v7.0 (human->mouse by symbol)	Mrps22
MSIGDB_HALLMARK_OXIDATIVE_PHOSPHORYLATION	ENSMUSG00000005514	MSigDB Hallmark v7.0 (human->mouse by symbol)	Por
MSIGDB_HALLMARK_OXIDATIVE_PHOSPHORYLATION	ENSMUSG00000026664	MSigDB Hallmark v7.0 (human->mouse by symbol)	Phyh
MSIGDB_HALLMARK_OXIDATIVE_PHOSPHORYLATION	ENSMUSG00000023861	MSigDB Hallmark v7.0 (human->mouse by symbol)	Mpc1
MSIGDB_HALLMARK_OXIDATIVE_PHOSPHORYLATION	ENSMUSG00000024527	MSigDB Hallmark v7.0 (human->mouse by symbol)	Afg3l2
MSIGDB_HALLMARK_OXIDATIVE_PHOSPHORYLATION	ENSMUSG00000025260	MSigDB Hallmark v7.0 (human->mouse by symbol)	Hsd17b10
MSIGDB_HALLMARK_OXIDATIVE_PHOSPHORYLATION	ENSMUSG00000025076	MSigDB Hallmark v7.0 (human->mouse by symbol)	Casp7
MSIGDB_HALLMARK_OXIDATIVE_PHOSPHORYLATION	ENSMUSG00000024997	MSigDB Hallmark v7.0 (human->mouse by symbol)	Prdx3
MSIGDB_HALLMARK_OXIDATIVE_PHOSPHORYLATION	ENSMUSG00000026688	MSigDB Hallmark v7.0 (human->mouse by symbol)	Mgst3
MSIGDB_HALLMARK_OXIDATIVE_PHOSPHORYLATION	ENSMUSG00000068329	MSigDB Hallmark v7.0 (human->mouse by symbol)	Htra2
MSIGDB_HALLMARK_OXIDATIVE_PHOSPHORYLATION	ENSMUSG00000060376	MSigDB Hallmark v7.0 (human->mouse by symbol)	Bckdha
MSIGDB_HALLMARK_OXIDATIVE_PHOSPHORYLATION	ENSMUSG00000024120	MSigDB Hallmark v7.0 (human->mouse by symbol)	Lrpprc
MSIGDB_HALLMARK_OXIDATIVE_PHOSPHORYLATION	ENSMUSG00000056666	MSigDB Hallmark v7.0 (human->mouse by symbol)	Retsat
MSIGDB_HALLMARK_OXIDATIVE_PHOSPHORYLATION	ENSMUSG00000053898	MSigDB Hallmark v7.0 (human->mouse by symbol)	Ech1
MSIGDB_HALLMARK_OXIDATIVE_PHOSPHORYLATION	ENSMUSG00000025733	MSigDB Hallmark v7.0 (human->mouse by symbol)	Rhot2
MSIGDB_HALLMARK_OXIDATIVE_PHOSPHORYLATION	ENSMUSG00000003873	MSigDB Hallmark v7.0 (human->mouse by symbol)	Bax
MSIGDB_HALLMARK_OXIDATIVE_PHOSPHORYLATION	ENSMUSG00000022022	MSigDB Hallmark v7.0 (human->mouse by symbol)	Mtrf1
MSIGDB_HALLMARK_OXIDATIVE_PHOSPHORYLATION	ENSMUSG00000021794	MSigDB Hallmark v7.0 (human->mouse by symbol)	Glud1
MSIGDB_HALLMARK_OXIDATIVE_PHOSPHORYLATION	ENSMUSG00000020079	MSigDB Hallmark v7.0 (human->mouse by symbol)	Supv3l1
MSIGDB_HALLMARK_OXIDATIVE_PHOSPHORYLATION	ENSMUSG00000029198	MSigDB Hallmark v7.0 (human->mouse by symbol)	Grpel1
MSIGDB_HALLMARK_OXIDATIVE_PHOSPHORYLATION	ENSMUSG00000049225	MSigDB Hallmark v7.0 (human->mouse by symbol)	Pdp1
MSIGDB_HALLMARK_OXIDATIVE_PHOSPHORYLATION	ENSMUSG00000021238	MSigDB Hallmark v7.0 (human->mouse by symbol)	Aldh6a1
MSIGDB_HALLMARK_OXIDATIVE_PHOSPHORYLATION	ENSMUSG00000030934	MSigDB Hallmark v7.0 (human->mouse by symbol)	Oat
MSIGDB_HALLMARK_REACTIVE_OXYGEN_SPECIES_PATHWAY	ENSMUSG00000031584	MSigDB Hallmark v7.0 (human->mouse by symbol)	Gsr
MSIGDB_HALLMARK_REACTIVE_OXYGEN_SPECIES_PATHWAY	ENSMUSG00000005161	MSigDB Hallmark v7.0 (human->mouse by symbol)	Prdx2
MSIGDB_HALLMARK_REACTIVE_OXYGEN_SPECIES_PATHWAY	ENSMUSG00000020250	MSigDB Hallmark v7.0 (human->mouse by symbol)	Txnrd1
MSIGDB_HALLMARK_REACTIVE_OXYGEN_SPECIES_PATHWAY	ENSMUSG00000022982	MSigDB Hallmark v7.0 (human->mouse by symbol)	Sod1
MSIGDB_HALLMARK_REACTIVE_OXYGEN_SPECIES_PATHWAY	ENSMUSG00000032350	MSigDB Hallmark v7.0 (human->mouse by symbol)	Gclc
MSIGDB_HALLMARK_REACTIVE_OXYGEN_SPECIES_PATHWAY	ENSMUSG00000027187	MSigDB Hallmark v7.0 (human->mouse by symbol)	Cat
MSIGDB_HALLMARK_REACTIVE_OXYGEN_SPECIES_PATHWAY	ENSMUSG00000075706	MSigDB Hallmark v7.0 (human->mouse by symbol)	Gpx4
MSIGDB_HALLMARK_REACTIVE_OXYGEN_SPECIES_PATHWAY	ENSMUSG00000009350	MSigDB Hallmark v7.0 (human->mouse by symbol)	Mpo
MSIGDB_HALLMARK_REACTIVE_OXYGEN_SPECIES_PATHWAY	ENSMUSG00000028691	MSigDB Hallmark v7.0 (human->mouse by symbol)	Prdx1
MSIGDB_HALLMARK_REACTIVE_OXYGEN_SPECIES_PATHWAY	ENSMUSG00000026701	MSigDB Hallmark v7.0 (human->mouse by symbol)	Prdx6
MSIGDB_HALLMARK_REACTIVE_OXYGEN_SPECIES_PATHWAY	ENSMUSG00000028124	MSigDB Hallmark v7.0 (human->mouse by symbol)	Gclm
MSIGDB_HALLMARK_REACTIVE_OXYGEN_SPECIES_PATHWAY	ENSMUSG00000006818	MSigDB Hallmark v7.0 (human->mouse by symbol)	Sod2
MSIGDB_HALLMARK_REACTIVE_OXYGEN_SPECIES_PATHWAY	ENSMUSG00000025289	MSigDB Hallmark v7.0 (human->mouse by symbol)	Prdx4
MSIGDB_HALLMARK_REACTIVE_OXYGEN_SPECIES_PATHWAY	ENSMUSG00000075701	MSigDB Hallmark v7.0 (human->mouse by symbol)	Selenos
MSIGDB_HALLMARK_REACTIVE_OXYGEN_SPECIES_PATHWAY	ENSMUSG00000055044	MSigDB Hallmark v7.0 (human->mouse by symbol)	Pdlim1
MSIGDB_HALLMARK_REACTIVE_OXYGEN_SPECIES_PATHWAY	ENSMUSG00000075704	MSigDB Hallmark v7.0 (human->mouse by symbol)	Txnrd2
MSIGDB_HALLMARK_REACTIVE_OXYGEN_SPECIES_PATHWAY	ENSMUSG00000087260	MSigDB Hallmark v7.0 (human->mouse by symbol)	Lamtor5
MSIGDB_HALLMARK_REACTIVE_OXYGEN_SPECIES_PATHWAY	ENSMUSG00000054733	MSigDB Hallmark v7.0 (human->mouse by symbol)	Msra
MSIGDB_HALLMARK_REACTIVE_OXYGEN_SPECIES_PATHWAY	ENSMUSG00000041607	MSigDB Hallmark v7.0 (human->mouse by symbol)	Mbp
MSIGDB_HALLMARK_REACTIVE_OXYGEN_SPECIES_PATHWAY	ENSMUSG00000032802	MSigDB Hallmark v7.0 (human->mouse by symbol)	Srxn1
MSIGDB_HALLMARK_REACTIVE_OXYGEN_SPECIES_PATHWAY	ENSMUSG00000003849	MSigDB Hallmark v7.0 (human->mouse by symbol)	Nqo1
MSIGDB_HALLMARK_REACTIVE_OXYGEN_SPECIES_PATHWAY	ENSMUSG00000036737	MSigDB Hallmark v7.0 (human->mouse by symbol)	Oxsr1
MSIGDB_HALLMARK_REACTIVE_OXYGEN_SPECIES_PATHWAY	ENSMUSG00000018196	MSigDB Hallmark v7.0 (human->mouse by symbol)	Glrx2
MSIGDB_HALLMARK_REACTIVE_OXYGEN_SPECIES_PATHWAY	ENSMUSG00000004070	MSigDB Hallmark v7.0 (human->mouse by symbol)	Hmox2
MSIGDB_HALLMARK_REACTIVE_OXYGEN_SPECIES_PATHWAY	ENSMUSG00000053158	MSigDB Hallmark v7.0 (human->mouse by symbol)	Fes
MSIGDB_HALLMARK_REACTIVE_OXYGEN_SPECIES_PATHWAY	ENSMUSG00000021196	MSigDB Hallmark v7.0 (human->mouse by symbol)	Pfkp
MSIGDB_HALLMARK_REACTIVE_OXYGEN_SPECIES_PATHWAY	ENSMUSG00000022820	MSigDB Hallmark v7.0 (human->mouse by symbol)	Ndufb4
MSIGDB_HALLMARK_REACTIVE_OXYGEN_SPECIES_PATHWAY	ENSMUSG00000018339	MSigDB Hallmark v7.0 (human->mouse by symbol)	Gpx3
MSIGDB_HALLMARK_REACTIVE_OXYGEN_SPECIES_PATHWAY	ENSMUSG00000022983	MSigDB Hallmark v7.0 (human->mouse by symbol)	Scaf4
MSIGDB_HALLMARK_REACTIVE_OXYGEN_SPECIES_PATHWAY	ENSMUSG00000096472	MSigDB Hallmark v7.0 (human->mouse by symbol)	Cdkn2d
MSIGDB_HALLMARK_REACTIVE_OXYGEN_SPECIES_PATHWAY	ENSMUSG00000008540	MSigDB Hallmark v7.0 (human->mouse by symbol)	Mgst1
MSIGDB_HALLMARK_REACTIVE_OXYGEN_SPECIES_PATHWAY	ENSMUSG00000023088	MSigDB Hallmark v7.0 (human->mouse by symbol)	Abcc1
MSIGDB_HALLMARK_REACTIVE_OXYGEN_SPECIES_PATHWAY	ENSMUSG00000018585	MSigDB Hallmark v7.0 (human->mouse by symbol)	Atox1
MSIGDB_HALLMARK_REACTIVE_OXYGEN_SPECIES_PATHWAY	ENSMUSG00000026277	MSigDB Hallmark v7.0 (human->mouse by symbol)	Stk25
MSIGDB_HALLMARK_REACTIVE_OXYGEN_SPECIES_PATHWAY	ENSMUSG00000058709	MSigDB Hallmark v7.0 (human->mouse by symbol)	Egln2
MSIGDB_HALLMARK_REACTIVE_OXYGEN_SPECIES_PATHWAY	ENSMUSG00000030400	MSigDB Hallmark v7.0 (human->mouse by symbol)	Ercc2
MSIGDB_HALLMARK_REACTIVE_OXYGEN_SPECIES_PATHWAY	ENSMUSG00000035673	MSigDB Hallmark v7.0 (human->mouse by symbol)	Sbno2
MSIGDB_HALLMARK_REACTIVE_OXYGEN_SPECIES_PATHWAY	ENSMUSG00000052837	MSigDB Hallmark v7.0 (human->mouse by symbol)	Junb
MSIGDB_HALLMARK_REACTIVE_OXYGEN_SPECIES_PATHWAY	ENSMUSG00000039515	MSigDB Hallmark v7.0 (human->mouse by symbol)	Ptpa
MSIGDB_HALLMARK_REACTIVE_OXYGEN_SPECIES_PATHWAY	ENSMUSG00000018819	MSigDB Hallmark v7.0 (human->mouse by symbol)	Lsp1
MSIGDB_HALLMARK_REACTIVE_OXYGEN_SPECIES_PATHWAY	ENSMUSG00000022450	MSigDB Hallmark v7.0 (human->mouse by symbol)	Ndufa6
MSIGDB_HALLMARK_REACTIVE_OXYGEN_SPECIES_PATHWAY	ENSMUSG00000024986	MSigDB Hallmark v7.0 (human->mouse by symbol)	Hhex
MSIGDB_HALLMARK_REACTIVE_OXYGEN_SPECIES_PATHWAY	ENSMUSG00000021591	MSigDB Hallmark v7.0 (human->mouse by symbol)	Glrx
MSIGDB_HALLMARK_REACTIVE_OXYGEN_SPECIES_PATHWAY	ENSMUSG00000013593	MSigDB Hallmark v7.0 (human->mouse by symbol)	Ndufs2
MSIGDB_HALLMARK_REACTIVE_OXYGEN_SPECIES_PATHWAY	ENSMUSG00000079037	MSigDB Hallmark v7.0 (human->mouse by symbol)	Prnp
MSIGDB_HALLMARK_REACTIVE_OXYGEN_SPECIES_PATHWAY	ENSMUSG00000064065	MSigDB Hallmark v7.0 (human->mouse by symbol)	Ipcef1
MSIGDB_HALLMARK_ANGIOGENESIS	ENSMUSG00000021614	MSigDB Hallmark v7.0 (human->mouse by symbol)	Vcan
MSIGDB_HALLMARK_ANGIOGENESIS	ENSMUSG00000027750	MSigDB Hallmark v7.0 (human->mouse by symbol)	Postn
MSIGDB_HALLMARK_ANGIOGENESIS	ENSMUSG00000022816	MSigDB Hallmark v7.0 (human->mouse by symbol)	Fstl1
MSIGDB_HALLMARK_ANGIOGENESIS	ENSMUSG00000029103	MSigDB Hallmark v7.0 (human->mouse by symbol)	Lrpap1
MSIGDB_HALLMARK_ANGIOGENESIS	ENSMUSG00000014813	MSigDB Hallmark v7.0 (human->mouse by symbol)	Stc1
MSIGDB_HALLMARK_ANGIOGENESIS	ENSMUSG00000015568	MSigDB Hallmark v7.0 (human->mouse by symbol)	Lpl
MSIGDB_HALLMARK_ANGIOGENESIS	ENSMUSG00000023951	MSigDB Hallmark v7.0 (human->mouse by symbol)	Vegfa
MSIGDB_HALLMARK_ANGIOGENESIS	ENSMUSG00000029373	MSigDB Hallmark v7.0 (human->mouse by symbol)	Pf4
MSIGDB_HALLMARK_ANGIOGENESIS	ENSMUSG00000074743	MSigDB Hallmark v7.0 (human->mouse by symbol)	Thbd
MSIGDB_HALLMARK_ANGIOGENESIS	ENSMUSG00000031565	MSigDB Hallmark v7.0 (human->mouse by symbol)	Fgfr1
MSIGDB_HALLMARK_ANGIOGENESIS	ENSMUSG00000023915	MSigDB Hallmark v7.0 (human->mouse by symbol)	Tnfrsf21
MSIGDB_HALLMARK_ANGIOGENESIS	ENSMUSG00000000184	MSigDB Hallmark v7.0 (human->mouse by symbol)	Ccnd2
MSIGDB_HALLMARK_ANGIOGENESIS	ENSMUSG00000026042	MSigDB Hallmark v7.0 (human->mouse by symbol)	Col5a2
MSIGDB_HALLMARK_ANGIOGENESIS	ENSMUSG00000027087	MSigDB Hallmark v7.0 (human->mouse by symbol)	Itgav
MSIGDB_HALLMARK_ANGIOGENESIS	ENSMUSG00000041550	MSigDB Hallmark v7.0 (human->mouse by symbol)	Serpina5
MSIGDB_HALLMARK_ANGIOGENESIS	ENSMUSG00000030247	MSigDB Hallmark v7.0 (human->mouse by symbol)	Kcnj8
MSIGDB_HALLMARK_ANGIOGENESIS	ENSMUSG00000022892	MSigDB Hallmark v7.0 (human->mouse by symbol)	App
MSIGDB_HALLMARK_ANGIOGENESIS	ENSMUSG00000027276	MSigDB Hallmark v7.0 (human->mouse by symbol)	Jag1
MSIGDB_HALLMARK_ANGIOGENESIS	ENSMUSG00000026043	MSigDB Hallmark v7.0 (human->mouse by symbol)	Col3a1
MSIGDB_HALLMARK_ANGIOGENESIS	ENSMUSG00000029304	MSigDB Hallmark v7.0 (human->mouse by symbol)	Spp1
MSIGDB_HALLMARK_ANGIOGENESIS	ENSMUSG00000025810	MSigDB Hallmark v7.0 (human->mouse by symbol)	Nrp1
MSIGDB_HALLMARK_ANGIOGENESIS	ENSMUSG00000030162	MSigDB Hallmark v7.0 (human->mouse by symbol)	Olr1
MSIGDB_HALLMARK_ANGIOGENESIS	ENSMUSG00000025856	MSigDB Hallmark v7.0 (human->mouse by symbol)	Pdgfa
MSIGDB_HALLMARK_ANGIOGENESIS	ENSMUSG00000022607	MSigDB Hallmark v7.0 (human->mouse by symbol)	Ptk2
MSIGDB_HALLMARK_ANGIOGENESIS	ENSMUSG00000032548	MSigDB Hallmark v7.0 (human->mouse by symbol)	Slco2a1
MSIGDB_HALLMARK_ANGIOGENESIS	ENSMUSG00000030413	MSigDB Hallmark v7.0 (human->mouse by symbol)	Pglyrp1
MSIGDB_HALLMARK_ANGIOGENESIS	ENSMUSG00000009621	MSigDB Hallmark v7.0 (human->mouse by symbol)	Vav2
MSIGDB_HALLMARK_ANGIOGENESIS	ENSMUSG00000001020	MSigDB Hallmark v7.0 (human->mouse by symbol)	S100a4
MSIGDB_HALLMARK_ANGIOGENESIS	ENSMUSG00000048450	MSigDB Hallmark v7.0 (human->mouse by symbol)	Msx1
MSIGDB_HALLMARK_ANGIOGENESIS	ENSMUSG00000017344	MSigDB Hallmark v7.0 (human->mouse by symbol)	Vtn
MSIGDB_HALLMARK_ANGIOGENESIS	ENSMUSG00000001131	MSigDB Hallmark v7.0 (human->mouse by symbol)	Timp1
MSIGDB_HALLMARK_ANGIOGENESIS	ENSMUSG00000000049	MSigDB Hallmark v7.0 (human->mouse by symbol)	Apoh
MSIGDB_HALLMARK_ANGIOGENESIS	ENSMUSG00000027073	MSigDB Hallmark v7.0 (human->mouse by symbol)	Prg2
MSIGDB_HALLMARK_ANGIOGENESIS	ENSMUSG00000002799	MSigDB Hallmark v7.0 (human->mouse by symbol)	Jag2
MSIGDB_HALLMARK_ANGIOGENESIS	ENSMUSG00000036446	MSigDB Hallmark v7.0 (human->mouse by symbol)	Lum
MSIGDB_HALLMARK_COAGULATION	ENSMUSG00000027249	MSigDB Hallmark v7.0 (human->mouse by symbol)	F2
MSIGDB_HALLMARK_COAGULATION	ENSMUSG00000024386	MSigDB Hallmark v7.0 (human->mouse by symbol)	Proc
MSIGDB_HALLMARK_COAGULATION	ENSMUSG00000000957	MSigDB Hallmark v7.0 (human->mouse by symbol)	Mmp14
MSIGDB_HALLMARK_COAGULATION	ENSMUSG00000031444	MSigDB Hallmark v7.0 (human->mouse by symbol)	F10
MSIGDB_HALLMARK_COAGULATION	ENSMUSG00000059481	MSigDB Hallmark v7.0 (human->mouse by symbol)	Plg
MSIGDB_HALLMARK_COAGULATION	ENSMUSG00000037411	MSigDB Hallmark v7.0 (human->mouse by symbol)	Serpine1
MSIGDB_HALLMARK_COAGULATION	ENSMUSG00000023224	MSigDB Hallmark v7.0 (human->mouse by symbol)	Serping1
MSIGDB_HALLMARK_COAGULATION	ENSMUSG00000024371	MSigDB Hallmark v7.0 (human->mouse by symbol)	C2
MSIGDB_HALLMARK_COAGULATION	ENSMUSG00000021492	MSigDB Hallmark v7.0 (human->mouse by symbol)	F12
MSIGDB_HALLMARK_COAGULATION	ENSMUSG00000058952	MSigDB Hallmark v7.0 (human->mouse by symbol)	Cfi
MSIGDB_HALLMARK_COAGULATION	ENSMUSG00000031740	MSigDB Hallmark v7.0 (human->mouse by symbol)	Mmp2
MSIGDB_HALLMARK_COAGULATION	ENSMUSG00000024164	MSigDB Hallmark v7.0 (human->mouse by symbol)	C3
MSIGDB_HALLMARK_COAGULATION	ENSMUSG00000031138	MSigDB Hallmark v7.0 (human->mouse by symbol)	F9
MSIGDB_HALLMARK_COAGULATION	ENSMUSG00000028015	MSigDB Hallmark v7.0 (human->mouse by symbol)	Ctso
MSIGDB_HALLMARK_COAGULATION	ENSMUSG00000016942	MSigDB Hallmark v7.0 (human->mouse by symbol)	Tmprss6
MSIGDB_HALLMARK_COAGULATION	ENSMUSG00000017737	MSigDB Hallmark v7.0 (human->mouse by symbol)	Mmp9
MSIGDB_HALLMARK_COAGULATION	ENSMUSG00000031445	MSigDB Hallmark v7.0 (human->mouse by symbol)	Proz
MSIGDB_HALLMARK_COAGULATION	ENSMUSG00000090231	MSigDB Hallmark v7.0 (human->mouse by symbol)	Cfb
MSIGDB_HALLMARK_COAGULATION	ENSMUSG00000022098	MSigDB Hallmark v7.0 (human->mouse by symbol)	Bmp1
MSIGDB_HALLMARK_COAGULATION	ENSMUSG00000001930	MSigDB Hallmark v7.0 (human->mouse by symbol)	Vwf
MSIGDB_HALLMARK_COAGULATION	ENSMUSG00000028001	MSigDB Hallmark v7.0 (human->mouse by symbol)	Fga
MSIGDB_HALLMARK_COAGULATION	ENSMUSG00000031645	MSigDB Hallmark v7.0 (human->mouse by symbol)	F11
MSIGDB_HALLMARK_COAGULATION	ENSMUSG00000074743	MSigDB Hallmark v7.0 (human->mouse by symbol)	Thbd
MSIGDB_HALLMARK_COAGULATION	ENSMUSG00000030530	MSigDB Hallmark v7.0 (human->mouse by symbol)	Furin
MSIGDB_HALLMARK_COAGULATION	ENSMUSG00000000901	MSigDB Hallmark v7.0 (human->mouse by symbol)	Mmp11
MSIGDB_HALLMARK_COAGULATION	ENSMUSG00000031196	MSigDB Hallmark v7.0 (human->mouse by symbol)	F8
MSIGDB_HALLMARK_COAGULATION	ENSMUSG00000021190	MSigDB Hallmark v7.0 (human->mouse by symbol)	Lgmn
MSIGDB_HALLMARK_COAGULATION	ENSMUSG00000001249	MSigDB Hallmark v7.0 (human->mouse by symbol)	Hpn
MSIGDB_HALLMARK_COAGULATION	ENSMUSG00000021939	MSigDB Hallmark v7.0 (human->mouse by symbol)	Ctsb
MSIGDB_HALLMARK_COAGULATION	ENSMUSG00000024863	MSigDB Hallmark v7.0 (human->mouse by symbol)	Mbl2
MSIGDB_HALLMARK_COAGULATION	ENSMUSG00000026368	MSigDB Hallmark v7.0 (human->mouse by symbol)	F13b
MSIGDB_HALLMARK_COAGULATION	ENSMUSG00000001131	MSigDB Hallmark v7.0 (human->mouse by symbol)	Timp1
MSIGDB_HALLMARK_COAGULATION	ENSMUSG00000005800	MSigDB Hallmark v7.0 (human->mouse by symbol)	Mmp8
MSIGDB_HALLMARK_COAGULATION	ENSMUSG00000030111	MSigDB Hallmark v7.0 (human->mouse by symbol)	A2m
MSIGDB_HALLMARK_COAGULATION	ENSMUSG00000047562	MSigDB Hallmark v7.0 (human->mouse by symbol)	Mmp10
MSIGDB_HALLMARK_COAGULATION	ENSMUSG00000028979	MSigDB Hallmark v7.0 (human->mouse by symbol)	Masp2
MSIGDB_HALLMARK_COAGULATION	ENSMUSG00000033860	MSigDB Hallmark v7.0 (human->mouse by symbol)	Fgg
MSIGDB_HALLMARK_COAGULATION	ENSMUSG00000035031	MSigDB Hallmark v7.0 (human->mouse by symbol)	C8a
MSIGDB_HALLMARK_COAGULATION	ENSMUSG00000021822	MSigDB Hallmark v7.0 (human->mouse by symbol)	Plau
MSIGDB_HALLMARK_COAGULATION	ENSMUSG00000031555	MSigDB Hallmark v7.0 (human->mouse by symbol)	Adam9
MSIGDB_HALLMARK_COAGULATION	ENSMUSG00000026879	MSigDB Hallmark v7.0 (human->mouse by symbol)	Gsn
MSIGDB_HALLMARK_COAGULATION	ENSMUSG00000026509	MSigDB Hallmark v7.0 (human->mouse by symbol)	Capn2
MSIGDB_HALLMARK_COAGULATION	ENSMUSG00000031538	MSigDB Hallmark v7.0 (human->mouse by symbol)	Plat
MSIGDB_HALLMARK_COAGULATION	ENSMUSG00000026193	MSigDB Hallmark v7.0 (human->mouse by symbol)	Fn1
MSIGDB_HALLMARK_COAGULATION	ENSMUSG00000032359	MSigDB Hallmark v7.0 (human->mouse by symbol)	Ctsh
MSIGDB_HALLMARK_COAGULATION	ENSMUSG00000030162	MSigDB Hallmark v7.0 (human->mouse by symbol)	Olr1
MSIGDB_HALLMARK_COAGULATION	ENSMUSG00000018593	MSigDB Hallmark v7.0 (human->mouse by symbol)	Sparc
MSIGDB_HALLMARK_COAGULATION	ENSMUSG00000023070	MSigDB Hallmark v7.0 (human->mouse by symbol)	Rgn
MSIGDB_HALLMARK_COAGULATION	ENSMUSG00000029656	MSigDB Hallmark v7.0 (human->mouse by symbol)	C8b
MSIGDB_HALLMARK_COAGULATION	ENSMUSG00000016534	MSigDB Hallmark v7.0 (human->mouse by symbol)	Lamp2
MSIGDB_HALLMARK_COAGULATION	ENSMUSG00000022149	MSigDB Hallmark v7.0 (human->mouse by symbol)	C9
MSIGDB_HALLMARK_COAGULATION	ENSMUSG00000022912	MSigDB Hallmark v7.0 (human->mouse by symbol)	Pros1
MSIGDB_HALLMARK_COAGULATION	ENSMUSG00000022037	MSigDB Hallmark v7.0 (human->mouse by symbol)	Clu
MSIGDB_HALLMARK_COAGULATION	ENSMUSG00000021675	MSigDB Hallmark v7.0 (human->mouse by symbol)	F2rl2
MSIGDB_HALLMARK_COAGULATION	ENSMUSG00000030342	MSigDB Hallmark v7.0 (human->mouse by symbol)	Cd9
MSIGDB_HALLMARK_COAGULATION	ENSMUSG00000026365	MSigDB Hallmark v7.0 (human->mouse by symbol)	Cfh
MSIGDB_HALLMARK_COAGULATION	ENSMUSG00000019849	MSigDB Hallmark v7.0 (human->mouse by symbol)	Prep
MSIGDB_HALLMARK_COAGULATION	ENSMUSG00000015889	MSigDB Hallmark v7.0 (human->mouse by symbol)	Lta4h
MSIGDB_HALLMARK_COAGULATION	ENSMUSG00000030054	MSigDB Hallmark v7.0 (human->mouse by symbol)	Gp9
MSIGDB_HALLMARK_COAGULATION	ENSMUSG00000018648	MSigDB Hallmark v7.0 (human->mouse by symbol)	Dusp14
MSIGDB_HALLMARK_COAGULATION	ENSMUSG00000028111	MSigDB Hallmark v7.0 (human->mouse by symbol)	Ctsk
MSIGDB_HALLMARK_COAGULATION	ENSMUSG00000058624	MSigDB Hallmark v7.0 (human->mouse by symbol)	Gda
MSIGDB_HALLMARK_COAGULATION	ENSMUSG00000028914	MSigDB Hallmark v7.0 (human->mouse by symbol)	Casp9
MSIGDB_HALLMARK_COAGULATION	ENSMUSG00000040564	MSigDB Hallmark v7.0 (human->mouse by symbol)	Apoc1
MSIGDB_HALLMARK_COAGULATION	ENSMUSG00000006356	MSigDB Hallmark v7.0 (human->mouse by symbol)	Crip2
MSIGDB_HALLMARK_COAGULATION	ENSMUSG00000064023	MSigDB Hallmark v7.0 (human->mouse by symbol)	Klk8
MSIGDB_HALLMARK_COAGULATION	ENSMUSG00000026715	MSigDB Hallmark v7.0 (human->mouse by symbol)	Serpinc1
MSIGDB_HALLMARK_COAGULATION	ENSMUSG00000024659	MSigDB Hallmark v7.0 (human->mouse by symbol)	Anxa1
MSIGDB_HALLMARK_COAGULATION	ENSMUSG00000006529	MSigDB Hallmark v7.0 (human->mouse by symbol)	Itih1
MSIGDB_HALLMARK_COAGULATION	ENSMUSG00000039405	MSigDB Hallmark v7.0 (human->mouse by symbol)	Prss23
MSIGDB_HALLMARK_COAGULATION	ENSMUSG00000027204	MSigDB Hallmark v7.0 (human->mouse by symbol)	Fbn1
MSIGDB_HALLMARK_COAGULATION	ENSMUSG00000032591	MSigDB Hallmark v7.0 (human->mouse by symbol)	Mst1
MSIGDB_HALLMARK_COAGULATION	ENSMUSG00000028128	MSigDB Hallmark v7.0 (human->mouse by symbol)	F3
MSIGDB_HALLMARK_COAGULATION	ENSMUSG00000025959	MSigDB Hallmark v7.0 (human->mouse by symbol)	Klf7
MSIGDB_HALLMARK_COAGULATION	ENSMUSG00000004552	MSigDB Hallmark v7.0 (human->mouse by symbol)	Ctse
MSIGDB_HALLMARK_COAGULATION	ENSMUSG00000020689	MSigDB Hallmark v7.0 (human->mouse by symbol)	Itgb3
MSIGDB_HALLMARK_COAGULATION	ENSMUSG00000035547	MSigDB Hallmark v7.0 (human->mouse by symbol)	Capn5
MSIGDB_HALLMARK_COAGULATION	ENSMUSG00000026421	MSigDB Hallmark v7.0 (human->mouse by symbol)	Csrp1
MSIGDB_HALLMARK_COAGULATION	ENSMUSG00000109764	MSigDB Hallmark v7.0 (human->mouse by symbol)	Klkb1
MSIGDB_HALLMARK_COAGULATION	ENSMUSG00000023094	MSigDB Hallmark v7.0 (human->mouse by symbol)	Msrb2
MSIGDB_HALLMARK_COAGULATION	ENSMUSG00000029664	MSigDB Hallmark v7.0 (human->mouse by symbol)	Tfpi2
MSIGDB_HALLMARK_COAGULATION	ENSMUSG00000043613	MSigDB Hallmark v7.0 (human->mouse by symbol)	Mmp3
MSIGDB_HALLMARK_COAGULATION	ENSMUSG00000023914	MSigDB Hallmark v7.0 (human->mouse by symbol)	Mep1a
MSIGDB_HALLMARK_COAGULATION	ENSMUSG00000050675	MSigDB Hallmark v7.0 (human->mouse by symbol)	Gp1ba
MSIGDB_HALLMARK_COAGULATION	ENSMUSG00000032083	MSigDB Hallmark v7.0 (human->mouse by symbol)	Apoa1
MSIGDB_HALLMARK_COAGULATION	ENSMUSG00000028779	MSigDB Hallmark v7.0 (human->mouse by symbol)	Pef1
MSIGDB_HALLMARK_COAGULATION	ENSMUSG00000036402	MSigDB Hallmark v7.0 (human->mouse by symbol)	Gng12
MSIGDB_HALLMARK_COAGULATION	ENSMUSG00000015149	MSigDB Hallmark v7.0 (human->mouse by symbol)	Sirt2
MSIGDB_HALLMARK_COAGULATION	ENSMUSG00000031849	MSigDB Hallmark v7.0 (human->mouse by symbol)	Comp
MSIGDB_HALLMARK_COAGULATION	ENSMUSG00000006205	MSigDB Hallmark v7.0 (human->mouse by symbol)	Htra1
MSIGDB_HALLMARK_COAGULATION	ENSMUSG00000042622	MSigDB Hallmark v7.0 (human->mouse by symbol)	Maff
MSIGDB_HALLMARK_COAGULATION	ENSMUSG00000040249	MSigDB Hallmark v7.0 (human->mouse by symbol)	Lrp1
MSIGDB_HALLMARK_COAGULATION	ENSMUSG00000029373	MSigDB Hallmark v7.0 (human->mouse by symbol)	Pf4
MSIGDB_HALLMARK_COAGULATION	ENSMUSG00000039007	MSigDB Hallmark v7.0 (human->mouse by symbol)	Cpq
MSIGDB_HALLMARK_COAGULATION	ENSMUSG00000031790	MSigDB Hallmark v7.0 (human->mouse by symbol)	Mmp15
MSIGDB_HALLMARK_COAGULATION	ENSMUSG00000042229	MSigDB Hallmark v7.0 (human->mouse by symbol)	Rabif
MSIGDB_HALLMARK_COAGULATION	ENSMUSG00000022877	MSigDB Hallmark v7.0 (human->mouse by symbol)	Hrg
MSIGDB_HALLMARK_COAGULATION	ENSMUSG00000015083	MSigDB Hallmark v7.0 (human->mouse by symbol)	C8g
MSIGDB_HALLMARK_COAGULATION	ENSMUSG00000002992	MSigDB Hallmark v7.0 (human->mouse by symbol)	Apoc2
MSIGDB_HALLMARK_COAGULATION	ENSMUSG00000062345	MSigDB Hallmark v7.0 (human->mouse by symbol)	Serpinb2
MSIGDB_HALLMARK_COAGULATION	ENSMUSG00000022469	MSigDB Hallmark v7.0 (human->mouse by symbol)	Rapgef3
MSIGDB_HALLMARK_COAGULATION	ENSMUSG00000025196	MSigDB Hallmark v7.0 (human->mouse by symbol)	Cpn1
MSIGDB_HALLMARK_COAGULATION	ENSMUSG00000015533	MSigDB Hallmark v7.0 (human->mouse by symbol)	Itga2
MSIGDB_HALLMARK_COAGULATION	ENSMUSG00000001847	MSigDB Hallmark v7.0 (human->mouse by symbol)	Rac1
MSIGDB_HALLMARK_COAGULATION	ENSMUSG00000035000	MSigDB Hallmark v7.0 (human->mouse by symbol)	Dpp4
MSIGDB_HALLMARK_COAGULATION	ENSMUSG00000005103	MSigDB Hallmark v7.0 (human->mouse by symbol)	Wdr1
MSIGDB_HALLMARK_COAGULATION	ENSMUSG00000040152	MSigDB Hallmark v7.0 (human->mouse by symbol)	Thbs1
MSIGDB_HALLMARK_COAGULATION	ENSMUSG00000019843	MSigDB Hallmark v7.0 (human->mouse by symbol)	Fyn
MSIGDB_HALLMARK_COAGULATION	ENSMUSG00000000489	MSigDB Hallmark v7.0 (human->mouse by symbol)	Pdgfb
MSIGDB_HALLMARK_COAGULATION	ENSMUSG00000005057	MSigDB Hallmark v7.0 (human->mouse by symbol)	Sh2b2
MSIGDB_HALLMARK_COAGULATION	ENSMUSG00000020717	MSigDB Hallmark v7.0 (human->mouse by symbol)	Pecam1
MSIGDB_HALLMARK_COAGULATION	ENSMUSG00000018623	MSigDB Hallmark v7.0 (human->mouse by symbol)	Mmp7
MSIGDB_HALLMARK_COAGULATION	ENSMUSG00000019960	MSigDB Hallmark v7.0 (human->mouse by symbol)	Dusp6
MSIGDB_HALLMARK_COAGULATION	ENSMUSG00000021999	MSigDB Hallmark v7.0 (human->mouse by symbol)	Cpb2
MSIGDB_HALLMARK_COAGULATION	ENSMUSG00000042312	MSigDB Hallmark v7.0 (human->mouse by symbol)	S100a13
MSIGDB_HALLMARK_COAGULATION	ENSMUSG00000061780	MSigDB Hallmark v7.0 (human->mouse by symbol)	Cfd
MSIGDB_HALLMARK_COAGULATION	ENSMUSG00000022129	MSigDB Hallmark v7.0 (human->mouse by symbol)	Dct
MSIGDB_HALLMARK_COAGULATION	ENSMUSG00000066652	MSigDB Hallmark v7.0 (human->mouse by symbol)	Lefty2
MSIGDB_HALLMARK_COAGULATION	ENSMUSG00000072115	MSigDB Hallmark v7.0 (human->mouse by symbol)	Ang
MSIGDB_HALLMARK_COAGULATION	ENSMUSG00000036887	MSigDB Hallmark v7.0 (human->mouse by symbol)	C1qa
MSIGDB_HALLMARK_COAGULATION	ENSMUSG00000027875	MSigDB Hallmark v7.0 (human->mouse by symbol)	Hmgcs2
MSIGDB_HALLMARK_COAGULATION	ENSMUSG00000025825	MSigDB Hallmark v7.0 (human->mouse by symbol)	Iscu
MSIGDB_HALLMARK_COAGULATION	ENSMUSG00000020120	MSigDB Hallmark v7.0 (human->mouse by symbol)	Plek
MSIGDB_HALLMARK_COAGULATION	ENSMUSG00000032081	MSigDB Hallmark v7.0 (human->mouse by symbol)	Apoc3
MSIGDB_HALLMARK_COAGULATION	ENSMUSG00000027765	MSigDB Hallmark v7.0 (human->mouse by symbol)	P2ry1
MSIGDB_HALLMARK_COAGULATION	ENSMUSG00000031066	MSigDB Hallmark v7.0 (human->mouse by symbol)	Usp11
MSIGDB_HALLMARK_COAGULATION	ENSMUSG00000020044	MSigDB Hallmark v7.0 (human->mouse by symbol)	Timp3
MSIGDB_HALLMARK_COAGULATION	ENSMUSG00000021751	MSigDB Hallmark v7.0 (human->mouse by symbol)	Acox2
MSIGDB_HALLMARK_COAGULATION	ENSMUSG00000017950	MSigDB Hallmark v7.0 (human->mouse by symbol)	Hnf4a
MSIGDB_HALLMARK_COAGULATION	ENSMUSG00000044080	MSigDB Hallmark v7.0 (human->mouse by symbol)	S100a1
MSIGDB_HALLMARK_COAGULATION	ENSMUSG00000029713	MSigDB Hallmark v7.0 (human->mouse by symbol)	Gnb2
MSIGDB_HALLMARK_COAGULATION	ENSMUSG00000021877	MSigDB Hallmark v7.0 (human->mouse by symbol)	Arf4
MSIGDB_HALLMARK_ALLOGRAFT_REJECTION	ENSMUSG00000026395	MSigDB Hallmark v7.0 (human->mouse by symbol)	Ptprc
MSIGDB_HALLMARK_ALLOGRAFT_REJECTION	ENSMUSG00000004296	MSigDB Hallmark v7.0 (human->mouse by symbol)	Il12b
MSIGDB_HALLMARK_ALLOGRAFT_REJECTION	ENSMUSG00000002603	MSigDB Hallmark v7.0 (human->mouse by symbol)	Tgfb1
MSIGDB_HALLMARK_ALLOGRAFT_REJECTION	ENSMUSG00000027776	MSigDB Hallmark v7.0 (human->mouse by symbol)	Il12a
MSIGDB_HALLMARK_ALLOGRAFT_REJECTION	ENSMUSG00000032093	MSigDB Hallmark v7.0 (human->mouse by symbol)	Cd3e
MSIGDB_HALLMARK_ALLOGRAFT_REJECTION	ENSMUSG00000032094	MSigDB Hallmark v7.0 (human->mouse by symbol)	Cd3d
MSIGDB_HALLMARK_ALLOGRAFT_REJECTION	ENSMUSG00000026012	MSigDB Hallmark v7.0 (human->mouse by symbol)	Cd28
MSIGDB_HALLMARK_ALLOGRAFT_REJECTION	ENSMUSG00000042228	MSigDB Hallmark v7.0 (human->mouse by symbol)	Lyn
MSIGDB_HALLMARK_ALLOGRAFT_REJECTION	ENSMUSG00000022831	MSigDB Hallmark v7.0 (human->mouse by symbol)	Hcls1
MSIGDB_HALLMARK_ALLOGRAFT_REJECTION	ENSMUSG00000039217	MSigDB Hallmark v7.0 (human->mouse by symbol)	Il18
MSIGDB_HALLMARK_ALLOGRAFT_REJECTION	ENSMUSG00000032021	MSigDB Hallmark v7.0 (human->mouse by symbol)	Crtam
MSIGDB_HALLMARK_ALLOGRAFT_REJECTION	ENSMUSG00000055170	MSigDB Hallmark v7.0 (human->mouse by symbol)	Ifng
MSIGDB_HALLMARK_ALLOGRAFT_REJECTION	ENSMUSG00000002033	MSigDB Hallmark v7.0 (human->mouse by symbol)	Cd3g
MSIGDB_HALLMARK_ALLOGRAFT_REJECTION	ENSMUSG00000022901	MSigDB Hallmark v7.0 (human->mouse by symbol)	Cd86
MSIGDB_HALLMARK_ALLOGRAFT_REJECTION	ENSMUSG00000016529	MSigDB Hallmark v7.0 (human->mouse by symbol)	Il10
MSIGDB_HALLMARK_ALLOGRAFT_REJECTION	ENSMUSG00000074781	MSigDB Hallmark v7.0 (human->mouse by symbol)	Ube2n
MSIGDB_HALLMARK_ALLOGRAFT_REJECTION	ENSMUSG00000028191	MSigDB Hallmark v7.0 (human->mouse by symbol)	Bcl10
MSIGDB_HALLMARK_ALLOGRAFT_REJECTION	ENSMUSG00000023274	MSigDB Hallmark v7.0 (human->mouse by symbol)	Cd4
MSIGDB_HALLMARK_ALLOGRAFT_REJECTION	ENSMUSG00000000409	MSigDB Hallmark v7.0 (human->mouse by symbol)	Lck
MSIGDB_HALLMARK_ALLOGRAFT_REJECTION	ENSMUSG00000032475	MSigDB Hallmark v7.0 (human->mouse by symbol)	Nck1
MSIGDB_HALLMARK_ALLOGRAFT_REJECTION	ENSMUSG00000024371	MSigDB Hallmark v7.0 (human->mouse by symbol)	C2
MSIGDB_HALLMARK_ALLOGRAFT_REJECTION	ENSMUSG00000000290	MSigDB Hallmark v7.0 (human->mouse by symbol)	Itgb2
MSIGDB_HALLMARK_ALLOGRAFT_REJECTION	ENSMUSG00000075122	MSigDB Hallmark v7.0 (human->mouse by symbol)	Cd80
MSIGDB_HALLMARK_ALLOGRAFT_REJECTION	ENSMUSG00000032011	MSigDB Hallmark v7.0 (human->mouse by symbol)	Thy1
MSIGDB_HALLMARK_ALLOGRAFT_REJECTION	ENSMUSG00000044827	MSigDB Hallmark v7.0 (human->mouse by symbol)	Tlr1
MSIGDB_HALLMARK_ALLOGRAFT_REJECTION	ENSMUSG00000040329	MSigDB Hallmark v7.0 (human->mouse by symbol)	Il7
MSIGDB_HALLMARK_ALLOGRAFT_REJECTION	ENSMUSG00000000869	MSigDB Hallmark v7.0 (human->mouse by symbol)	Il4
MSIGDB_HALLMARK_ALLOGRAFT_REJECTION	ENSMUSG00000024401	MSigDB Hallmark v7.0 (human->mouse by symbol)	Tnf
MSIGDB_HALLMARK_ALLOGRAFT_REJECTION	ENSMUSG00000005763	MSigDB Hallmark v7.0 (human->mouse by symbol)	Cd247
MSIGDB_HALLMARK_ALLOGRAFT_REJECTION	ENSMUSG00000027720	MSigDB Hallmark v7.0 (human->mouse by symbol)	Il2
MSIGDB_HALLMARK_ALLOGRAFT_REJECTION	ENSMUSG00000026104	MSigDB Hallmark v7.0 (human->mouse by symbol)	Stat1
MSIGDB_HALLMARK_ALLOGRAFT_REJECTION	ENSMUSG00000021356	MSigDB Hallmark v7.0 (human->mouse by symbol)	Irf4
MSIGDB_HALLMARK_ALLOGRAFT_REJECTION	ENSMUSG00000020077	MSigDB Hallmark v7.0 (human->mouse by symbol)	Srgn
MSIGDB_HALLMARK_ALLOGRAFT_REJECTION	ENSMUSG00000041324	MSigDB Hallmark v7.0 (human->mouse by symbol)	Inhba
MSIGDB_HALLMARK_ALLOGRAFT_REJECTION	ENSMUSG00000031639	MSigDB Hallmark v7.0 (human->mouse by symbol)	Tlr3
MSIGDB_HALLMARK_ALLOGRAFT_REJECTION	ENSMUSG00000026117	MSigDB Hallmark v7.0 (human->mouse by symbol)	Zap70
MSIGDB_HALLMARK_ALLOGRAFT_REJECTION	ENSMUSG00000024610	MSigDB Hallmark v7.0 (human->mouse by symbol)	Cd74
MSIGDB_HALLMARK_ALLOGRAFT_REJECTION	ENSMUSG00000017652	MSigDB Hallmark v7.0 (human->mouse by symbol)	Cd40
MSIGDB_HALLMARK_ALLOGRAFT_REJECTION	ENSMUSG00000026942	MSigDB Hallmark v7.0 (human->mouse by symbol)	Traf2
MSIGDB_HALLMARK_ALLOGRAFT_REJECTION	ENSMUSG00000060802	MSigDB Hallmark v7.0 (human->mouse by symbol)	B2m
MSIGDB_HALLMARK_ALLOGRAFT_REJECTION	ENSMUSG00000053175	MSigDB Hallmark v7.0 (human->mouse by symbol)	Bcl3
MSIGDB_HALLMARK_ALLOGRAFT_REJECTION	ENSMUSG00000024399	MSigDB Hallmark v7.0 (human->mouse by symbol)	Ltb
MSIGDB_HALLMARK_ALLOGRAFT_REJECTION	ENSMUSG00000020009	MSigDB Hallmark v7.0 (human->mouse by symbol)	Ifngr1
MSIGDB_HALLMARK_ALLOGRAFT_REJECTION	ENSMUSG00000079227	MSigDB Hallmark v7.0 (human->mouse by symbol)	Ccr5
MSIGDB_HALLMARK_ALLOGRAFT_REJECTION	ENSMUSG00000031132	MSigDB Hallmark v7.0 (human->mouse by symbol)	Cd40lg
MSIGDB_HALLMARK_ALLOGRAFT_REJECTION	ENSMUSG00000029276	MSigDB Hallmark v7.0 (human->mouse by symbol)	Glmn
MSIGDB_HALLMARK_ALLOGRAFT_REJECTION	ENSMUSG00000025746	MSigDB Hallmark v7.0 (human->mouse by symbol)	Il6
MSIGDB_HALLMARK_ALLOGRAFT_REJECTION	ENSMUSG00000027863	MSigDB Hallmark v7.0 (human->mouse by symbol)	Cd2
MSIGDB_HALLMARK_ALLOGRAFT_REJECTION	ENSMUSG00000035042	MSigDB Hallmark v7.0 (human->mouse by symbol)	Ccl5
MSIGDB_HALLMARK_ALLOGRAFT_REJECTION	ENSMUSG00000024778	MSigDB Hallmark v7.0 (human->mouse by symbol)	Fas
MSIGDB_HALLMARK_ALLOGRAFT_REJECTION	ENSMUSG00000051498	MSigDB Hallmark v7.0 (human->mouse by symbol)	Tlr6
MSIGDB_HALLMARK_ALLOGRAFT_REJECTION	ENSMUSG00000029373	MSigDB Hallmark v7.0 (human->mouse by symbol)	Pf4
MSIGDB_HALLMARK_ALLOGRAFT_REJECTION	ENSMUSG00000039239	MSigDB Hallmark v7.0 (human->mouse by symbol)	Tgfb2
MSIGDB_HALLMARK_ALLOGRAFT_REJECTION	ENSMUSG00000003379	MSigDB Hallmark v7.0 (human->mouse by symbol)	Cd79a
MSIGDB_HALLMARK_ALLOGRAFT_REJECTION	ENSMUSG00000037035	MSigDB Hallmark v7.0 (human->mouse by symbol)	Inhbb
MSIGDB_HALLMARK_ALLOGRAFT_REJECTION	ENSMUSG00000020125	MSigDB Hallmark v7.0 (human->mouse by symbol)	Elane
MSIGDB_HALLMARK_ALLOGRAFT_REJECTION	ENSMUSG00000002111	MSigDB Hallmark v7.0 (human->mouse by symbol)	Spi1
MSIGDB_HALLMARK_ALLOGRAFT_REJECTION	ENSMUSG00000028284	MSigDB Hallmark v7.0 (human->mouse by symbol)	Map3k7
MSIGDB_HALLMARK_ALLOGRAFT_REJECTION	ENSMUSG00000031712	MSigDB Hallmark v7.0 (human->mouse by symbol)	Il15
MSIGDB_HALLMARK_ALLOGRAFT_REJECTION	ENSMUSG00000038642	MSigDB Hallmark v7.0 (human->mouse by symbol)	Ctss
MSIGDB_HALLMARK_ALLOGRAFT_REJECTION	ENSMUSG00000055447	MSigDB Hallmark v7.0 (human->mouse by symbol)	Cd47
MSIGDB_HALLMARK_ALLOGRAFT_REJECTION	ENSMUSG00000037202	MSigDB Hallmark v7.0 (human->mouse by symbol)	Prf1
MSIGDB_HALLMARK_ALLOGRAFT_REJECTION	ENSMUSG00000000791	MSigDB Hallmark v7.0 (human->mouse by symbol)	Il12rb1
MSIGDB_HALLMARK_ALLOGRAFT_REJECTION	ENSMUSG00000002699	MSigDB Hallmark v7.0 (human->mouse by symbol)	Lcp2
MSIGDB_HALLMARK_ALLOGRAFT_REJECTION	ENSMUSG00000038037	MSigDB Hallmark v7.0 (human->mouse by symbol)	Socs1
MSIGDB_HALLMARK_ALLOGRAFT_REJECTION	ENSMUSG00000044303	MSigDB Hallmark v7.0 (human->mouse by symbol)	Cdkn2a
MSIGDB_HALLMARK_ALLOGRAFT_REJECTION	ENSMUSG00000062939	MSigDB Hallmark v7.0 (human->mouse by symbol)	Stat4
MSIGDB_HALLMARK_ALLOGRAFT_REJECTION	ENSMUSG00000025163	MSigDB Hallmark v7.0 (human->mouse by symbol)	Cd7
MSIGDB_HALLMARK_ALLOGRAFT_REJECTION	ENSMUSG00000053977	MSigDB Hallmark v7.0 (human->mouse by symbol)	Cd8a
MSIGDB_HALLMARK_ALLOGRAFT_REJECTION	ENSMUSG00000037405	MSigDB Hallmark v7.0 (human->mouse by symbol)	Icam1
MSIGDB_HALLMARK_ALLOGRAFT_REJECTION	ENSMUSG00000018930	MSigDB Hallmark v7.0 (human->mouse by symbol)	Ccl4
MSIGDB_HALLMARK_ALLOGRAFT_REJECTION	ENSMUSG00000015437	MSigDB Hallmark v7.0 (human->mouse by symbol)	Gzmb
MSIGDB_HALLMARK_ALLOGRAFT_REJECTION	ENSMUSG00000014599	MSigDB Hallmark v7.0 (human->mouse by symbol)	Csf1
MSIGDB_HALLMARK_ALLOGRAFT_REJECTION	ENSMUSG00000004371	MSigDB Hallmark v7.0 (human->mouse by symbol)	Il11
MSIGDB_HALLMARK_ALLOGRAFT_REJECTION	ENSMUSG00000042286	MSigDB Hallmark v7.0 (human->mouse by symbol)	Stab1
MSIGDB_HALLMARK_ALLOGRAFT_REJECTION	ENSMUSG00000026770	MSigDB Hallmark v7.0 (human->mouse by symbol)	Il2ra
MSIGDB_HALLMARK_ALLOGRAFT_REJECTION	ENSMUSG00000032691	MSigDB Hallmark v7.0 (human->mouse by symbol)	Nlrp3
MSIGDB_HALLMARK_ALLOGRAFT_REJECTION	ENSMUSG00000034165	MSigDB Hallmark v7.0 (human->mouse by symbol)	Ccnd3
MSIGDB_HALLMARK_ALLOGRAFT_REJECTION	ENSMUSG00000024991	MSigDB Hallmark v7.0 (human->mouse by symbol)	Eif3a
MSIGDB_HALLMARK_ALLOGRAFT_REJECTION	ENSMUSG00000028460	MSigDB Hallmark v7.0 (human->mouse by symbol)	Sit1
MSIGDB_HALLMARK_ALLOGRAFT_REJECTION	ENSMUSG00000022971	MSigDB Hallmark v7.0 (human->mouse by symbol)	Ifnar2
MSIGDB_HALLMARK_ALLOGRAFT_REJECTION	ENSMUSG00000004698	MSigDB Hallmark v7.0 (human->mouse by symbol)	Hdac9
MSIGDB_HALLMARK_ALLOGRAFT_REJECTION	ENSMUSG00000021647	MSigDB Hallmark v7.0 (human->mouse by symbol)	Cartpt
MSIGDB_HALLMARK_ALLOGRAFT_REJECTION	ENSMUSG00000030775	MSigDB Hallmark v7.0 (human->mouse by symbol)	Trat1
MSIGDB_HALLMARK_ALLOGRAFT_REJECTION	ENSMUSG00000031779	MSigDB Hallmark v7.0 (human->mouse by symbol)	Ccl22
MSIGDB_HALLMARK_ALLOGRAFT_REJECTION	ENSMUSG00000037032	MSigDB Hallmark v7.0 (human->mouse by symbol)	Apbb1
MSIGDB_HALLMARK_ALLOGRAFT_REJECTION	ENSMUSG00000022148	MSigDB Hallmark v7.0 (human->mouse by symbol)	Fyb1
MSIGDB_HALLMARK_ALLOGRAFT_REJECTION	ENSMUSG00000027398	MSigDB Hallmark v7.0 (human->mouse by symbol)	Il1b
MSIGDB_HALLMARK_ALLOGRAFT_REJECTION	ENSMUSG00000001131	MSigDB Hallmark v7.0 (human->mouse by symbol)	Timp1
MSIGDB_HALLMARK_ALLOGRAFT_REJECTION	ENSMUSG00000040952	MSigDB Hallmark v7.0 (human->mouse by symbol)	Rps19
MSIGDB_HALLMARK_ALLOGRAFT_REJECTION	ENSMUSG00000024789	MSigDB Hallmark v7.0 (human->mouse by symbol)	Jak2
MSIGDB_HALLMARK_ALLOGRAFT_REJECTION	ENSMUSG00000046834	MSigDB Hallmark v7.0 (human->mouse by symbol)	Krt1
MSIGDB_HALLMARK_ALLOGRAFT_REJECTION	ENSMUSG00000022965	MSigDB Hallmark v7.0 (human->mouse by symbol)	Ifngr2
MSIGDB_HALLMARK_ALLOGRAFT_REJECTION	ENSMUSG00000049103	MSigDB Hallmark v7.0 (human->mouse by symbol)	Ccr2
MSIGDB_HALLMARK_ALLOGRAFT_REJECTION	ENSMUSG00000029377	MSigDB Hallmark v7.0 (human->mouse by symbol)	Ereg
MSIGDB_HALLMARK_ALLOGRAFT_REJECTION	ENSMUSG00000017737	MSigDB Hallmark v7.0 (human->mouse by symbol)	Mmp9
MSIGDB_HALLMARK_ALLOGRAFT_REJECTION	ENSMUSG00000020122	MSigDB Hallmark v7.0 (human->mouse by symbol)	Egfr
MSIGDB_HALLMARK_ALLOGRAFT_REJECTION	ENSMUSG00000001741	MSigDB Hallmark v7.0 (human->mouse by symbol)	Il16
MSIGDB_HALLMARK_ALLOGRAFT_REJECTION	ENSMUSG00000001128	MSigDB Hallmark v7.0 (human->mouse by symbol)	Cfp
MSIGDB_HALLMARK_ALLOGRAFT_REJECTION	ENSMUSG00000031165	MSigDB Hallmark v7.0 (human->mouse by symbol)	Was
MSIGDB_HALLMARK_ALLOGRAFT_REJECTION	ENSMUSG00000030830	MSigDB Hallmark v7.0 (human->mouse by symbol)	Itgal
MSIGDB_HALLMARK_ALLOGRAFT_REJECTION	ENSMUSG00000030165	MSigDB Hallmark v7.0 (human->mouse by symbol)	Klrd1
MSIGDB_HALLMARK_ALLOGRAFT_REJECTION	ENSMUSG00000027995	MSigDB Hallmark v7.0 (human->mouse by symbol)	Tlr2
MSIGDB_HALLMARK_ALLOGRAFT_REJECTION	ENSMUSG00000000184	MSigDB Hallmark v7.0 (human->mouse by symbol)	Ccnd2
MSIGDB_HALLMARK_ALLOGRAFT_REJECTION	ENSMUSG00000031304	MSigDB Hallmark v7.0 (human->mouse by symbol)	Il2rg
MSIGDB_HALLMARK_ALLOGRAFT_REJECTION	ENSMUSG00000032035	MSigDB Hallmark v7.0 (human->mouse by symbol)	Ets1
MSIGDB_HALLMARK_ALLOGRAFT_REJECTION	ENSMUSG00000020395	MSigDB Hallmark v7.0 (human->mouse by symbol)	Itk
MSIGDB_HALLMARK_ALLOGRAFT_REJECTION	ENSMUSG00000062524	MSigDB Hallmark v7.0 (human->mouse by symbol)	Ncr1
MSIGDB_HALLMARK_ALLOGRAFT_REJECTION	ENSMUSG00000037337	MSigDB Hallmark v7.0 (human->mouse by symbol)	Map4k1
MSIGDB_HALLMARK_ALLOGRAFT_REJECTION	ENSMUSG00000071005	MSigDB Hallmark v7.0 (human->mouse by symbol)	Ccl19
MSIGDB_HALLMARK_ALLOGRAFT_REJECTION	ENSMUSG00000031897	MSigDB Hallmark v7.0 (human->mouse by symbol)	Psmb10
MSIGDB_HALLMARK_ALLOGRAFT_REJECTION	ENSMUSG00000079641	MSigDB Hallmark v7.0 (human->mouse by symbol)	Rpl39
MSIGDB_HALLMARK_ALLOGRAFT_REJECTION	ENSMUSG00000058355	MSigDB Hallmark v7.0 (human->mouse by symbol)	Abce1
MSIGDB_HALLMARK_ALLOGRAFT_REJECTION	ENSMUSG00000027249	MSigDB Hallmark v7.0 (human->mouse by symbol)	F2
MSIGDB_HALLMARK_ALLOGRAFT_REJECTION	ENSMUSG00000031103	MSigDB Hallmark v7.0 (human->mouse by symbol)	Elf4
MSIGDB_HALLMARK_ALLOGRAFT_REJECTION	ENSMUSG00000021423	MSigDB Hallmark v7.0 (human->mouse by symbol)	Ly86
MSIGDB_HALLMARK_ALLOGRAFT_REJECTION	ENSMUSG00000026656	MSigDB Hallmark v7.0 (human->mouse by symbol)	Fcgr2b
MSIGDB_HALLMARK_ALLOGRAFT_REJECTION	ENSMUSG00000028270	MSigDB Hallmark v7.0 (human->mouse by symbol)	Gbp2
MSIGDB_HALLMARK_ALLOGRAFT_REJECTION	ENSMUSG00000078816	MSigDB Hallmark v7.0 (human->mouse by symbol)	Prkcg
MSIGDB_HALLMARK_ALLOGRAFT_REJECTION	ENSMUSG00000006333	MSigDB Hallmark v7.0 (human->mouse by symbol)	Rps9
MSIGDB_HALLMARK_ALLOGRAFT_REJECTION	ENSMUSG00000020459	MSigDB Hallmark v7.0 (human->mouse by symbol)	Mtif2
MSIGDB_HALLMARK_ALLOGRAFT_REJECTION	ENSMUSG00000023132	MSigDB Hallmark v7.0 (human->mouse by symbol)	Gzma
MSIGDB_HALLMARK_ALLOGRAFT_REJECTION	ENSMUSG00000022657	MSigDB Hallmark v7.0 (human->mouse by symbol)	Cd96
MSIGDB_HALLMARK_ALLOGRAFT_REJECTION	ENSMUSG00000032312	MSigDB Hallmark v7.0 (human->mouse by symbol)	Csk
MSIGDB_HALLMARK_ALLOGRAFT_REJECTION	ENSMUSG00000021109	MSigDB Hallmark v7.0 (human->mouse by symbol)	Hif1a
MSIGDB_HALLMARK_ALLOGRAFT_REJECTION	ENSMUSG00000035385	MSigDB Hallmark v7.0 (human->mouse by symbol)	Ccl2
MSIGDB_HALLMARK_ALLOGRAFT_REJECTION	ENSMUSG00000057113	MSigDB Hallmark v7.0 (human->mouse by symbol)	Npm1
MSIGDB_HALLMARK_ALLOGRAFT_REJECTION	ENSMUSG00000020676	MSigDB Hallmark v7.0 (human->mouse by symbol)	Ccl11
MSIGDB_HALLMARK_ALLOGRAFT_REJECTION	ENSMUSG00000037601	MSigDB Hallmark v7.0 (human->mouse by symbol)	Nme1
MSIGDB_HALLMARK_ALLOGRAFT_REJECTION	ENSMUSG00000031328	MSigDB Hallmark v7.0 (human->mouse by symbol)	Flna
MSIGDB_HALLMARK_ALLOGRAFT_REJECTION	ENSMUSG00000021886	MSigDB Hallmark v7.0 (human->mouse by symbol)	Gpr65
MSIGDB_HALLMARK_ALLOGRAFT_REJECTION	ENSMUSG00000023328	MSigDB Hallmark v7.0 (human->mouse by symbol)	Ache
MSIGDB_HALLMARK_ALLOGRAFT_REJECTION	ENSMUSG00000016554	MSigDB Hallmark v7.0 (human->mouse by symbol)	Eif3d
MSIGDB_HALLMARK_ALLOGRAFT_REJECTION	ENSMUSG00000035004	MSigDB Hallmark v7.0 (human->mouse by symbol)	Igsf6
MSIGDB_HALLMARK_ALLOGRAFT_REJECTION	ENSMUSG00000048376	MSigDB Hallmark v7.0 (human->mouse by symbol)	F2r
MSIGDB_HALLMARK_ALLOGRAFT_REJECTION	ENSMUSG00000020383	MSigDB Hallmark v7.0 (human->mouse by symbol)	Il13
MSIGDB_HALLMARK_ALLOGRAFT_REJECTION	ENSMUSG00000037321	MSigDB Hallmark v7.0 (human->mouse by symbol)	Tap1
MSIGDB_HALLMARK_ALLOGRAFT_REJECTION	ENSMUSG00000025498	MSigDB Hallmark v7.0 (human->mouse by symbol)	Irf7
MSIGDB_HALLMARK_ALLOGRAFT_REJECTION	ENSMUSG00000052155	MSigDB Hallmark v7.0 (human->mouse by symbol)	Acvr2a
MSIGDB_HALLMARK_ALLOGRAFT_REJECTION	ENSMUSG00000050232	MSigDB Hallmark v7.0 (human->mouse by symbol)	Cxcr3
MSIGDB_HALLMARK_ALLOGRAFT_REJECTION	ENSMUSG00000052889	MSigDB Hallmark v7.0 (human->mouse by symbol)	Prkcb
MSIGDB_HALLMARK_ALLOGRAFT_REJECTION	ENSMUSG00000029417	MSigDB Hallmark v7.0 (human->mouse by symbol)	Cxcl9
MSIGDB_HALLMARK_ALLOGRAFT_REJECTION	ENSMUSG00000004266	MSigDB Hallmark v7.0 (human->mouse by symbol)	Ptpn6
MSIGDB_HALLMARK_ALLOGRAFT_REJECTION	ENSMUSG00000071715	MSigDB Hallmark v7.0 (human->mouse by symbol)	Ncf4
MSIGDB_HALLMARK_ALLOGRAFT_REJECTION	ENSMUSG00000019927	MSigDB Hallmark v7.0 (human->mouse by symbol)	Ube2d1
MSIGDB_HALLMARK_ALLOGRAFT_REJECTION	ENSMUSG00000034394	MSigDB Hallmark v7.0 (human->mouse by symbol)	Lif
MSIGDB_HALLMARK_ALLOGRAFT_REJECTION	ENSMUSG00000025804	MSigDB Hallmark v7.0 (human->mouse by symbol)	Ccr1
MSIGDB_HALLMARK_ALLOGRAFT_REJECTION	ENSMUSG00000024863	MSigDB Hallmark v7.0 (human->mouse by symbol)	Mbl2
MSIGDB_HALLMARK_ALLOGRAFT_REJECTION	ENSMUSG00000038633	MSigDB Hallmark v7.0 (human->mouse by symbol)	Degs1
MSIGDB_HALLMARK_ALLOGRAFT_REJECTION	ENSMUSG00000027506	MSigDB Hallmark v7.0 (human->mouse by symbol)	Tpd52
MSIGDB_HALLMARK_ALLOGRAFT_REJECTION	ENSMUSG00000001729	MSigDB Hallmark v7.0 (human->mouse by symbol)	Akt1
MSIGDB_HALLMARK_ALLOGRAFT_REJECTION	ENSMUSG00000041135	MSigDB Hallmark v7.0 (human->mouse by symbol)	Ripk2
MSIGDB_HALLMARK_ALLOGRAFT_REJECTION	ENSMUSG00000031537	MSigDB Hallmark v7.0 (human->mouse by symbol)	Ikbkb
MSIGDB_HALLMARK_ALLOGRAFT_REJECTION	ENSMUSG00000038843	MSigDB Hallmark v7.0 (human->mouse by symbol)	Gcnt1
MSIGDB_HALLMARK_ALLOGRAFT_REJECTION	ENSMUSG00000037104	MSigDB Hallmark v7.0 (human->mouse by symbol)	Socs5
MSIGDB_HALLMARK_ALLOGRAFT_REJECTION	ENSMUSG00000041515	MSigDB Hallmark v7.0 (human->mouse by symbol)	Irf8
MSIGDB_HALLMARK_ALLOGRAFT_REJECTION	ENSMUSG00000024339	MSigDB Hallmark v7.0 (human->mouse by symbol)	Tap2
MSIGDB_HALLMARK_ALLOGRAFT_REJECTION	ENSMUSG00000028760	MSigDB Hallmark v7.0 (human->mouse by symbol)	Eif4g3
MSIGDB_HALLMARK_ALLOGRAFT_REJECTION	ENSMUSG00000058835	MSigDB Hallmark v7.0 (human->mouse by symbol)	Abi1
MSIGDB_HALLMARK_ALLOGRAFT_REJECTION	ENSMUSG00000035373	MSigDB Hallmark v7.0 (human->mouse by symbol)	Ccl7
MSIGDB_HALLMARK_ALLOGRAFT_REJECTION	ENSMUSG00000068227	MSigDB Hallmark v7.0 (human->mouse by symbol)	Il2rb
MSIGDB_HALLMARK_ALLOGRAFT_REJECTION	ENSMUSG00000017146	MSigDB Hallmark v7.0 (human->mouse by symbol)	Brca1
MSIGDB_HALLMARK_ALLOGRAFT_REJECTION	ENSMUSG00000028874	MSigDB Hallmark v7.0 (human->mouse by symbol)	Fgr
MSIGDB_HALLMARK_ALLOGRAFT_REJECTION	ENSMUSG00000026068	MSigDB Hallmark v7.0 (human->mouse by symbol)	Il18rap
MSIGDB_HALLMARK_ALLOGRAFT_REJECTION	ENSMUSG00000032563	MSigDB Hallmark v7.0 (human->mouse by symbol)	Mrpl3
MSIGDB_HALLMARK_ALLOGRAFT_REJECTION	ENSMUSG00000023078	MSigDB Hallmark v7.0 (human->mouse by symbol)	Cxcl13
MSIGDB_HALLMARK_ALLOGRAFT_REJECTION	ENSMUSG00000056737	MSigDB Hallmark v7.0 (human->mouse by symbol)	Capg
MSIGDB_HALLMARK_ALLOGRAFT_REJECTION	ENSMUSG00000078812	MSigDB Hallmark v7.0 (human->mouse by symbol)	Eif5a
MSIGDB_HALLMARK_ALLOGRAFT_REJECTION	ENSMUSG00000000420	MSigDB Hallmark v7.0 (human->mouse by symbol)	Galnt1
MSIGDB_HALLMARK_ALLOGRAFT_REJECTION	ENSMUSG00000040710	MSigDB Hallmark v7.0 (human->mouse by symbol)	St8sia4
MSIGDB_HALLMARK_ALLOGRAFT_REJECTION	ENSMUSG00000002500	MSigDB Hallmark v7.0 (human->mouse by symbol)	Rpl3l
MSIGDB_HALLMARK_ALLOGRAFT_REJECTION	ENSMUSG00000026980	MSigDB Hallmark v7.0 (human->mouse by symbol)	Ly75
MSIGDB_HALLMARK_ALLOGRAFT_REJECTION	ENSMUSG00000024308	MSigDB Hallmark v7.0 (human->mouse by symbol)	Tapbp
MSIGDB_HALLMARK_ALLOGRAFT_REJECTION	ENSMUSG00000020826	MSigDB Hallmark v7.0 (human->mouse by symbol)	Nos2
MSIGDB_HALLMARK_ALLOGRAFT_REJECTION	ENSMUSG00000047215	MSigDB Hallmark v7.0 (human->mouse by symbol)	Rpl9
MSIGDB_HALLMARK_ALLOGRAFT_REJECTION	ENSMUSG00000030268	MSigDB Hallmark v7.0 (human->mouse by symbol)	Bcat1
MSIGDB_HALLMARK_ALLOGRAFT_REJECTION	ENSMUSG00000021538	MSigDB Hallmark v7.0 (human->mouse by symbol)	Il9
MSIGDB_HALLMARK_ALLOGRAFT_REJECTION	ENSMUSG00000005465	MSigDB Hallmark v7.0 (human->mouse by symbol)	Il27ra
MSIGDB_HALLMARK_ALLOGRAFT_REJECTION	ENSMUSG00000016526	MSigDB Hallmark v7.0 (human->mouse by symbol)	Dyrk3
CURATED_COMPLEMENT_CLASSICAL	ENSMUSG00000036887	curated (see script docstring)	C1qa
CURATED_COMPLEMENT_CLASSICAL	ENSMUSG00000036905	curated (see script docstring)	C1qb
CURATED_COMPLEMENT_CLASSICAL	ENSMUSG00000036896	curated (see script docstring)	C1qc
CURATED_COMPLEMENT_CLASSICAL	ENSMUSG00000055172	curated (see script docstring)	C1ra
CURATED_COMPLEMENT_CLASSICAL	ENSMUSG00000038521	curated (see script docstring)	C1s1
CURATED_COMPLEMENT_CLASSICAL	ENSMUSG00000024371	curated (see script docstring)	C2
CURATED_COMPLEMENT_CLASSICAL	ENSMUSG00000024164	curated (see script docstring)	C3
CURATED_COMPLEMENT_CLASSICAL	ENSMUSG00000073418	curated (see script docstring)	C4b
CURATED_COMPLEMENT_CLASSICAL	ENSMUSG00000049130	curated (see script docstring)	C5ar1
CURATED_COMPLEMENT_CLASSICAL	ENSMUSG00000040552	curated (see script docstring)	C3ar1
CURATED_COMPLEMENT_CLASSICAL	ENSMUSG00000026365	curated (see script docstring)	Cfh
CURATED_COMPLEMENT_CLASSICAL	ENSMUSG00000023224	curated (see script docstring)	Serping1
CURATED_COMPLEMENT_CLASSICAL	ENSMUSG00000026399	curated (see script docstring)	Cd55
CURATED_COMPLEMENT_CLASSICAL	ENSMUSG00000030786	curated (see script docstring)	Itgam
CURATED_TYPE_I_IFN_ISG	ENSMUSG00000034459	curated (see script docstring)	Ifit1
CURATED_TYPE_I_IFN_ISG	ENSMUSG00000045932	curated (see script docstring)	Ifit2
CURATED_TYPE_I_IFN_ISG	ENSMUSG00000074896	curated (see script docstring)	Ifit3
CURATED_TYPE_I_IFN_ISG	ENSMUSG00000062488	curated (see script docstring)	Ifit3b
CURATED_TYPE_I_IFN_ISG	ENSMUSG00000035692	curated (see script docstring)	Isg15
CURATED_TYPE_I_IFN_ISG	ENSMUSG00000025498	curated (see script docstring)	Irf7
CURATED_TYPE_I_IFN_ISG	ENSMUSG00000029561	curated (see script docstring)	Oasl2
CURATED_TYPE_I_IFN_ISG	ENSMUSG00000020641	curated (see script docstring)	Rsad2
CURATED_TYPE_I_IFN_ISG	ENSMUSG00000030107	curated (see script docstring)	Usp18
CURATED_TYPE_I_IFN_ISG	ENSMUSG00000026104	curated (see script docstring)	Stat1
CURATED_TYPE_I_IFN_ISG	ENSMUSG00000046718	curated (see script docstring)	Bst2
CURATED_TYPE_I_IFN_ISG	ENSMUSG00000079017	curated (see script docstring)	Ifi27l2a
CURATED_TYPE_I_IFN_ISG	ENSMUSG00000000386	curated (see script docstring)	Mx1
CURATED_TYPE_I_IFN_ISG	ENSMUSG00000052776	curated (see script docstring)	Oas1a
CURATED_TYPE_I_IFN_ISG	ENSMUSG00000033355	curated (see script docstring)	Rtp4
CURATED_TYPE_I_IFN_ISG	ENSMUSG00000040483	curated (see script docstring)	Xaf1
CURATED_TYPE_I_IFN_ISG	ENSMUSG00000028037	curated (see script docstring)	Ifi44
CURATED_MHCII_ANTIGEN_PRESENTATION	ENSMUSG00000036594	curated (see script docstring)	H2-Aa
CURATED_MHCII_ANTIGEN_PRESENTATION	ENSMUSG00000073421	curated (see script docstring)	H2-Ab1
CURATED_MHCII_ANTIGEN_PRESENTATION	ENSMUSG00000060586	curated (see script docstring)	H2-Eb1
CURATED_MHCII_ANTIGEN_PRESENTATION	ENSMUSG00000024610	curated (see script docstring)	Cd74
CURATED_MHCII_ANTIGEN_PRESENTATION	ENSMUSG00000037649	curated (see script docstring)	H2-DMa
CURATED_MHCII_ANTIGEN_PRESENTATION	ENSMUSG00000079547	curated (see script docstring)	H2-DMb1
CURATED_MHCII_ANTIGEN_PRESENTATION	ENSMUSG00000022504	curated (see script docstring)	Ciita
CURATED_MHCII_ANTIGEN_PRESENTATION	ENSMUSG00000022901	curated (see script docstring)	Cd86
CURATED_MHCII_ANTIGEN_PRESENTATION	ENSMUSG00000075122	curated (see script docstring)	Cd80
CURATED_MHCII_ANTIGEN_PRESENTATION	ENSMUSG00000038642	curated (see script docstring)	Ctss
CURATED_CHEMOKINES	ENSMUSG00000035385	curated (see script docstring)	Ccl2
CURATED_CHEMOKINES	ENSMUSG00000000982	curated (see script docstring)	Ccl3
CURATED_CHEMOKINES	ENSMUSG00000018930	curated (see script docstring)	Ccl4
CURATED_CHEMOKINES	ENSMUSG00000035042	curated (see script docstring)	Ccl5
CURATED_CHEMOKINES	ENSMUSG00000035373	curated (see script docstring)	Ccl7
CURATED_CHEMOKINES	ENSMUSG00000009185	curated (see script docstring)	Ccl8
CURATED_CHEMOKINES	ENSMUSG00000035352	curated (see script docstring)	Ccl12
CURATED_CHEMOKINES	ENSMUSG00000071005	curated (see script docstring)	Ccl19
CURATED_CHEMOKINES	ENSMUSG00000094686	curated (see script docstring)	Ccl21a
CURATED_CHEMOKINES	ENSMUSG00000029380	curated (see script docstring)	Cxcl1
CURATED_CHEMOKINES	ENSMUSG00000058427	curated (see script docstring)	Cxcl2
CURATED_CHEMOKINES	ENSMUSG00000029417	curated (see script docstring)	Cxcl9
CURATED_CHEMOKINES	ENSMUSG00000034855	curated (see script docstring)	Cxcl10
CURATED_CHEMOKINES	ENSMUSG00000061353	curated (see script docstring)	Cxcl12
CURATED_CHEMOKINES	ENSMUSG00000023078	curated (see script docstring)	Cxcl13
CURATED_CHEMOKINES	ENSMUSG00000031778	curated (see script docstring)	Cx3cl1
CURATED_BAM_PROGRAM	ENSMUSG00000026712	curated (see script docstring)	Mrc1
CURATED_BAM_PROGRAM	ENSMUSG00000008845	curated (see script docstring)	Cd163
CURATED_BAM_PROGRAM	ENSMUSG00000030787	curated (see script docstring)	Lyve1
CURATED_BAM_PROGRAM	ENSMUSG00000029373	curated (see script docstring)	Pf4
CURATED_BAM_PROGRAM	ENSMUSG00000039109	curated (see script docstring)	F13a1
CURATED_BAM_PROGRAM	ENSMUSG00000024672	curated (see script docstring)	Ms4a7
CURATED_BAM_PROGRAM	ENSMUSG00000025150	curated (see script docstring)	Cbr2
CURATED_BAM_PROGRAM	ENSMUSG00000032725	curated (see script docstring)	Folr2
CURATED_BAM_PROGRAM	ENSMUSG00000042286	curated (see script docstring)	Stab1
CURATED_BAM_PROGRAM	ENSMUSG00000022150	curated (see script docstring)	Dab2
CURATED_BAM_PROGRAM	ENSMUSG00000031451	curated (see script docstring)	Gas6
CURATED_MONOCYTE_RECRUITMENT	ENSMUSG00000035385	curated (see script docstring)	Ccl2
CURATED_MONOCYTE_RECRUITMENT	ENSMUSG00000035373	curated (see script docstring)	Ccl7
CURATED_MONOCYTE_RECRUITMENT	ENSMUSG00000035352	curated (see script docstring)	Ccl12
CURATED_MONOCYTE_RECRUITMENT	ENSMUSG00000049103	curated (see script docstring)	Ccr2
CURATED_MONOCYTE_RECRUITMENT	ENSMUSG00000022584	curated (see script docstring)	Ly6c2
CURATED_MONOCYTE_RECRUITMENT	ENSMUSG00000026581	curated (see script docstring)	Sell
CURATED_MONOCYTE_RECRUITMENT	ENSMUSG00000027009	curated (see script docstring)	Itga4
CURATED_MONOCYTE_RECRUITMENT	ENSMUSG00000027962	curated (see script docstring)	Vcam1
CURATED_MONOCYTE_RECRUITMENT	ENSMUSG00000037405	curated (see script docstring)	Icam1
CURATED_MONOCYTE_RECRUITMENT	ENSMUSG00000052336	curated (see script docstring)	Cx3cr1
CURATED_T_CELL_ACTIVATION	ENSMUSG00000030156	curated (see script docstring)	Cd69
CURATED_T_CELL_ACTIVATION	ENSMUSG00000026770	curated (see script docstring)	Il2ra
CURATED_T_CELL_ACTIVATION	ENSMUSG00000026009	curated (see script docstring)	Icos
CURATED_T_CELL_ACTIVATION	ENSMUSG00000026011	curated (see script docstring)	Ctla4
CURATED_T_CELL_ACTIVATION	ENSMUSG00000026285	curated (see script docstring)	Pdcd1
CURATED_T_CELL_ACTIVATION	ENSMUSG00000031132	curated (see script docstring)	Cd40lg
CURATED_T_CELL_ACTIVATION	ENSMUSG00000029075	curated (see script docstring)	Tnfrsf4
CURATED_T_CELL_ACTIVATION	ENSMUSG00000028965	curated (see script docstring)	Tnfrsf9
CURATED_T_CELL_ACTIVATION	ENSMUSG00000003882	curated (see script docstring)	Il7r
CURATED_T_CELL_ACTIVATION	ENSMUSG00000005087	curated (see script docstring)	Cd44
CURATED_T_CELL_CYTOTOXICITY	ENSMUSG00000023132	curated (see script docstring)	Gzma
CURATED_T_CELL_CYTOTOXICITY	ENSMUSG00000015437	curated (see script docstring)	Gzmb
CURATED_T_CELL_CYTOTOXICITY	ENSMUSG00000042385	curated (see script docstring)	Gzmk
CURATED_T_CELL_CYTOTOXICITY	ENSMUSG00000037202	curated (see script docstring)	Prf1
CURATED_T_CELL_CYTOTOXICITY	ENSMUSG00000055170	curated (see script docstring)	Ifng
CURATED_T_CELL_CYTOTOXICITY	ENSMUSG00000004612	curated (see script docstring)	Nkg7
CURATED_T_CELL_CYTOTOXICITY	ENSMUSG00000035042	curated (see script docstring)	Ccl5
CURATED_T_CELL_CYTOTOXICITY	ENSMUSG00000000817	curated (see script docstring)	Fasl
CURATED_T_CELL_CYTOTOXICITY	ENSMUSG00000053977	curated (see script docstring)	Cd8a
CURATED_T_CELL_CYTOTOXICITY	ENSMUSG00000053044	curated (see script docstring)	Cd8b1
CURATED_B_PLASMA	ENSMUSG00000003379	curated (see script docstring)	Cd79a
CURATED_B_PLASMA	ENSMUSG00000040592	curated (see script docstring)	Cd79b
CURATED_B_PLASMA	ENSMUSG00000024673	curated (see script docstring)	Ms4a1
CURATED_B_PLASMA	ENSMUSG00000030724	curated (see script docstring)	Cd19
CURATED_B_PLASMA	ENSMUSG00000067149	curated (see script docstring)	Jchain
CURATED_B_PLASMA	ENSMUSG00000024353	curated (see script docstring)	Mzb1
CURATED_B_PLASMA	ENSMUSG00000095079	curated (see script docstring)	Igha
CURATED_B_PLASMA	ENSMUSG00000076617	curated (see script docstring)	Ighm
CURATED_B_PLASMA	ENSMUSG00000020484	curated (see script docstring)	Xbp1
CURATED_B_PLASMA	ENSMUSG00000038151	curated (see script docstring)	Prdm1
CURATED_B_PLASMA	ENSMUSG00000022496	curated (see script docstring)	Tnfrsf17
CURATED_PHAGOCYTOSIS_LYSOSOME	ENSMUSG00000018774	curated (see script docstring)	Cd68
CURATED_PHAGOCYTOSIS_LYSOSOME	ENSMUSG00000031447	curated (see script docstring)	Lamp1
CURATED_PHAGOCYTOSIS_LYSOSOME	ENSMUSG00000016534	curated (see script docstring)	Lamp2
CURATED_PHAGOCYTOSIS_LYSOSOME	ENSMUSG00000021939	curated (see script docstring)	Ctsb
CURATED_PHAGOCYTOSIS_LYSOSOME	ENSMUSG00000007891	curated (see script docstring)	Ctsd
CURATED_PHAGOCYTOSIS_LYSOSOME	ENSMUSG00000021477	curated (see script docstring)	Ctsl
CURATED_PHAGOCYTOSIS_LYSOSOME	ENSMUSG00000014361	curated (see script docstring)	Mertk
CURATED_PHAGOCYTOSIS_LYSOSOME	ENSMUSG00000002602	curated (see script docstring)	Axl
CURATED_PHAGOCYTOSIS_LYSOSOME	ENSMUSG00000031451	curated (see script docstring)	Gas6
CURATED_PHAGOCYTOSIS_LYSOSOME	ENSMUSG00000025044	curated (see script docstring)	Msr1
CURATED_PHAGOCYTOSIS_LYSOSOME	ENSMUSG00000026390	curated (see script docstring)	Marco
CURATED_PHAGOCYTOSIS_LYSOSOME	ENSMUSG00000015947	curated (see script docstring)	Fcgr1
CURATED_PHAGOCYTOSIS_LYSOSOME	ENSMUSG00000059498	curated (see script docstring)	Fcgr3
CURATED_PHAGOCYTOSIS_LYSOSOME	ENSMUSG00000050335	curated (see script docstring)	Lgals3
CURATED_LIPID_HANDLING	ENSMUSG00000002985	curated (see script docstring)	Apoe
CURATED_LIPID_HANDLING	ENSMUSG00000015568	curated (see script docstring)	Lpl
CURATED_LIPID_HANDLING	ENSMUSG00000015243	curated (see script docstring)	Abca1
CURATED_LIPID_HANDLING	ENSMUSG00000024030	curated (see script docstring)	Abcg1
CURATED_LIPID_HANDLING	ENSMUSG00000024781	curated (see script docstring)	Lipa
CURATED_LIPID_HANDLING	ENSMUSG00000002944	curated (see script docstring)	Cd36
CURATED_LIPID_HANDLING	ENSMUSG00000023992	curated (see script docstring)	Trem2
CURATED_LIPID_HANDLING	ENSMUSG00000028494	curated (see script docstring)	Plin2
CURATED_LIPID_HANDLING	ENSMUSG00000027533	curated (see script docstring)	Fabp5
CURATED_LIPID_HANDLING	ENSMUSG00000026600	curated (see script docstring)	Soat1
CURATED_LIPID_HANDLING	ENSMUSG00000021242	curated (see script docstring)	Npc2
CURATED_DAM_KerenShaul2017	ENSMUSG00000068129	curated (see script docstring)	Cst7
CURATED_DAM_KerenShaul2017	ENSMUSG00000030789	curated (see script docstring)	Itgax
CURATED_DAM_KerenShaul2017	ENSMUSG00000079293	curated (see script docstring)	Clec7a
CURATED_DAM_KerenShaul2017	ENSMUSG00000015568	curated (see script docstring)	Lpl
CURATED_DAM_KerenShaul2017	ENSMUSG00000029304	curated (see script docstring)	Spp1
CURATED_DAM_KerenShaul2017	ENSMUSG00000029816	curated (see script docstring)	Gpnmb
CURATED_DAM_KerenShaul2017	ENSMUSG00000030342	curated (see script docstring)	Cd9
CURATED_DAM_KerenShaul2017	ENSMUSG00000002985	curated (see script docstring)	Apoe
CURATED_DAM_KerenShaul2017	ENSMUSG00000023992	curated (see script docstring)	Trem2
CURATED_DAM_KerenShaul2017	ENSMUSG00000030579	curated (see script docstring)	Tyrobp
CURATED_DAM_KerenShaul2017	ENSMUSG00000002602	curated (see script docstring)	Axl
CURATED_DAM_KerenShaul2017	ENSMUSG00000022265	curated (see script docstring)	Ank
CURATED_DAM_KerenShaul2017	ENSMUSG00000014599	curated (see script docstring)	Csf1
CURATED_DAM_KerenShaul2017	ENSMUSG00000021939	curated (see script docstring)	Ctsb
CURATED_DAM_KerenShaul2017	ENSMUSG00000007891	curated (see script docstring)	Ctsd
CURATED_DAM_KerenShaul2017	ENSMUSG00000021477	curated (see script docstring)	Ctsl
CURATED_DAM_KerenShaul2017	ENSMUSG00000025351	curated (see script docstring)	Cd63
CURATED_DAM_KerenShaul2017	ENSMUSG00000050335	curated (see script docstring)	Lgals3
CURATED_DAM_KerenShaul2017	ENSMUSG00000020053	curated (see script docstring)	Igf1
CURATED_DAM_KerenShaul2017	ENSMUSG00000050370	curated (see script docstring)	Ch25h
CURATED_DAM_KerenShaul2017	ENSMUSG00000027533	curated (see script docstring)	Fabp5
CURATED_DAM_KerenShaul2017	ENSMUSG00000112148	curated (see script docstring)	Lilrb4a
CURATED_ECM_REMODELING	ENSMUSG00000031740	curated (see script docstring)	Mmp2
CURATED_ECM_REMODELING	ENSMUSG00000043613	curated (see script docstring)	Mmp3
CURATED_ECM_REMODELING	ENSMUSG00000000957	curated (see script docstring)	Mmp14
CURATED_ECM_REMODELING	ENSMUSG00000001131	curated (see script docstring)	Timp1
CURATED_ECM_REMODELING	ENSMUSG00000017466	curated (see script docstring)	Timp2
CURATED_ECM_REMODELING	ENSMUSG00000020044	curated (see script docstring)	Timp3
CURATED_ECM_REMODELING	ENSMUSG00000024529	curated (see script docstring)	Lox
CURATED_ECM_REMODELING	ENSMUSG00000032334	curated (see script docstring)	Loxl1
CURATED_ECM_REMODELING	ENSMUSG00000034205	curated (see script docstring)	Loxl2
CURATED_ECM_REMODELING	ENSMUSG00000001506	curated (see script docstring)	Col1a1
CURATED_ECM_REMODELING	ENSMUSG00000026043	curated (see script docstring)	Col3a1
CURATED_ECM_REMODELING	ENSMUSG00000031502	curated (see script docstring)	Col4a1
CURATED_ECM_REMODELING	ENSMUSG00000026837	curated (see script docstring)	Col5a1
CURATED_ECM_REMODELING	ENSMUSG00000026193	curated (see script docstring)	Fn1
CURATED_ECM_REMODELING	ENSMUSG00000018593	curated (see script docstring)	Sparc
CURATED_ECM_REMODELING	ENSMUSG00000027750	curated (see script docstring)	Postn
CURATED_ECM_REMODELING	ENSMUSG00000028364	curated (see script docstring)	Tnc
CURATED_FIBROBLAST_ACTIVATION	ENSMUSG00000027750	curated (see script docstring)	Postn
CURATED_FIBROBLAST_ACTIVATION	ENSMUSG00000054196	curated (see script docstring)	Cthrc1
CURATED_FIBROBLAST_ACTIVATION	ENSMUSG00000035783	curated (see script docstring)	Acta2
CURATED_FIBROBLAST_ACTIVATION	ENSMUSG00000026193	curated (see script docstring)	Fn1
CURATED_FIBROBLAST_ACTIVATION	ENSMUSG00000028364	curated (see script docstring)	Tnc
CURATED_FIBROBLAST_ACTIVATION	ENSMUSG00000001131	curated (see script docstring)	Timp1
CURATED_FIBROBLAST_ACTIVATION	ENSMUSG00000037411	curated (see script docstring)	Serpine1
CURATED_FIBROBLAST_ACTIVATION	ENSMUSG00000040152	curated (see script docstring)	Thbs1
CURATED_FIBROBLAST_ACTIVATION	ENSMUSG00000024529	curated (see script docstring)	Lox
CURATED_FIBROBLAST_ACTIVATION	ENSMUSG00000032332	curated (see script docstring)	Col12a1
CURATED_FIBROBLAST_ACTIVATION	ENSMUSG00000000392	curated (see script docstring)	Fap
CURATED_INFLAMMATORY_FIBROBLAST	ENSMUSG00000025746	curated (see script docstring)	Il6
CURATED_INFLAMMATORY_FIBROBLAST	ENSMUSG00000035385	curated (see script docstring)	Ccl2
CURATED_INFLAMMATORY_FIBROBLAST	ENSMUSG00000029380	curated (see script docstring)	Cxcl1
CURATED_INFLAMMATORY_FIBROBLAST	ENSMUSG00000061353	curated (see script docstring)	Cxcl12
CURATED_INFLAMMATORY_FIBROBLAST	ENSMUSG00000020676	curated (see script docstring)	Ccl11
CURATED_INFLAMMATORY_FIBROBLAST	ENSMUSG00000024810	curated (see script docstring)	Il33
CURATED_INFLAMMATORY_FIBROBLAST	ENSMUSG00000034394	curated (see script docstring)	Lif
CURATED_INFLAMMATORY_FIBROBLAST	ENSMUSG00000024164	curated (see script docstring)	C3
CURATED_INFLAMMATORY_FIBROBLAST	ENSMUSG00000090231	curated (see script docstring)	Cfb
CURATED_INFLAMMATORY_FIBROBLAST	ENSMUSG00000040026	curated (see script docstring)	Saa3
CURATED_INFLAMMATORY_FIBROBLAST	ENSMUSG00000026822	curated (see script docstring)	Lcn2
CURATED_INFLAMMATORY_FIBROBLAST	ENSMUSG00000032487	curated (see script docstring)	Ptgs2
CURATED_VASCULAR_INFLAMMATION_ADHESION	ENSMUSG00000026582	curated (see script docstring)	Sele
CURATED_VASCULAR_INFLAMMATION_ADHESION	ENSMUSG00000026580	curated (see script docstring)	Selp
CURATED_VASCULAR_INFLAMMATION_ADHESION	ENSMUSG00000027962	curated (see script docstring)	Vcam1
CURATED_VASCULAR_INFLAMMATION_ADHESION	ENSMUSG00000037405	curated (see script docstring)	Icam1
CURATED_VASCULAR_INFLAMMATION_ADHESION	ENSMUSG00000020310	curated (see script docstring)	Madcam1
CURATED_VASCULAR_INFLAMMATION_ADHESION	ENSMUSG00000037872	curated (see script docstring)	Ackr1
CURATED_VASCULAR_INFLAMMATION_ADHESION	ENSMUSG00000037095	curated (see script docstring)	Lrg1
CURATED_VASCULAR_INFLAMMATION_ADHESION	ENSMUSG00000034845	curated (see script docstring)	Plvap
CURATED_VASCULAR_INFLAMMATION_ADHESION	ENSMUSG00000016494	curated (see script docstring)	Cd34
CURATED_VASCULAR_INFLAMMATION_ADHESION	ENSMUSG00000026072	curated (see script docstring)	Il1r1
CURATED_ANGIOGENESIS_ENDOTHELIAL	ENSMUSG00000023951	curated (see script docstring)	Vegfa
CURATED_ANGIOGENESIS_ENDOTHELIAL	ENSMUSG00000062960	curated (see script docstring)	Kdr
CURATED_ANGIOGENESIS_ENDOTHELIAL	ENSMUSG00000029648	curated (see script docstring)	Flt1
CURATED_ANGIOGENESIS_ENDOTHELIAL	ENSMUSG00000031465	curated (see script docstring)	Angpt2
CURATED_ANGIOGENESIS_ENDOTHELIAL	ENSMUSG00000006386	curated (see script docstring)	Tek
CURATED_ANGIOGENESIS_ENDOTHELIAL	ENSMUSG00000027314	curated (see script docstring)	Dll4
CURATED_ANGIOGENESIS_ENDOTHELIAL	ENSMUSG00000042379	curated (see script docstring)	Esm1
CURATED_ANGIOGENESIS_ENDOTHELIAL	ENSMUSG00000037010	curated (see script docstring)	Apln
CURATED_ANGIOGENESIS_ENDOTHELIAL	ENSMUSG00000044338	curated (see script docstring)	Aplnr
CURATED_ANGIOGENESIS_ENDOTHELIAL	ENSMUSG00000028978	curated (see script docstring)	Nos3
CURATED_ANGIOGENESIS_ENDOTHELIAL	ENSMUSG00000026923	curated (see script docstring)	Notch1
CURATED_LYMPHATIC_ENDOTHELIAL	ENSMUSG00000010175	curated (see script docstring)	Prox1
CURATED_LYMPHATIC_ENDOTHELIAL	ENSMUSG00000020357	curated (see script docstring)	Flt4
CURATED_LYMPHATIC_ENDOTHELIAL	ENSMUSG00000030787	curated (see script docstring)	Lyve1
CURATED_LYMPHATIC_ENDOTHELIAL	ENSMUSG00000094686	curated (see script docstring)	Ccl21a
CURATED_LYMPHATIC_ENDOTHELIAL	ENSMUSG00000028583	curated (see script docstring)	Pdpn
CURATED_LYMPHATIC_ENDOTHELIAL	ENSMUSG00000031520	curated (see script docstring)	Vegfc
CURATED_LYMPHATIC_ENDOTHELIAL	ENSMUSG00000054641	curated (see script docstring)	Mmrn1
CURATED_LYMPHATIC_ENDOTHELIAL	ENSMUSG00000042453	curated (see script docstring)	Reln
CURATED_LYMPHATIC_ENDOTHELIAL	ENSMUSG00000046714	curated (see script docstring)	Foxc2
CURATED_LYMPHATIC_ENDOTHELIAL	ENSMUSG00000039115	curated (see script docstring)	Itga9
CURATED_MENINGEAL_IMMUNE_TRAFFICKING	ENSMUSG00000071005	curated (see script docstring)	Ccl19
CURATED_MENINGEAL_IMMUNE_TRAFFICKING	ENSMUSG00000094686	curated (see script docstring)	Ccl21a
CURATED_MENINGEAL_IMMUNE_TRAFFICKING	ENSMUSG00000037944	curated (see script docstring)	Ccr7
CURATED_MENINGEAL_IMMUNE_TRAFFICKING	ENSMUSG00000045092	curated (see script docstring)	S1pr1
CURATED_MENINGEAL_IMMUNE_TRAFFICKING	ENSMUSG00000061353	curated (see script docstring)	Cxcl12
CURATED_MENINGEAL_IMMUNE_TRAFFICKING	ENSMUSG00000045382	curated (see script docstring)	Cxcr4
CURATED_MENINGEAL_IMMUNE_TRAFFICKING	ENSMUSG00000020310	curated (see script docstring)	Madcam1
CURATED_MENINGEAL_IMMUNE_TRAFFICKING	ENSMUSG00000027009	curated (see script docstring)	Itga4
CURATED_MENINGEAL_IMMUNE_TRAFFICKING	ENSMUSG00000001281	curated (see script docstring)	Itgb7
CURATED_MENINGEAL_IMMUNE_TRAFFICKING	ENSMUSG00000026581	curated (see script docstring)	Sell
CURATED_MENINGEAL_IMMUNE_TRAFFICKING	ENSMUSG00000022491	curated (see script docstring)	Glycam1
CURATED_INNATE_IMMUNE_ACTIVATION	ENSMUSG00000027995	curated (see script docstring)	Tlr2
CURATED_INNATE_IMMUNE_ACTIVATION	ENSMUSG00000039005	curated (see script docstring)	Tlr4
CURATED_INNATE_IMMUNE_ACTIVATION	ENSMUSG00000032508	curated (see script docstring)	Myd88
CURATED_INNATE_IMMUNE_ACTIVATION	ENSMUSG00000021025	curated (see script docstring)	Nfkbia
CURATED_INNATE_IMMUNE_ACTIVATION	ENSMUSG00000024401	curated (see script docstring)	Tnf
CURATED_INNATE_IMMUNE_ACTIVATION	ENSMUSG00000027398	curated (see script docstring)	Il1b
CURATED_INNATE_IMMUNE_ACTIVATION	ENSMUSG00000027399	curated (see script docstring)	Il1a
CURATED_INNATE_IMMUNE_ACTIVATION	ENSMUSG00000032691	curated (see script docstring)	Nlrp3
CURATED_INNATE_IMMUNE_ACTIVATION	ENSMUSG00000025888	curated (see script docstring)	Casp1
CURATED_INNATE_IMMUNE_ACTIVATION	ENSMUSG00000051439	curated (see script docstring)	Cd14
CURATED_INNATE_IMMUNE_ACTIVATION	ENSMUSG00000019850	curated (see script docstring)	Tnfaip3
TECHNICAL_MITO_ENCODED	ENSMUSG00000064341	technical sentinel	mt-Nd1
TECHNICAL_MITO_ENCODED	ENSMUSG00000064345	technical sentinel	mt-Nd2
TECHNICAL_MITO_ENCODED	ENSMUSG00000064351	technical sentinel	mt-Co1
TECHNICAL_MITO_ENCODED	ENSMUSG00000064354	technical sentinel	mt-Co2
TECHNICAL_MITO_ENCODED	ENSMUSG00000064356	technical sentinel	mt-Atp8
TECHNICAL_MITO_ENCODED	ENSMUSG00000064357	technical sentinel	mt-Atp6
TECHNICAL_MITO_ENCODED	ENSMUSG00000064358	technical sentinel	mt-Co3
TECHNICAL_MITO_ENCODED	ENSMUSG00000064360	technical sentinel	mt-Nd3
TECHNICAL_MITO_ENCODED	ENSMUSG00000065947	technical sentinel	mt-Nd4l
TECHNICAL_MITO_ENCODED	ENSMUSG00000064363	technical sentinel	mt-Nd4
TECHNICAL_MITO_ENCODED	ENSMUSG00000064367	technical sentinel	mt-Nd5
TECHNICAL_MITO_ENCODED	ENSMUSG00000064368	technical sentinel	mt-Nd6
TECHNICAL_MITO_ENCODED	ENSMUSG00000064370	technical sentinel	mt-Cytb
TECHNICAL_CYTOSOLIC_RIBOSOME	ENSMUSG00000060036	technical sentinel	Rpl3
TECHNICAL_CYTOSOLIC_RIBOSOME	ENSMUSG00000032399	technical sentinel	Rpl4
TECHNICAL_CYTOSOLIC_RIBOSOME	ENSMUSG00000058558	technical sentinel	Rpl5
TECHNICAL_CYTOSOLIC_RIBOSOME	ENSMUSG00000043716	technical sentinel	Rpl7
TECHNICAL_CYTOSOLIC_RIBOSOME	ENSMUSG00000003970	technical sentinel	Rpl8
TECHNICAL_CYTOSOLIC_RIBOSOME	ENSMUSG00000008682	technical sentinel	Rpl10
TECHNICAL_CYTOSOLIC_RIBOSOME	ENSMUSG00000059291	technical sentinel	Rpl11
TECHNICAL_CYTOSOLIC_RIBOSOME	ENSMUSG00000000740	technical sentinel	Rpl13
TECHNICAL_CYTOSOLIC_RIBOSOME	ENSMUSG00000059070	technical sentinel	Rpl18
TECHNICAL_CYTOSOLIC_RIBOSOME	ENSMUSG00000017404	technical sentinel	Rpl19
TECHNICAL_CYTOSOLIC_RIBOSOME	ENSMUSG00000071415	technical sentinel	Rpl23
TECHNICAL_CYTOSOLIC_RIBOSOME	ENSMUSG00000046364	technical sentinel	Rpl27a
TECHNICAL_CYTOSOLIC_RIBOSOME	ENSMUSG00000057841	technical sentinel	Rpl32
TECHNICAL_CYTOSOLIC_RIBOSOME	ENSMUSG00000041841	technical sentinel	Rpl37
TECHNICAL_CYTOSOLIC_RIBOSOME	ENSMUSG00000044533	technical sentinel	Rps2
TECHNICAL_CYTOSOLIC_RIBOSOME	ENSMUSG00000030744	technical sentinel	Rps3
TECHNICAL_CYTOSOLIC_RIBOSOME	ENSMUSG00000012848	technical sentinel	Rps5
TECHNICAL_CYTOSOLIC_RIBOSOME	ENSMUSG00000028495	technical sentinel	Rps6
TECHNICAL_CYTOSOLIC_RIBOSOME	ENSMUSG00000047675	technical sentinel	Rps8
TECHNICAL_CYTOSOLIC_RIBOSOME	ENSMUSG00000006333	technical sentinel	Rps9
TECHNICAL_CYTOSOLIC_RIBOSOME	ENSMUSG00000003429	technical sentinel	Rps11
TECHNICAL_CYTOSOLIC_RIBOSOME	ENSMUSG00000061983	technical sentinel	Rps12
TECHNICAL_CYTOSOLIC_RIBOSOME	ENSMUSG00000024608	technical sentinel	Rps14
TECHNICAL_CYTOSOLIC_RIBOSOME	ENSMUSG00000037563	technical sentinel	Rps16
TECHNICAL_CYTOSOLIC_RIBOSOME	ENSMUSG00000008668	technical sentinel	Rps18
TECHNICAL_CYTOSOLIC_RIBOSOME	ENSMUSG00000040952	technical sentinel	Rps19
TECHNICAL_CYTOSOLIC_RIBOSOME	ENSMUSG00000049517	technical sentinel	Rps23
TECHNICAL_CYTOSOLIC_RIBOSOME	ENSMUSG00000020460	technical sentinel	Rps27a
