,PC1,PC2,PC3,PC4,PC5,PC6
Xist,0.05507009567311358,-0.055062196140809073,-0.04369858451908214,0.3590933200317296,0.09060034891440126,0.08825229862950483
Ddx3y,-0.030809854768681515,0.04247896682981903,0.030341119695732242,-0.26137559803194615,-0.06788035938823393,-0.07529056520271402
Cyp2a5,-0.1016668681240976,0.05780052058269342,-0.036922083085348695,0.04313193979204441,-0.0588504846799046,-0.05064145539536497
Scgb1c1,-0.09680732175571598,0.07178314160888513,-0.02988154842280584,0.020621557626435895,-0.01395025098736238,0.0037766340212606357
Cyp2g1,-0.09912710566984628,0.056886193665396836,-0.03148495597672893,0.025896975897400348,-0.04207835032094166,-0.04240106811705057
S100a5,-0.09360099211936322,0.04184563540692864,-0.030529039472334308,-0.008913621775688581,-0.05090231997951241,-0.02806570482560189
Myh4,-0.03199372482382826,-0.06593205307834386,-0.13562875301264674,-0.08637463319771767,0.01936968714856408,0.021325129729749218
Ugt2a1,-0.09237217857900451,0.05444396440525542,-0.024528454068031134,0.034901791434029265,-0.04362837914781847,-0.020325450356681454
Ugt2a2,-0.09219644206094364,0.0544486334516024,-0.02464065979878696,0.034939604734839674,-0.04366927900667262,-0.020068782634450954
Alb,0.016725883921342173,0.04347237099356906,0.0023091068016698785,0.053017229273068074,-0.13245660763800346,-0.24764257257061834
Vmo1,-0.09047542035177536,0.06109836690271447,-0.009610155904825633,0.02034812175886366,-0.008273878395658546,-0.015458297147886327
Acta1,-0.05833641284315537,-0.06215132605156349,-0.12172848940881471,0.008162681449982912,-0.004985842500901146,-0.04061818520936193
Omp,-0.07644402209053186,0.05595499884648431,-0.04210732174310244,-0.004704439391732839,-0.03208922686916658,-0.02157898206687721
Ighg1,0.0249266854287586,0.009496187836364942,-0.04092305432798369,0.004379051344428621,0.1455865503288001,-0.011722166841250423
Mylpf,-0.05734282383436672,-0.06740687842388371,-0.10438835534217802,-0.012660096351970036,0.03321964715546856,-0.026148022885691426
Tnnc2,-0.056970475474885034,-0.0643068995100599,-0.11048430053536278,-0.006629397685512191,0.01214311901735653,-0.03523298870093529
Stoml3,-0.07592662857493869,0.05574522181019184,-0.04058269169935149,-0.00147804192195128,-0.02268068078390737,-0.0056758621323814845
Gpx6,-0.07749031280657204,0.05862067129437837,-0.005395488684593937,0.014842022826381331,-0.025109275627355754,0.010740123617956903
Mb,-0.054164016654423705,-0.06699011328633164,-0.09306353251662083,0.002019019261617331,0.024562468956414816,-0.05908745225185111
Tnni2,-0.05526449100243481,-0.06708716221244496,-0.10544093487520828,-0.011728526888398223,0.023098207643032484,-0.03536835389900295
Bpifb9b,-0.015445282646406829,0.0427037422202529,-0.06748786413148355,-0.05850735947673526,0.026310189279102537,0.05303225487630538
Tnnt3,-0.05206935033365223,-0.060524466477869,-0.11872447528439656,-0.013234066984961762,0.00854793971445534,-0.04116957404804879
Sult1c1,-0.07362044074875689,0.03726817869557945,0.006929388715802635,0.061888933879259915,-0.0442934271211111,-0.03635398143562384
Eif2s3y,-0.026925223257555368,0.034397028290469235,0.028804607200489885,-0.18571297710623044,-0.05256825651501307,-0.06623990212974351
Myh1,-0.05840299143448164,-0.059783001396698295,-0.09761641204272077,0.003765883730101415,0.02889676022036499,-0.03714382498429941
Bpifb9a,-0.014856318489980634,0.04082228732780219,-0.06567919097768098,-0.05563585045449784,0.025403159066584163,0.05216638257550648
Bpifb3,-0.06268450597581524,0.07256345200180908,-0.01839130006819238,-3.114415110955269e-05,0.020943678852491966,0.006795461118145408
Ckm,-0.0477638313062403,-0.05661510853834439,-0.11407839367969028,-0.014967366599489548,0.0242519246577437,-0.047778943390118324
Myl1,-0.05013207472860268,-0.06075134817126488,-0.09985250043001542,-0.02541714846478231,0.034454314761606764,-0.034559060791335305
Uty,-0.025462173376930502,0.02887940357467038,0.02785304875121982,-0.18102353391599418,-0.048058374086890884,-0.04445926397012937
Umodl1,-0.07124436746655229,0.0509600553635194,-0.030083054584863475,0.018271128399715553,-0.016157032304102825,-0.0006721808968085326
Sec14l3,-0.07136093227595919,0.054271541858511387,-0.024029926433867314,0.0022259481620854954,-0.015240901889860298,-0.01781686924646829
Sult1d1,-0.07683003082963413,0.038792861206137716,-0.00997191901015518,0.02050862547826481,-0.03472629696095172,-0.0016442099768169036
Fstl5,-0.07597648085771307,0.042980621975261084,-0.019627639581552864,0.00891191446052331,-0.024732848188537493,0.009741690883727984
Pon1,-0.071602729941117,0.04888694265748925,-0.0031021186200050933,0.03820585440380484,-0.03957335848687137,-0.033122112676005025
Bpifa6,-0.04893888164861207,0.024790611448524968,-0.03552282082381223,0.006673596067723626,0.05547552947295209,0.033251919151301323
Acsm4,-0.07447673168967896,0.04133198274300287,0.008293538050240369,0.02599064384660367,-0.03689198044036117,-0.0144149507871303
Myh2,-0.04132656601353799,-0.04756567810303634,-0.11578243476961264,0.027394995981377353,0.006691456901187412,-0.021941270532178293
Chil6,-0.06988744584002037,0.05431058338451358,0.005092672450947574,0.019747918784647524,-0.004460652585186705,-0.007526766528866821
Serpina1e,0.006646582270631133,0.03801158294154146,-0.01965899085104281,0.0372759851636756,-0.09988004258489443,-0.19814778677741726
Cyp1a2,-0.06778881654233758,0.05315408205579819,-0.009046466471800126,0.01565519735353966,-0.027246563224541744,-0.03380456353947571
Atp2a1,-0.04161534934590824,-0.051838165143601726,-0.11657461029328678,-0.0010555476076847803,-0.0001550831891046717,-0.03797739499976442
Cox6a2,-0.04373973875314781,-0.06596901067630502,-0.09120887499895702,0.013959786091751806,0.023618475349428802,-0.01948784003664218
Bpifb4,-0.06554028221660162,0.047501782216690325,-0.009700033631033925,0.0027857180188864427,-0.02156781719304088,-0.017065816988300404
Cnga2,-0.06519919006838852,0.04690503949301353,-0.010288713001490207,0.00780537271496702,-0.01236479168616445,0.0022330336947998315
Pvalb,-0.03879766904448092,-0.062094839869662924,-0.0630700403829066,0.012940236570901065,0.045757796267448865,0.02522815422005272
Ttn,-0.042137184864524446,-0.045905029336116496,-0.10717152414711743,-0.0002057490023639284,-0.0070316643412948925,-0.03941177572901323
Ces1d,-0.06462487147580133,0.0447160726708102,-0.009795274134813679,0.023863224939650582,-0.007621933034860548,-0.012998249541745527
Gnal,-0.0673358191079819,0.0381322075988859,-0.006359812304011732,0.014800338429924844,-0.004943118892200413,0.010037363101642419
Rtp1,-0.06433940872328607,0.045502103761306464,-0.004826639438357436,0.006454072902847636,-0.008767900470438596,-0.0012366705791075035
Bpifa1,-0.04237996183120199,0.039713104383535786,-0.027506020899965608,-0.018652633792951546,0.04591582985334563,0.026365829282967615
Bpifb6,-0.0645959298088406,0.03584107223637309,-0.00185477009415447,0.008262254777409835,-0.027856442712899047,0.0007715731939901857
Rtp2,-0.06543226031166591,0.03850148335536315,-0.006654810640382803,0.0021210673525773028,-0.011218236654125871,0.007096974353066609
Tcap,-0.03857900518358711,-0.04974140291249667,-0.09949304938679546,0.027273725772920768,0.019458901323168493,-0.015791571562014686
Cyp2a4,-0.06436474827675245,0.03825416384362111,-0.0018800816994836511,0.024429056729564098,-0.015656363031462336,-0.012477637664882846
Ighg2c,0.026036915072429657,-0.0035550964772058493,-0.02907265054919783,-0.009149662357208528,0.012481176584758495,0.06296382755724209
mt-Atp8,-0.05274234064134552,-0.05777491792833307,0.03730414198860979,0.010982503035359553,-0.017254061232353252,-0.018136421929243328
Ckmt2,-0.034451705092690424,-0.05098662718665911,-0.09411646616942397,0.023940757418015664,0.022613504389915984,-0.011409310340718492
Aox2,-0.0625256812432958,0.040231960925833685,-0.009728371900424417,0.005767975070653959,-0.00985229788906454,0.008358797101046821
Apoa1,0.00912415063019691,0.027985494666456015,-0.01770753598168916,0.026081720411401273,-0.07852719316677052,-0.16681348722486
BC048679,-0.04640602785460758,0.013900641518398777,-0.022623175939714676,-0.002927875701858172,0.04865589044222905,0.01922873409734968
Ighg2b,0.007612038461301382,-0.037521958536513154,0.006145692813755509,-0.01652079690441676,0.0011464551664125517,-0.019657708050878433
Neb,-0.04032621530285396,-0.04751283566345916,-0.09132072459402682,0.0006106746205497531,0.009405202394802428,-0.02023978610378659
Apoa2,0.005643045254852307,0.02726414783001,-0.011266053881251932,0.041288118208057736,-0.08398390521805,-0.16073942317907708
Kdm5d,-0.01968761882878249,0.02096860425126802,0.02341607567587224,-0.14742801743919418,-0.04023184932522254,-0.039557356851141125
Myoz1,-0.03589506519967982,-0.045009137351039966,-0.09002659632380847,-0.014444291348630177,0.024244738187342317,-0.02450119977179786
Scn9a,-0.058981491925898376,0.040966590592831024,-0.008619928218663746,0.01244564897543819,0.005567380370382516,0.005460454509601225
1700012B09Rik,-0.061515406318249616,0.031040906507241325,-0.008638533591174644,-0.011700004416361159,-0.010304774249320553,0.001634623618835051
Slc27a2,-0.056032687592119886,0.042371131943194335,-0.00829919767446832,0.030863447504407438,-0.031329284843510365,-0.0172865986681853
Igkv4-55,-0.011672383959999746,-0.03502315197176305,0.00943301245742326,-0.08318597039000494,-0.07847507647161159,0.013418396305642968
Agr2,-0.060785574690600135,0.03324299447339816,0.002732021080881755,0.002251391107534782,-0.00022955423908602344,0.0026088406839729038
Ighg3,0.017822815776684754,0.011281344331301705,-0.05438966522504356,-0.07863574191734592,0.018690685657788995,-0.0034535198772603047
Clgn,-0.05955742018745579,0.035454628690314474,-0.004769353594666832,0.007018044330854538,0.0009345201685501215,0.012586242385787925
Prss33,-0.05290858978493884,0.046504567090855695,0.0078072043566939225,-0.0024501486967631924,0.024771305470147574,-0.006082920129102667
Gm13648,-0.05542941095479313,0.042737594160295926,-0.019110161580077535,0.01308112893994141,-0.015761151106538005,-0.0019052393624187831
Ttr,-0.020945143232180045,-0.015909211526640148,0.055584140183376145,0.09825763379602344,0.05675463254084508,-0.09419786596068704
Cnga4,-0.05802804231467473,0.037006472354048615,-0.002972909427255319,0.003332619167846945,-0.009235625050809923,0.003702327715922597
Mybpc2,-0.027741272810997763,-0.03720302758158346,-0.09897522936014581,-0.019514027961380943,0.01482954752009405,-0.0011071240212357605
Myot,-0.03382346008766176,-0.04686798580265728,-0.08620633538069246,0.016730796196394882,0.010362910711268252,-0.028637099350038924
Casq1,-0.03292099941343201,-0.04270145592903474,-0.08890937558453456,-0.008095943317400595,0.013151579882223197,-0.01238570105361734
Gng13,-0.06035656494541802,0.012258165198003827,0.003944256057187616,-0.009174761379239662,-0.01500820885024482,-0.0021057156486223336
Xirp2,-0.03436782953735872,-0.0328388149555993,-0.09387420059959187,0.015958151778122827,-0.00453287731758423,-0.018719601928957604
Obp1b,-0.01232933521172837,-0.003715316900478246,-0.05265803024954787,-0.02331042163172081,0.029113014695147307,0.027773110838719545
Aqp3,-0.05433221494330617,0.03774266326879508,-0.0009217721849594428,0.006482185613498138,-0.002202049925629622,-0.012465786261363567
Muc2,-0.052006090446088435,0.04074558016760394,-0.010164961651997626,0.008886814578973702,-0.007179341568865945,-0.011730835399417784
Srd5a2,-0.05311864578685222,0.03933761390691534,0.005879770952686711,0.005715087420364874,-0.0037080831858142325,0.008160463617076149
Acp5,0.011909785808457907,-0.042065231507613564,-0.005144356712016909,0.07288125795600031,-0.07621446550128678,0.005859691381374819
Tmem74bos,-0.056136704170609654,0.032210911882048186,-0.002035781407950692,-0.007877473233521075,-0.007281393458934938,0.0053887217272640215
Fmo6,-0.05243306558959881,0.03213595263763562,0.01464005664998953,0.008597853000717763,-0.03268415927712721,-0.0019550007774494756
Gm14744,-0.011188275605239828,0.0007307243203877535,-0.059861643837253384,-0.017734387400943952,0.03551612422925603,0.03509835083820342
Fetub,-0.04941774809829819,0.041625131168070505,-0.005304068950288804,0.018844747323718766,-0.009484611966690721,-0.024269057455952824
Acbd7,-0.058174435284427076,0.01521819604307429,0.0025815171727603275,-0.011530576431139163,-0.009104656531068058,0.009944423931371595
Wfdc18,-0.04607181748496133,0.029329142223190087,-0.029277636788757617,-0.008158764861547603,0.018078256572708333,0.028507291124507412
Pgam2,-0.03081939359033309,-0.038538197926028486,-0.09202328237958045,-0.007716713012877962,0.0036153325380890444,0.00014413781482686317
Cyp2a21-ps,-0.05308018130292458,0.03460467524710037,0.008021951125013495,0.013969678164258294,-0.01393444380474246,0.00035377738665558
Hbb-bt,-0.0005627289851318426,-0.03320190279273797,0.06494876529205569,-0.0018561201952288046,0.00931607187524644,-0.051815287506311127
S100a8,-0.016208911403499,-0.030254556883657604,0.03524653862775115,-0.05863722605367879,0.10452481454654847,-0.041680082624292236
Lmod2,-0.0316880886417036,-0.04252640768169829,-0.07558953294559713,0.031269192762840035,0.0009424064186520357,0.01208819265667799
Mylk4,-0.022867232063279147,-0.04227077266179743,-0.0900924914116822,-0.007925411352716509,0.02433091086681005,0.007357423009142331
S100a9,-0.015462363437805203,-0.028293529867617552,0.03499250564386444,-0.05604253960406338,0.1025246914800086,-0.04720465236221307
Jakmip1,-0.05225761072684103,0.031581709151523564,0.0011928440235812032,-0.00846330102787481,-0.0008160324796247098,0.012669136301160493
Obp1a,-0.009343962661524848,-0.001274467979099435,-0.05092371280174632,-0.013850501863692797,0.028553750489351604,0.02810185936890142
Sult1e1,-0.05159059465486121,0.029406783352774486,0.002088064323627851,0.004395269174618003,0.02101869560433066,0.00881152891380769
Epcam,-0.04865882724738272,0.025941290704958063,-0.005721428687340599,-0.0018419986132774744,0.04639140458355715,-0.004846252606533854
Csrp3,-0.028335667109011663,-0.03653514462036045,-0.07073193655731952,0.037032322480962394,0.011427121475657099,-0.004108574110356713
Gm43638,-0.05054104404874959,0.03392480481257354,0.007184477234416982,0.01199331291310679,-0.013905897288292503,0.007121843143360741
Or13g1,-0.04688338850501971,0.036963487623877286,0.023679127888492926,-0.002678589681835975,0.006469113686015341,0.027036050643682835
Or5b109,-0.04479040014720079,0.039926047120506424,0.019713501940175134,0.007209301490665133,0.017988468086166505,0.016734957309039893
5430402E10Rik,-0.01029030753920489,-0.0003356345121120804,-0.054725543009934915,-0.01111621728848292,0.03230111929047739,0.03151071842974255
Cyp2f2,-0.04754668960805212,0.03626685874412069,0.006625621066570027,0.005549955840075012,0.007854182864529923,-0.003181103311986308
Smpx,-0.028903725614871555,-0.046791329036943725,-0.06622889184107056,0.015013680474526989,0.013301682708408208,0.015808191920474227
Camp,-0.01649043541907393,-0.02442255733403032,0.028706809454000594,-0.04142042037208576,0.1054012884051774,-0.0481164363573323
Cntn4,-0.049090629535556804,0.03077557676155792,-0.0002827529872567447,-0.005058904126326135,0.0025499023813428017,0.026966566013141857
Aqp5,-0.046931979755979084,0.03779391531214679,-4.7752173514291876e-05,0.006077813932677718,0.0036336214853012407,-0.016504313148981518
Azgp1,-0.03234593847428093,0.04354087462561542,0.0076556919388851945,0.017996361277339803,-0.04294803644538576,-0.046739558478704604
Ibsp,0.009558022273057213,-0.04233621863695361,0.005009104876680312,0.06884666416715735,-0.06603342923558365,0.031490150415490574
Myl2,-0.02734861609319881,-0.024801098229947752,-0.05916783451421222,0.04668519811764634,-0.03888155115267899,0.007902294229091557
Apoc1,-0.01716748301105179,0.029374549376027483,-0.000802357254980158,0.04618998470652889,-0.07000716478936629,-0.09642611071410477
Actn3,-0.018210890940562538,-0.025951371919019087,-0.0921461229674005,-0.020886776706377633,0.006500422862480312,0.0022154217148091463
Mslnl,-0.044747609680044834,0.039924150251555726,0.00201027276020479,0.0020540965286898706,-0.005118289109644538,0.003137460613331179
Kirrel2,-0.041852832861816784,0.034730726281198526,0.0010958185472206596,0.016249194392828493,0.025343753649056576,-0.010237337625157624
Psapl1,-0.031422384804497154,0.01841246088165947,-0.024563197102554706,0.0021070784484984264,0.042138262852620116,0.0257059236708521
Elf5,-0.047619625743497956,0.031233726507625997,-0.004890086171618218,0.013062086137082872,0.0018562362019816218,0.005501159760796023
Iglc1,-0.008064878168291203,-0.02364705304423329,-0.023772066188871323,-0.0764850831251997,-0.011961758979423382,0.0006359868846749808
Ctsk,0.006285081965498661,-0.03583294985552047,0.001122587078667578,0.06680818556089922,-0.0746527082954669,0.012346218441109943
Eno3,-0.023408778008569678,-0.03347365081706716,-0.08462191391288534,0.008958003324719025,0.01469295015933233,0.0039315847753647925
Adam28,-0.045890866096294905,0.03399592463985842,-0.00468377670829304,0.004896557528265495,0.0019260140346395807,0.0007665811452933655
Aldob,0.006515122320076863,0.017458017713572884,-0.0026350775850153816,0.019622019813502665,-0.05691605567838162,-0.12093125609837842
Cbr2,-0.0447321851441358,0.03424652093581952,0.00044203121109801283,0.013752204097035954,0.0037646833723750626,-0.0061643996993100405
4930469K13Rik,-0.03270569024100785,0.03412021806096886,-0.0317146201336503,-0.0019213953889253154,0.02301225819161313,-0.028476393338518886
Nrn1l,-0.049619035009949956,0.017941799756870783,-0.003552925400061865,-0.019402911968119874,-0.007049137169796578,-0.005922475359387032
5730403I07Rik,-0.04641602031318177,0.03144047937043474,-0.00020272007180644977,0.0037794680845273693,-0.003925997945307442,-0.0006584428456236399
Cox8b,-0.04021830877310969,-0.027771896200378753,-0.032426506279310645,0.02969771048111482,0.03287298176720205,-0.008298395586094789
Igkc,-0.006967788960562728,-0.02359165760163916,-0.01861234077449885,-0.0696228187349939,-0.011764258467780562,0.021953246407223202
ENSMUSG00000135102,0.01642734661521152,-0.020405343619358255,-0.0022710190546962345,0.06424302183003415,-0.00638561771197588,0.014984491994538995
Spp1,-0.0009385223012881323,-0.05061214870817227,0.013051288133539694,0.04042938082461481,-0.06819761659568072,0.03512882615912776
Gfy,-0.04200056181387407,0.03625568610521264,6.631753134356212e-05,0.00502419297136738,0.005572846087418068,-0.01109193547050067
Atp6v0d2,0.008667085700028743,-0.03552520497465399,-0.0034274518980476304,0.06410996610870434,-0.061959586674226436,0.013911131204562562
Scd3,-0.028467437892093286,0.01950401156408709,-0.014438105558110672,0.01255052602643973,0.046663908372741904,0.024485467225086256
Aldh1a7,-0.04355605217877815,0.02772896196288601,-0.0007064626553115512,0.00861676373460187,0.004012697681947423,0.001523408862638949
Ngp,-0.007740499864797522,-0.01459759427056471,0.02436119618947498,-0.0360056891294317,0.11112951407117412,-0.046278908782632834
Pcp2,0.005965171296771706,-0.02264776560874685,0.021197097816939802,0.0316304632484457,0.05517140083957198,0.01199578520568742
Hba-a2,0.004871298405951864,-0.02049345338936906,0.053066111901270696,0.0004632747955319625,0.0034798947476532573,-0.054561190060639135
Hba-a1,0.004995944913290888,-0.020402441522715205,0.052841501302135836,0.0003601922964090303,0.0040689480895970695,-0.05448009483804156
Cmya5,-0.02421758738059144,-0.03469725780834053,-0.07635772987539052,0.009378721411833683,0.013118422373077983,-0.010865868830482402
Myoz2,-0.023399837331196174,-0.026047310647881516,-0.06375491043677065,0.03785409963461728,-0.016695945441207314,0.010618779064045864
Enpp2,-0.007646342484065746,-0.002584158307505489,0.04215792639865134,0.0838427591454154,0.053113867597399014,-0.06830113442218082
Ppbp,0.006806051593855433,-0.02775620240054951,0.061839885048328234,-0.011386898376339823,0.0972714021667652,-0.004051358589042318
Or6b1,-0.043314795230622885,0.029679036007515064,0.009062285880779357,0.006609366106980071,0.00745156776782552,0.01975059499842438
Cyp2e1,-0.010929272716131094,0.035532105277550435,-0.00033604664946896456,0.03389028774936123,-0.04840527942126769,-0.08731788712269963
Gadl1,-0.04446632397900341,0.028250885995685548,0.003236663100337059,-0.0010359730792206612,0.0018864439064005772,0.01847203356188701
Ces1f,-0.03481202111827518,0.03958836666383021,0.004744347848628602,0.013631465037815059,-0.0068782551837642605,-0.04189566271664408
Ryr1,-0.020383189410472093,-0.03302094623822397,-0.07919956487862453,0.0005334468537968178,0.015344270032494256,-0.01697397560509664
Kl,-0.0060313743652783865,0.0012531262406700228,0.04051023601783852,0.08924407917579073,0.05016929666031951,-0.07070513350073511
Mmp13,0.004192725262805232,-0.029327544049469165,-5.6597519570426966e-05,0.04355786430440324,-0.07651163591543549,0.010476984084201809
Des,-0.022935219584443937,-0.024731903707629302,-0.08261462604095716,0.018961206892500613,0.004054075563761709,-0.018381482533550444
Ahsp,-0.010605959990923081,-0.02739689045668159,0.01882174926088449,-0.045333283079123786,0.10262448722365045,-0.05161357321719827
Jchain,-0.009816471615709076,-0.02483408060251234,-0.010342298536221796,-0.07327328158652678,-0.0242277673453029,0.03677480769261988
Cdcp3,-0.035429449181178005,0.038889494020882646,-0.0010211192965751327,0.01339050109838684,0.03125058933137118,0.01847611327196906
Cga,-0.00991548459841442,0.021892713908374713,0.004543659193908267,-0.05371093645832617,-0.06224652730918405,-0.025216619182814662
Cbln3,-0.007363659303271217,-0.03593157156357007,0.010816106708676658,0.0259003454331015,0.01655904656098532,-0.00140967039315561
Chil3,-0.00980728315917513,-0.02496508121881642,0.02435038645193964,-0.021075148073297672,0.08826488976808887,-0.028983820889054365
Nr4a3,0.014171225638776935,-0.025885103661134834,-0.01751835173757151,0.012874274077224726,-0.004764492641014456,0.024882675023874586
Elane,-0.00133959291230969,-0.0013123811797109723,0.01806712025064987,0.004724683497371553,0.11850366045234693,-0.008802413958969166
Ebf2,-0.039564872992631,0.03641244611813529,-0.0009583799512562732,-0.005221819249818584,0.005968714350988818,0.017138710599126
Or2l13,-0.0404309586450582,0.026660318699045032,-0.017744217997677707,-0.006659306784554919,0.014266290553807171,0.015680045361773125
Ell3,-0.042787608242162725,0.031433381073605264,-0.0006594798766609958,-0.0013883614583348489,0.0012118907521104986,0.0031091059642785255
Trdn,-0.024516311655652,-0.03285369030284706,-0.07216642871162456,0.006840592111406776,0.009157744496845881,-0.0075104827475444055
Mybpc1,-0.02178339205861704,-0.035203554272467734,-0.06961719545914663,0.023138441759418326,0.025739302289616295,-0.007681500892126766
Mmp9,0.01703905665088642,-0.021488169044259407,-0.012963741561248883,0.05744712222451496,-0.05422565553318102,0.010365577307377397
Or4k51,-0.04092320480006455,0.03017736144835503,-0.006360260264718992,-0.011613349568654178,0.0021210266536822297,0.0032309675881337543
Nr4a1,0.012303794172312137,-0.03553422554683006,0.013218140461984303,0.04746154073612057,0.006545307983952761,0.033566705426006364
Gm13408,-0.03308636104910318,-0.04290603112103331,0.02834010851524758,0.001957439958805264,-0.009031526463063924,-0.010630904334174454
Adh1,-0.03521781389540358,0.03271107838178416,0.014058763628651067,0.03012766728468493,-0.012310992615855066,-0.018146484210560827
Kcnc4,-0.043557562670115374,0.023620395935400412,-0.015257009835588347,0.009913134495175295,0.008894447503936807,0.00025676513581505397
Mlf1,-0.04493831848974929,-0.01282958607668451,-0.012424634983213235,0.00547172711450698,0.012912307210744179,0.004141189229263335
Rnf128,-0.04035555955762465,0.031509390152891274,-0.0016745768960424465,0.01384731829269368,0.003714511713598273,0.024843913367158445
Ces1a,-0.04016718311662484,0.02550385315968015,0.00018381762051265365,0.007415977390146868,-0.026262168765240214,0.03074502882421876
Art1,-0.022806906897833726,-0.03149849655768095,-0.0744078161824457,0.0001676032143022334,0.018602156875033003,-0.0027934230845853836
Cyp3a13,-0.03888376206145127,0.03331129760227956,0.0035716616477421033,0.0006454732860107751,-0.010356528042667458,0.003311854703414377
Hsd17b6,-0.037177564661738056,0.03654202178108483,0.009812958400742996,0.0038366623167045717,-0.003161557659222261,-0.00742482704301359
Fabp3,-0.025473262435178803,-0.04128871123111819,-0.04003880605382505,0.03166489187981864,0.022967390034470344,-0.0022116838947854357
Nefl,0.006543705810690294,-0.027358764932128313,0.010377253981329316,0.0062674721643145095,0.043439500150369556,0.06369989474815682
Gal3st2c,-0.04122924334994565,0.030128575407067378,-0.003083699741362235,0.008059462222755265,-0.004388755964471568,0.0010386294881259488
Ermn,-0.039835144673295964,0.012376648039492007,0.019810240041166275,0.020250514010571864,0.007025444362626674,0.04942140258266975
Hjv,-0.02410184597238288,-0.029801152229935034,-0.07051007081967968,0.002794876134368619,0.010207846127973872,-0.018964223165526258
Hbb-bs,0.00230451430441746,-0.02508403687491136,0.051264372794787724,-0.004165299093377795,0.004181418875864104,-0.04990577929642092
Fezf1,-0.04088290476377653,0.029736344356464384,-0.006512969738917368,0.005589310094043895,-0.004971960273605875,0.009173752881059708
Glb1l2,-0.04101088999901013,0.02726510900084297,0.013161854961648027,0.01626714067648302,0.0030482961483963215,0.014420618735504466
Or12j4,-0.04048168703382065,0.02111668549955925,-0.014496044336997416,-0.01317962918053272,0.017274350642855648,0.003064861138051437
Ighm,-0.0018317228380459378,-0.011172512040255562,-0.02435762838617165,-0.08481008331768151,-0.058683495266758104,0.02870208862491061
Lcn2,-0.009828834174052625,-0.017140734505163648,0.0193494529653872,-0.026910105010144642,0.10286687152573536,-0.04463611105613393
Fabp7,-0.03490389190405979,0.0035206939508022122,-0.0006276229305771084,-0.06154260073083529,-0.026651907325797888,-0.04761074569451264
ENSMUSG00000140700,0.010729329986494895,-0.018609569581709895,-0.0006767904394768778,0.04986675027855199,-0.02075379104077461,0.00189313298555764
Fitm1,-0.02453232014999893,-0.035942046912768866,-0.05909674652895154,0.005458639307262585,0.01886831602978516,-0.020080729848704067
Ldb3,-0.02370291785173558,-0.027100525294845967,-0.07298989207983493,0.01138502460106179,0.010181978007234001,0.0034033006441898683
Efna3,-0.04209218442472062,0.025004779872745977,0.005978906828885873,-0.007913273863943419,-0.0058046832721262934,0.016942053571641327
Ankrd23,-0.020702537635625098,-0.01986052087790583,-0.08044773313918706,0.0196639532528031,-0.006389962970728783,-0.0013624143362369772
Car3,-0.0010194850767472157,-0.027072663939016924,-0.06668802414915156,0.0001604468185324307,-0.0037623434333783827,-0.021057412012860557
Tpt1-ps3,-0.03228626868200437,-0.04034684607831574,0.027227712716796096,0.006628466680137944,-0.012545708298153433,-0.008568294504226264
Alas2,0.01590382213368723,0.0037372393611100367,0.040312154785867596,0.010067422524091572,0.024544431569919714,-0.04452328882585511
Hpx,0.012875356300188153,0.01981934577318528,-0.010713450127043597,0.010826530861251396,-0.06328031425549825,-0.0951292257304941
Slc5a8,-0.039735721141636704,0.022172452756008366,-0.0016163911976281838,0.029914088862580072,-0.019530021289896667,0.013027911948422701
Rpl3l,-0.021460624358290086,-0.03146749821531519,-0.07151431476883213,0.012763526368806129,0.007564237110746172,0.0005127557908419424
Gm29650,-0.012658337343494927,0.022052248115974202,0.007756002009804923,-0.09195577901489997,-0.0217034318289385,-0.01906631383574788
Prlr,0.00028100015634287186,-0.00335514934204814,0.03743123789958085,0.09100223237723037,0.02678245542155217,-0.04162711953050064
Mss51,-0.016253030783223373,-0.01728825213876265,-0.07810205473873114,-0.018668655997738,0.012136704315100505,0.011009366485308637
Retnlg,-0.014909115897939657,-0.028646885551579366,0.024917673266328287,-0.041047188026983594,0.06274176055776141,-0.0527948747536093
Togaram2,-0.04075894458685578,0.027219010591737633,0.0002460075221343703,0.005992353917841358,-0.00453600372166373,0.012991495309317251
Gramd1c,-0.03890932880402981,0.027807230636656702,0.0014500128580685594,-0.004466984013790062,0.00019670800307007563,0.026526413321294576
Fam81b,-0.04207272277163376,0.022054304713083214,0.007597409939796366,-0.0026278191504855697,-0.006901551117482845,0.005129716283366046
Gabra6,-0.006090209256048374,-0.031960963256728245,0.006936832643516464,0.029626195863801778,0.008964613088129196,0.0072799841961624055
Or4k2,-0.03855258571169379,0.029572335670117817,-0.0029496449804218734,-0.0028498669636404473,-0.0027204747267945235,0.028613159744501078
H2bc21,-0.04195644892537413,0.023098808311759502,-0.001495338890603028,-0.0020138565923101823,0.0006603299591016623,-7.659755538657e-05
Oscar,0.007500713864486239,-0.028681676636263018,-0.00224674554079199,0.060231437312989466,-0.05729657517495992,0.0108958957614772
Slc22a20,-0.03811812477134738,0.02972563128053525,-0.002333550670740904,0.003194069906205245,-0.0038463267655201713,0.007888166329757902
Dmp1,0.007191157706707626,-0.045975237597862754,-0.01623330709068917,0.054135883055157596,-0.016508215676438762,0.038005821189203114
2900040C04Rik,-0.017264866138716008,-0.009497267253059242,0.039164413818063126,0.06414025624389694,0.03973485799702349,-0.06564250094894802
Dyrk4,-0.038717137656716236,0.030206043563990176,-0.00974185948982807,0.0004086059808617258,-0.0014986916392181486,0.0043532811382703965
Mobp,0.0008944894082849708,-0.016885206104140356,0.03826008067216511,0.02894288948702755,0.011084953050594575,0.042799874467537295
Lrrc3b,-0.03930001958626713,0.01968972974778563,0.007674682220790019,0.009016764546413194,0.010650520657904523,0.005812361262641152
Muc5b,-0.03710040978885518,0.029455900342888832,-0.0006523801482502489,-0.0015805652408641653,-0.0028200279322316995,-0.0024899477008468204
Ebf3,-0.03670915135576475,0.029759732322904964,0.012263482188202357,0.0017790827428352586,0.01493230082876905,0.02497261207513119
Obp2a,-0.007715602718441712,0.004225556034454712,-0.051520945381029644,-0.01740581871886696,0.02878805118256651,0.02354395786026992
Prg2,-0.001992816830979169,-0.02008217395322034,0.009311687403833719,-0.034370023420865585,0.0976277340308118,-0.045320100976003745
Igkv3-2,-0.025953356961958933,-0.01153115778347287,-0.018145374122688955,0.018365582959249876,-0.026618204232843907,0.04310114619465503
Atf5,-0.03319300160176457,0.03594366787394737,-0.0003991273208501439,0.005106386382041257,0.0004921793889249263,-0.018820413555959974
Rgr,-0.03620536495005706,0.029119181036258934,0.012144831375025018,-0.017444742673062556,0.007632856311531853,0.01699012806202116
Cimip4,-0.03957349146271084,0.024803798767882804,0.0010954788028569378,-0.0031988444342268565,-0.007330001798381018,0.009521426459272403
Asb11,-0.020208054557260994,-0.03216869503913507,-0.06421628812249132,0.009738934179731389,0.003991747567338914,0.023801425447532543
Atp6v1c2,-0.035243057672694644,0.02884663044294502,-0.019838122848952984,0.000958387041702689,0.01942655479087817,-0.005597716915024424
Slpi,-0.0024504328084106264,-0.009011661230154096,0.008841311892640862,-0.02971723605129524,0.059263126635699756,-0.020113141628186705
Ampd1,-0.018046515751996145,-0.028326108017049142,-0.06942981508251955,0.00023871622118952488,0.008170993016226789,0.01685572877986262
Efcab10,-0.04220692078751613,0.00797395164440231,0.01606958464606513,0.01400075894273186,0.008321677594283214,-0.002016539190125649
Obscn,-0.02020595639322852,-0.026049576548168987,-0.0730404878651952,0.014326948831393386,-0.006794059718276064,-0.008126784977416746
Or10a4,-0.03439590432361907,0.031875994065411216,0.00866701138675173,0.007727412601298617,-0.0003357467716602462,0.03495575241236878
Lhx2,-0.03780936008618187,0.02814306295214916,0.0019560925703747713,-0.0007331772616461173,0.012865115524822977,0.008738440334804072
Gm6878,-0.039657909413544766,0.022475542768138887,0.0020202944458228922,-0.014146510388236212,-0.003719837382376084,0.0075240265174991855
Aadac,-0.016674810693158168,0.018033897772488795,-0.02565718594571936,0.024906271826269966,-0.022199139380788126,-0.029215915315676032
Gm42417,-0.0193777398251231,-0.01931490307006225,-0.07502067496661564,0.018442290142342707,-0.007858153128026268,0.001995843815730552
Serinc4,-0.036819670456292204,0.030223838675655722,0.003845536838812403,-0.008583112222524926,-0.0017741840564061396,0.011170172059115082
Gm1043,-0.040085255939472826,0.019257816168251365,0.006732810183425137,0.0038515479301377896,-0.0021917510349686465,0.0028881055281665393
Gm10095,-0.03082195917411872,-0.03783754611389298,0.02160289501661359,-0.004370862781412739,-0.008971233245324077,-0.010283427309222607
Eef1a1-ps1,-0.031789865204269054,-0.03303446963069687,0.024664382047397827,0.011261448243169095,-0.001997512188863529,-0.021585339621204052
Srl,-0.018622164082792735,-0.028104616711169966,-0.06941100980988608,0.011703026461574728,0.010197933672611558,8.027838070651656e-05
Sostdc1,-0.0012132202417267806,0.014889367040698938,0.020918439263026608,0.06647902955049717,0.0438564203449276,-0.06828493875960075
Spef2,-0.03556030033835212,0.027981086858558213,0.013892195949021852,0.01788183143381321,0.013876583455305644,0.0066715264693862075
Klhl31,-0.021805990944617458,-0.026470593607892206,-0.06486691606579173,0.004721358119219364,0.014707994897916295,-0.007561571282748172
2310002L09Rik,-0.019272784519786614,-0.03164251154409507,-0.06365887792257628,-2.601292700766e-05,0.0068177987733558714,-0.008620284372717644
Klhl41,-0.020364092188684426,-0.02848811341056858,-0.06531130341468228,0.006645517681490752,-0.0004977660801092577,0.015695290559833253
Ear1,-0.004052253154285043,-0.014895787049263955,0.01961364592913533,-0.028241480293801115,0.08537648726251845,-0.043977922500347794
Folr1,-0.008593217247490648,0.0014338626228836487,0.03470970181981721,0.06661211160066044,0.04242084260884243,-0.0697189317541094
Fam217a,-0.038524202503637237,0.022138439364174308,0.005707420889342769,-0.006185925149344394,0.0019057353057936371,0.025968925132396126
Hrc,-0.017215996339679407,-0.02623485146159567,-0.07150974947438687,0.017968086190346517,0.006552142229255664,-0.010091025681296127
Mup4,-0.006469876325990185,0.0013966172504846855,-0.043490517021475855,-0.01831476104617956,0.019940329484127627,0.029797479319493097
Gm6421,-0.0315629152715261,-0.03422650809734701,0.026774918907457278,0.0064012640291473905,-0.004806043054551785,-0.011646525371017591
Gm44964,-0.03835020214085422,0.02250845770595257,0.00906933746855188,0.002736071898494341,-0.0009070147700541023,0.00011041164089136339
Ildr1,-0.03602868199945957,0.027050488365055768,-0.011927493065548187,-0.007875954890665003,0.007687783138265878,0.009435773459035238
Igkv10-96,-0.015574712852561753,-0.030197534556012852,0.011632527507605723,0.011452376616300091,0.032031294879473045,-0.03777067195294322
Cibar2,-0.0373113161112421,0.024853081288173696,0.01011404110528771,0.002565766824649309,-0.01444708746414778,0.0019019113663533494
Gm10335,-0.028755297858910855,-0.03920746407934841,0.02351659650876661,0.0005386529556182076,-0.00812605869710547,-0.004273631597395741
Cldn9,-0.03672146757482833,0.02209206260554249,0.006949155891978654,0.01680308006401126,0.02721720747100319,-0.01064163874141624
Or13a20,-0.03658821462998222,0.025356920066716193,-0.00032570373627283534,-2.4430461980802614e-05,-0.0051216187677703895,0.023497039515319732
Mpo,0.010163784967941146,0.005199571013917833,0.007303085855638251,-0.00947245730154065,0.08866506051397198,0.010504007351222196
Or2c1,-0.034415807568127975,0.030757810580959107,-0.006104996830567943,-0.008058160991980177,0.0031492422530468513,0.005452635164885248
Cartpt,-0.038132156483107284,0.016039924133777916,0.00661763247675579,-0.008714113792324266,-0.0157955932789354,0.007036082300415576
Txlnb,-0.016811879828238188,-0.027735662209644723,-0.06760233326987977,0.011296573511057123,-0.004351288980529745,0.009270406198049095
Igkv4-59,-0.0031100185130727076,-0.037223727591468664,0.007391430562533079,-0.016911681469099542,-0.0233239627480461,0.040198559454036775
Kng1,0.008589892287662096,0.01321430478168371,-0.0006250841312647102,0.034054072094074704,-0.045559493522986855,-0.09125421903446816
Wfdc21,-0.006017942231296038,-0.011011960722353544,0.021724788140393993,-0.01929013202356378,0.058231230877172045,-0.0765408752108431
Cacng1,-0.02428867471250105,-0.026940526825632062,-0.0504446884497231,0.008300685971347744,0.011201575715648109,-0.015928184015063036
Elavl3,-0.03769397548309817,0.017464738037552174,0.013659289739675342,0.004594042872008686,0.009343505790222492,0.015694149906608296
Sertm2,-0.03615235453451327,0.022305901790955228,-0.0007902407018821117,-0.0164338508327134,-0.012069818070928363,0.02138254171335768
Or10h1,-0.03512668568551685,0.026941081734840708,0.010002722094283826,0.0029164988902389295,0.004418305317161575,0.018824600434874245
Steap1,-0.01917639462368151,-0.0012114407664942874,0.03725248521621164,0.05538943720287808,0.04606537459049401,-0.057775327073316965
Mylk2,-0.02002157384446181,-0.02376224604425472,-0.06684132796992169,0.003409029642762039,-0.005911841159457277,0.000715359130132514
Ccn1,0.006692035686133079,-0.03166361603584473,0.008069335171221862,0.030716754551185013,0.040254641620391794,0.043328784527250634
Or5aq1,-0.03462477344034685,0.025003595296677564,0.00688472614516201,0.0025327479955670174,0.01264726294500988,0.022738820399575848
Tmem182,-0.01755037374152316,-0.035934872366598446,-0.052448916511712046,0.009550782373429016,0.02144367510229127,0.008681117374340212
Pck1,-0.0021854786618788766,0.029638906291250627,-0.008193809356918156,0.01664930606903168,-0.04028999456404665,-0.06700653692378532
Ltf,0.001209313391678046,0.004846735547611882,0.008565177365511205,-0.022251155911566515,0.09419513572781424,-0.03209209289620803
Serpinc1,0.010006114576007776,0.020316293203139824,-0.0016863132207186582,0.028643707959246763,-0.04775800188819019,-0.09593640781089081
Igkv12-41,-0.010119440468183903,-0.018823913175068114,-0.012819032871254982,0.010965614527620534,-0.039756110341946475,-0.04377100448040627
Gsta2,-0.03580672526149121,0.02150105998361157,0.006096501956022502,0.006997679062832157,-0.018151375887797343,-0.010786282238943802
Stom,-0.031174326994568312,0.03490261804908626,0.007609794757478973,0.007697068644517119,0.013996226198362985,-0.0023413289248283126
Clstn2,-0.03586719328607828,0.02553858770348954,0.003365255005547111,-0.005392783352124735,0.008578689898382404,0.0166892195107633
Or10h1b,-0.035057981062230716,0.02722801286425417,-1.7673815331463367e-05,0.0038642643507362812,0.003948401708728934,0.02391922665382006
Cldn10,-0.03644068260549604,0.0021522130154428844,0.024713899938930826,0.003686678785259361,0.013595644519998435,0.036449591502358776
Gm10132,-0.028032333320332597,-0.038358270867316864,0.02308284550934874,0.0012752904398268463,-0.007107383845790601,-0.0037091212945047454
Erich3,-0.036754257047768635,0.022415968306929965,0.00623989702501218,0.004430711783262685,0.0033531887214927536,0.024104959020558564
Smim35,-0.03720366976085648,0.020598192403148523,-0.005874633010610448,-0.011324098782753094,0.0050264776484550515,0.00023901309747105463
Stmn3,-0.02939917398194969,-0.014678182626558673,0.026993548530794012,0.010050644126008722,0.022218491869266204,0.045734883915609904
Tmod4,-0.016725412847057905,-0.02899612189928442,-0.05996208775231637,0.010381960446977671,0.012161714267106138,-0.0068702996903898415
Sh3bgr,-0.022741649778248108,-0.029563286156614098,-0.05551595585441403,0.008812317891794824,0.008241744712846546,0.014171735385779129
Kcnj5,-0.034571788777023174,0.02558368119904778,0.004401928251076731,-0.004391427790312003,0.018943700751711496,0.006382118668775333
Snca,-0.013062847781058465,-0.010547726898484686,0.05292669006664752,-8.62815122641379e-05,0.0221002224627285,-0.003515721283507917
Nxnl2,-0.03637879122764653,0.02458122779104281,0.00769210189029846,0.0011422072451804316,-0.006728924040046782,0.005683512437849804
Fam246a,-0.03616857522819501,0.02320562406741187,-0.001538369109158225,0.013370779992343615,-0.005454248888792513,0.01342644161371497
Dynlrb2,-0.03672993527555924,0.0009446032768845441,0.026769970678445346,0.01745136330261791,0.009253740482522766,-0.010343824591930244
Kcne2,-0.008793319300432376,-0.00040269463503564765,0.03695249762726543,0.06744435130617264,0.03876622553225442,-0.057415718726334095
Car12,-0.007517522537395534,0.003968107298806007,0.026095788642302352,0.06732445961950004,0.03978479714869177,-0.06281624555305833
Uncx,-0.03405503322278641,0.027931472573428505,0.009886594352257028,-0.0033004560915394377,-0.000604076820154628,0.014900023642407794
Trim66,-0.03644267481443709,0.023801539691898344,0.0026981830395839002,0.011708688187435954,0.008953740391727366,0.008646513579127813
Car1,-0.00823728133532896,-0.024432975211436805,0.018266940725149543,-0.02115702395328626,0.0833784719386875,-0.03470316400309141
Prr32,-0.01606204501355076,-0.012595181994293075,0.0373999504866469,0.0628227473215627,0.039606965731686164,-0.04542144903639481
Or4a74,-0.03419244393137835,0.024801037698945587,0.009176957524796841,0.01536765745210181,0.002926604328104365,0.009882413853724306
Inmt,-0.03633753692309393,0.019390792662357118,0.010807576553103819,0.01069068464416247,0.010144133192290523,-0.005601986731100465
Tmprss6,-0.031609609586492504,0.0320879525936434,-0.0055370499365605804,0.007196079974988294,-0.023532011244407073,-0.007994794110861875
Cldn3,-0.026100950074712973,0.03279176516831505,0.0016257722711157652,0.025538813247918832,0.03202106633370504,-0.02879334608389995
Nmb,-0.00599341933028868,-0.032532654279577515,0.012913549040150435,0.04263436405643932,-0.054489829093307005,0.009843546113981362
Or4b12,-0.031244419687310312,0.02954682976615314,0.00672961724638096,0.0012620427082304616,0.010326059275789529,0.033442921783325946
Tmem72,-0.0026781213544406807,0.006574757671667614,0.03195620429405652,0.07294358960947064,0.040021449930039726,-0.056077857054302634
Or12j2,-0.0336395800580505,0.023131473312047072,0.017385593396382182,0.002442580392463194,0.000734264019923451,0.031056481972593142
Dcx,-0.03504926930635339,0.01719521977877687,0.011525053541197452,-0.022389976705288507,-0.0028341834671168796,0.011665920239449795
Cox7a1,-0.023071265596479842,-0.034285392613320004,-0.0363484237695705,0.009527110643672032,0.021205388562839125,-0.007803468336453646
Gm34838,-0.02956307530222346,0.007857946409146442,-0.006706697593322094,-0.0020245057025893983,-0.02189918672046461,-0.00713371761237612
Muc16,-0.035165340584785626,0.02244491643088146,-0.0019526818133822842,0.01358696258393476,-0.0006571710237268536,0.014955426208361912
Igkv10-94,-0.02065800225492869,-0.024647271112727593,-0.01951026809422081,-0.021636366553751066,-0.021941868997369895,-0.01895162482642464
Lrp2,-0.034897322683719076,0.0238652474036399,-0.0011365018971107488,0.01513942111422432,0.005085750199596311,0.005538420777979547
Itgb3,0.01565473764123411,-0.018604309403200642,0.012379398666573766,0.055599455696730075,-0.02401243286139002,0.0032847344608189677
Adcy3,-0.03323121468451961,0.02192154503260219,0.004821064539056862,0.024169043604399375,-0.017231496928660495,0.017081149084813275
Acsm3,-0.03214434544426194,0.028444942665642917,0.005069918798552578,0.005236371142857862,-0.015286913611070074,0.006279790581426856
Krt23,-0.034335844352596824,0.025369242949308618,0.001516833343283229,0.0078004846674996145,0.003279872473134852,0.006535682102692367
Nefm,0.003021225524991602,-0.020759641753865663,0.0012168128978204513,0.005614816209755921,0.044889752603440775,0.05985872196322203
Nsg1,-0.03368448673518027,0.02298528416383142,0.018735800694116147,0.013315101966594196,0.014044539451829222,0.015026291576890552
Coch,-0.02654585691523285,0.006928845382344172,-0.004346775356170068,0.010294302426846404,0.05008785756864265,-0.012945747309107391
Scn3b,-0.03432580988587348,0.022780400865832093,0.0065221855020919685,-0.014217893219172727,0.0019281774707999013,0.010458276433666496
Cldn8,-0.02584354671575093,0.003656877394325918,-0.0010627348960724615,0.005767058610382715,0.05874397637980168,-0.029162291389725852
Fos,0.003986214250471399,-0.030173550302828523,0.008480619829023345,0.030893534551289188,0.03987779575935913,0.04716210933408718
Uckl1os,-0.03595392171741836,0.019451941083872444,-0.008972840248730836,0.006291199658182087,0.0037680970873480582,0.011037233322904558
Chil4,-0.015933643679961317,-0.011038448327778623,-0.019830919374105898,-0.010014576256127755,0.0250966830726947,-0.05695657628277048
Aqp4,-0.035326829826074546,-0.003212798638599389,0.014432583237532512,0.006833434420725745,4.8864713990774854e-05,0.03944142603369676
H2ac23,-0.017811781300640924,-0.025680476747083545,0.021594690736177032,-0.019240814717130475,0.06688535810768248,-0.037577367263379194
Sh2d6,0.012204564434368187,0.02879707043122927,-0.042724642778855744,-0.01687343904286545,0.0045764562050631015,-0.033298950146972095
Serpinb11,-0.03347754814224972,0.024108680497053177,0.0033444820878783883,0.0009469938507041878,0.004459597926997112,0.012270815752288442
Gm49356,-0.03038455939640789,-0.03230445773133617,0.013463868011453689,0.010232902029876844,-0.005246545130243485,-0.012235724232137285
H2ac24,-0.017763780118802735,-0.025660120201557876,0.021534077620923207,-0.01899491775137151,0.0667321769586555,-0.03733864955455012
Svopl,-0.0300662637138851,0.025587367766233316,0.01596857090663769,0.017898031018600193,0.0011165145879261258,0.0025443286827656762
Cfap206,-0.02956278295502979,0.02518196108656763,0.01608567041389276,0.02843863551261478,0.02392805316690142,-0.011806505706921282
H3f3c,-0.029528776508629704,-0.032009836767018914,0.023767675218045597,0.006071443009861024,-0.004224269612696203,-0.00509671272892555
Aadacl4fm1,-0.024060121177012013,0.007427466219793922,-0.010527922550208233,0.0027140777114006663,0.02642414179163748,0.018818613794441236
Smtnl1,-0.02312888499339133,-0.0253098118089327,-0.05262796576260708,0.009118407992817046,0.0043659354004983225,0.004013608738333866
Nrap,-0.01980103877802905,-0.02268717070243526,-0.06206819688756341,0.009778998466622849,-0.013245680128819217,-0.001548190655671511
Or6y1,-0.03190767787646955,0.02649601167350964,0.007994463842090002,-0.007278803951073163,0.002077717620566658,0.0019510696339545771
Ric8b,-0.032318547514735306,0.027528043948300437,4.6789273820061117e-05,-0.0018370617842585328,0.0018831473949222418,0.02749038051422648
Tstd1,-0.03068925063963848,0.03204425002025046,0.00444326547044484,0.0002663209830289616,-0.00621630797078221,0.000500331441129795
ENSMUSG00000143602,0.02483964865108597,-0.0009933102751726825,0.03112101286896522,-0.014752134082761392,0.0031209672404530465,0.0007357173645389181
Sec14l2,-0.030234389253428924,0.03147557848779465,0.008504231209969347,-0.0022926848256531454,0.008990038975574549,-0.013315979947875613
Neat1,0.02439932352058281,0.03106433485897093,-0.031001580468160445,-0.006742768867218496,-0.00436279069760502,0.0031681582438447785
Ttll6,-0.031168088611949297,0.03014735852162547,-0.003119933266266422,0.0007117417430745587,0.009740102174343538,0.01801394753088617
Lrrn1,-0.03588947372360103,0.011315910557222556,0.010963256784563084,-0.001769177674465006,0.006141381599853914,0.03341651138598341
Ldhd,-0.03302615804600209,0.024846332694876773,0.004271238347699387,0.00939895377414507,-0.003323562259364923,0.010694222910610417
Pcolce2,-0.027016525112522945,0.021249292432748593,0.02265898636501843,0.0374470044454267,0.0432473055596053,-0.008395729145285956
Myom2,-0.014117696186818756,-0.021607994640645774,-0.0641067769329062,0.013271483883992062,-0.011660298000460718,0.013353351122940523
C330022C24Rik,-0.0314275501515295,0.026686093158857106,-1.056628879146278e-05,-0.0026115821437573,0.0009349927544162917,0.02152296610220396
Ucma,-0.01128864609701769,-0.011230158271706783,-0.007244702769201625,0.031666022844828334,0.06548631187904799,-0.04293060011325409
Or4c12,-0.028717099278367665,0.02862288304539598,0.014665022136938327,-0.008033152319770524,9.366708596236887e-05,0.006823728016228228
Gsta3,-0.025975450282486913,0.01961968815731369,0.008310400944512774,0.023107038758373884,-0.03400568487463775,-0.009970630954458928
Pde1c,-0.03441723061296638,0.021128911614929545,0.007939482821915558,-0.006436979048172476,-0.006009467202567509,0.021939189357157458
Actn2,-0.016733758157083237,-0.02566697270840681,-0.0578147799052818,0.022827694363001506,0.0020255092392915215,-0.008295341153472443
ENSMUSG00000142665,-0.011907584302719078,0.01535432293198305,0.046642140211393276,0.009329910006960441,-0.01198824858462051,-0.017241948456339164
Ap1m2,-0.033715338896882815,0.02354084097477801,-0.008314049596923395,0.0006971859801947342,0.00627652786263547,-0.0032188972801174744
Or5v1,-0.029710909793880004,0.023888058210782527,0.024772455581091667,-0.00847448074943198,-0.0010442119714383956,0.01994689294650734
Clic6,-0.009124401027195956,0.012777221268525936,0.02654652164388273,0.07435163741367849,0.04167165560336987,-0.034346894518598
F5,0.0066463337669187324,0.005937004211637149,0.02729469547718457,0.0647821902272626,0.04805385382346261,-0.05730321171122222
Gm11878,-0.027060459138216097,-0.03477734670885162,0.018728150160115656,-0.005911647517595777,-0.007337053447184091,-0.010056751607263362
Or4k44,-0.031940714888400445,0.026393820252199846,0.0015598147362218522,-0.0007118444681785858,0.011769482106698755,0.014133781647653032
Gm13589,-0.034552138833950585,0.022142609064197277,0.009817177034783351,-0.008065017865751995,-0.0003553469374015351,0.00844497036877796
Gypa,-0.004271995593606351,-0.024246227426968452,0.021774175428180147,-0.024441744156625034,0.07430185991459712,-0.051549638542673484
Sgcg,-0.0201652610212158,-0.028751116010036385,-0.0510605998088442,0.00989289846937476,0.016660515524797817,0.003142522948831569
Or4k15,-0.01720621535238773,0.02128278378490272,-0.02878387487065698,0.010742876008711476,-0.007964296636584014,-0.0050638989814111805
Gm11992,-0.03288115208231085,0.0248043658329597,0.007175265101005581,0.006687626902651085,-0.0051016302482847775,0.01305888686949444
Atp6v1g3,-0.01113100868007987,0.012176329166272674,-0.02879743216466671,-0.007392807009185049,0.03952673610047745,-0.03913166258591322
6430500D05Rik,-0.03374072550313109,0.02392611388955166,-0.0008579797608732232,-0.001944736303883398,0.007844615540551691,0.010040783490052031
Carns1,-0.027443593246512094,0.03391278411993791,-0.005529814615194844,-0.005123306437604617,0.006445506311421638,0.013654183281660272
Krt18,-0.034492763770872646,0.007130478524892295,0.022105436216465185,0.016979168090879845,0.015116255254359447,-0.01762413768067563
Gm7204,-0.03173987536086337,-0.023603140779734702,0.025242808440540648,-0.004473610132580326,-0.010859831142180768,-0.004245788589158024
Lingo2,-0.03358842287235806,0.02162997648523116,0.0046161634549066475,-0.0064778783945305595,0.00709989061037659,0.0140400089112865
Ctsg,-0.002234039238609859,-0.011816295546581776,0.013069266482686817,0.007048718971076455,0.09079728151474742,-0.011541875855658018
Cfap69,-0.03143093224424037,0.020891124772112118,0.016377825914041758,0.019116550510822006,0.012928775551846544,0.004805361476071778
Iglv1,-0.002887253221834071,-0.019020915366995666,-0.007541567440230761,-0.038509684722508396,0.005844707658721348,-0.00916228096603726
Cdh26,-0.03315085960526705,0.023603307539812185,0.0050457856318402265,-0.002983314904562499,-0.0043293093621686275,0.005270951980261763
Atp6v1b1,-0.0300752822020444,0.024015302986066345,-0.008740406619086353,0.0077952183442812064,0.006739447357384093,-0.008994550213877319
Igkj5,-0.0077560059564974115,-0.034200447489749985,0.006706086835931073,-0.05766585478100109,-0.026250972665513895,0.005410857328515049
Tnc,0.003703485254114501,-0.033166958318488544,0.011297724332564974,0.03214584855531787,-0.04394690858701767,0.015907250316994095
Apobec2,-0.01777795531911354,-0.02233675286352465,-0.05641028637969368,-0.009784162566091078,0.0014531669979233196,-0.018673369461581404
Cadps2,-0.03444900942814887,0.011678673316141301,0.009056990263624609,0.005868975388513202,0.005365601206188604,0.02888832722710528
Sec14l5,-0.03041012966860848,0.027729805225096285,-0.0014223364639163916,-0.009062873660757172,0.01658294162078281,0.013065558248941836
Fcnb,-0.0040652572352585,-0.0021150074583400963,0.012654044072600273,-0.012300486052315013,0.09404922131726154,-0.03236989568354952
Mat1a,-0.005667587759174691,0.021373363392264047,-0.006902902219016246,0.026088664693256176,-0.048395010429677185,-0.07924561855168731
Ctse,-0.003356704577055424,-0.0219699876852243,0.01377315279644897,-0.02985247025982247,0.09108884572390612,-0.02160118924402763
Gm6745,-0.026915662436458702,-0.03273730831856735,0.01983182671877059,0.0032268866500791025,-0.011120512040819597,-0.012181697303062504
Dcstamp,0.0006688823382667525,-0.024907720569874288,0.005258504431361047,0.046067746136920586,-0.05506921894052197,0.006533773376861061
Ear6,-0.003221655702349882,-0.013996716537975849,0.011743358544667667,-0.02840540457474402,0.07510789189627476,-0.026606597781121614
Lrguk,-0.032864700233460505,0.022442829207795868,0.007591912480996613,0.006721760309423972,-0.008575311606308166,0.01864474185342542
Cdkl4,-0.0335265262843645,0.01970461879245501,0.003103410359664669,0.013860016191972442,0.007344336207331161,0.0009153397772881964
Cpm,-0.029111980413466108,0.027376150165557066,0.010562885820459805,0.007831768059435152,0.011974166327902767,0.024600478992977123
Rd3,-0.028731908208368916,0.03007037075780961,0.007411018888329418,0.007376420475908104,0.005677386380886682,-0.0023507073328661054
Cebpd,-0.004248077495271492,-0.028979382640077243,0.007515812806164855,0.05166625818051153,0.01507793997278664,0.018616757363630627
Ly6a2,-0.009171494192729356,-0.013855580140965457,0.016613072979070564,-0.03203513157440603,0.07421713776996017,-0.03275825156651597
Pcp4,-0.0024782210017201727,-0.030679926102279906,0.026716339287532753,0.021376802803416667,0.036437693047855796,0.02366396116814512
AU021092,-0.03306574339776751,0.019115921867376925,-0.004326546459315271,-0.004034220172494436,0.02078511975761421,-0.00756256822652317
Cimap3,-0.03228745365809321,0.010834258741440651,0.02213275550716703,0.023518350668875053,0.007140857283503718,-0.007835135404959507
Slco1c1,-0.010376708249767694,-0.007235743901768447,0.04223179735773298,0.04776521824774932,0.0407206090503536,-0.05478552456463094
Gm4017,-0.011536962380731163,0.01118902367724219,0.0023832890561452788,-0.0821177378784088,-0.018051223462008412,-0.010856268688078968
Htr2c,-0.004946989830791391,0.00047644223487499336,0.03295636972221991,0.0661958398028904,0.041743045116428616,-0.03952307529719379
Ppia,-0.025981426954620735,-0.0322716921762685,0.025862848673238892,0.00475725087887343,-0.00837686034915141,-0.004114047715066169
Enkur,-0.0333107878928031,0.01727331745840762,0.017536780135570352,0.00017213461243377774,0.0033448491542976953,0.009433895012914383
Mgst3,-0.035248544360307554,-0.010694944260294995,0.004391190182361963,0.01044073545115142,0.004264848109871574,0.01651617182886234
Slc4a1,0.007442128730588295,-0.003944628192770712,0.01507428933567047,-0.011015530542120849,0.09132061221377791,-0.04268716775356189
A2m,0.006840419744968521,-0.012593827726455082,0.012605770157017143,0.07578002667672683,0.03477250726891318,0.001123155240774755
Calb1,-0.010716055118536728,-0.011529889138477812,0.024221702778656026,0.03157568623228948,0.024047246844610813,0.044704137262170464
Sumo2,-0.028393006549410495,-0.029094883711696655,0.021741483415492806,0.0057589401992576795,-0.008476355297582037,0.002308427388187772
ENSMUSG00000135935,-0.001523298428171217,0.0015368967715881179,-0.003179879031132546,-0.0039277272849335,-0.01734408213267388,-0.06399371595898783
Abca13,-0.027368495185081203,0.028233175699946322,0.005085941745750683,0.00375808393414274,0.01626104061094336,-0.0009059802103376872
Sost,-0.007679707591969425,-0.007468846673499594,-0.017446503400035424,0.0018704574625652568,0.06559896105661008,-0.06115764298354416
Gnmt,-0.0013859956937164028,0.02108617413659864,0.010253406051871196,0.039857883179585635,-0.034752423762240955,-0.07675941823823178
Lypd2,-0.035360419095385294,0.011565477227312665,0.0018527093231739682,-0.011392687465334112,-0.0010312858572525414,0.0038002858682594353
Ccdc40,-0.030613415242369213,0.025575051000357712,0.006466819512648911,0.004556773416701619,0.0034506757589711527,-0.00945948478592215
Pde4a,-0.024928085748126008,0.0357475701993059,-0.0015229447602084164,0.008153626336390137,0.006668998307703976,0.013157816357127258
Rpl23a-ps3,-0.024090872554455866,-0.03564945470981964,0.018443619396004023,-0.003908856440167463,-0.00852689473142589,-0.004633056738341767
Faim2,-0.031063857769706667,0.021160604012853888,0.013475119879828768,0.0005028513049840606,0.00788279522882844,0.020523148272557325
Plekhb1,-0.013940061009462015,0.03128322774335094,-0.00012398185171013122,-0.04752527476322074,-0.014517533929084798,-0.04378196633250481
Stmn4,-0.03019207760888998,0.010178329117841958,0.021525703377690695,0.0001785514483749587,0.006903518847275763,0.04277695914796516
Galm,-0.03267050514956463,0.01823106524856863,0.01336643355908869,0.007887797014761694,-0.0015070281116293792,0.0036935481825102635
Fam131c,-0.029670282097664407,0.02720119787369214,0.0010285140969097887,-0.00404140322334578,0.009331332205478734,0.00021979146089698784
Ccdc33,-0.03102577725417486,0.024406883908591897,-0.00026507501688559907,0.006870132552171446,-0.004703272082986564,0.010149241945861405
Ncapg2,-0.03240596750151139,0.011380096430027322,0.006734344845556708,-0.006703305053804706,0.011241682287484851,0.023722378274812096
Timp1,0.0035157685666231168,-0.024859124005601894,0.006483163991061706,0.037361760201592036,-0.0593910071073931,0.0026837976911827347
Ano2,-0.031832214693686585,0.021673220895984217,0.006149381602197547,-0.009033759408559194,-0.000594877116357619,0.012702216316922067
Gm13341,-0.025844524074057594,-0.032452663150598346,0.017294111128413406,-0.0014942117015743592,-0.012161397951112993,-0.007073157297771663
Yipf7,-0.02014206862734427,-0.02437038202638848,-0.04928263567392896,0.007706024490852704,0.006978800246465847,-0.015372860817241964
ENSMUSG00000128869,-0.027688123484269512,-0.0284530758199843,0.02172838207612776,0.005789286856349368,-0.0081189685821219,0.0023234380631915502
Gpr155,-0.03072751993281471,0.01823036143486396,0.0026341366781794753,0.00715897166382923,0.0026180087620567317,0.03255811255548123
Gm10221,-0.024995416867342555,-0.034047168369393054,0.015923446810304623,0.0026199272913008127,-0.008332817323931554,-0.006105257337385478
Mt2,-0.026327934463679085,-0.024948580225193143,0.008361131420849223,0.020382071345259406,-0.025294518617475156,0.008465892869596989
Esrp1,-0.031735603015928746,0.022150118191903927,-0.003295433512216265,0.0028045640247153026,0.013392326091044253,0.0013384843767111226
Elovl3,-0.014842432469594102,0.019250777326394738,-0.01487115241357233,0.02309472540564707,-0.01086293426209503,-0.018661448930599178
Ifitm6,-0.0033322049016103663,-0.014482447357341999,0.023641122693844514,-0.026968244460238683,0.07354007975231402,-0.034075593860497765
Ptprn,0.010437084964296593,0.02465770844264422,-0.03112531874097905,-0.008072454143199502,0.005979255841838294,-0.025815160845865028
Plac8,-0.013150562579677335,-0.015836095877045417,0.018464969094707382,-0.025878330251686715,0.06914775537718602,-0.025157580309746422
Dpys,-0.027981840369380565,0.027250622656324216,0.0069870646447805,0.016505065336619353,-0.0062965941388795615,-0.002858605230961704
Gm10736,-0.023515002814902392,-0.03480751437555075,0.01760747935832716,-0.006972324040127983,-0.010307151524889731,-0.005275503940187822
Scn4b,-0.029731231714895886,0.010776238530989203,-0.016227932556740744,0.014490573308385284,0.012054725137252083,0.03368925265349366
Mt1,-0.02476674779120461,-0.02841368144972458,0.01706482229569826,0.01351334893666746,-0.03125266426908133,0.0030712202298628574
Dnajb13,-0.031349985065508214,0.019686120265725526,0.00752143092786449,0.002171870167656466,0.0029182656776693063,0.00797928141656857
Gm6278,-0.024146714912288942,-0.031394387249219946,0.01969472131076927,0.009590782921650972,-0.005840625913177375,-0.020151327114705474
Or12e1,-0.029453425180288165,0.02426141463175761,0.002727738690388104,-0.0005861589454078964,0.0056336944702397775,0.004786650616468094
Gm7589,-0.025109716386812826,-0.03228860571814065,0.019705960588569826,-0.0019321375538862559,-0.007438917367045414,-0.008855715936926927
Gm8203,-0.025566514736460363,-0.03001667142120864,0.024346686150966298,0.0031466509349401136,0.001644093825767294,0.0009331015237075426
Gm16136,-0.03187100174568661,0.019773232721205437,-0.00340345122974026,0.005569230989394255,0.013778488736265181,0.014489459102805736
Dcdc2a,-0.032865425626929734,0.015159948149342566,0.007341427610527639,-0.015116375131176338,-0.0035691948583501413,0.0039944662538949315
Smyd1,-0.01949088751767075,-0.024408360421883674,-0.0506460977067932,0.0050897573497424775,0.010050852578625329,-0.0001310508551819733
mt-Nd5,-0.027207164052632883,-0.028029250324430557,0.013988058820318332,-0.007599398067002413,-0.008516574315906541,-0.014021673065985793
Nr4a2,0.013492604363768878,-0.022686393888180195,0.006133913034338195,0.03140864506233548,-0.016522411686455983,0.026312391365518186
Sptlc3,-0.021293061275702702,0.01280314190798597,0.002302258784965826,0.009886070044977225,0.029704927621971522,0.017636761803174132
Ctxn3,-0.03323287858540178,0.009230809496530063,0.010544762843604042,0.0050417595441875785,-0.0027986067967478148,0.015343200368174697
Rpl31-ps9,-0.02210253100541249,-0.03598711378923922,0.015832611031397416,-0.009871629177851485,-0.011755962124765216,-0.007262903089561954
Prtn3,0.005362991828703618,0.0025778003993552306,0.007529825142295117,0.006025986895415664,0.08480302883866088,-0.002885694794682952
Or4l1,-0.030195220715699314,0.022145272271753287,0.007865397948961328,1.7425652508309242e-05,-0.00044873364498265234,0.014946992524743408
Mmp12,-0.0001048379985390391,-0.005534467833403985,-0.0025812233059418323,-0.016447321941312106,-0.06158181144327105,-0.05746096931868322
Igkj2,-0.017100975943239893,-0.02873918852346965,-0.012904014446901589,-0.010541871961643936,-0.014192042274919851,-0.036341020045198506
ENSMUSG00000128770,0.003835329199428094,-0.017408785041525668,0.003857263543398747,0.05212138294407466,-0.011708117936486224,0.021287391572517113
H3f5,-0.026581597101921248,-0.028751143038739164,0.020687909834674358,0.006057239918112398,-0.007037839935425109,-0.005307306718329817
Fabp3-ps1,-0.020567547899415298,-0.03127526710488432,-0.02907422593434406,0.020037524889701185,0.00933921458816191,0.0035205671262435925
Or2y14,-0.02944182746082542,0.017756220694698965,-0.00909948938818472,-0.005483945614012988,0.014526732159695079,-0.010586176690263256
Zbed5,-0.028439504453612402,-0.0243952819797302,0.01852725271088971,0.00896920545222777,-0.004540699830869835,-0.011959931782220523
Resp18,-0.0167742314863384,-0.014573456552031466,0.02121689533618857,-0.0004156508016604323,0.021558987626693782,0.014630866551915759
Or13a26,-0.029531709952688362,0.01955680375695556,-0.0024824708119710825,-0.002020627745867396,0.01322160987267551,0.002916679240719668
Igkv19-93,-0.01754348218091068,-0.02079068148323257,-0.024446425424326627,-0.0032791985753784832,0.03898269332083114,-0.013596071843773271
Rhd,-0.00714066562739998,-0.0210599041585046,0.01488346787145704,-0.02279570692636844,0.07457632007286688,-0.03469803034364176
Ces1e,-0.027665422121267533,0.02756633341188225,0.0011934785615254288,-0.0003353054225751679,-0.005128280649683508,-0.015453204629680195
Or13a1,-0.03138308775426231,0.015398300152260206,-0.0010802458336014809,0.0033170081555066533,0.007332684561513412,-0.009542053078981262
Gm31557,-0.03132713171146705,0.020762736584361542,0.001707890755576402,0.007028696524858696,-0.003943417799897346,-0.0007942604820758356
Npy,-0.015222997867408395,-0.011070198720645989,0.011746602578714077,-0.0010505307158322394,-0.027206006747936003,0.034760159321169375
Or12j5,-0.016863660802980386,0.021014394284495242,-0.029885571238311835,0.005713569840476837,-0.01851723302332831,-0.019281991360071644
Arg1,0.007330599552504904,0.015920448676705223,-0.012346527446856137,0.037168182659823995,-0.031663703070223315,-0.0613528968480281
Mylf-ps,-0.018282689748929222,-0.02776673392441564,-0.041244528630137424,0.0020229402517970107,0.01855743466282024,-0.0034299049921355323
Gm6863,-0.024884233748116776,-0.030208973294324083,0.022582663757346497,0.0023456371840883707,-0.009881852188578226,-0.005123222470156717
Slc44a4,-0.03084145605213654,0.0198071543385135,0.0024501038797623597,0.015775825948933498,-4.934382540654988e-06,0.00834849012842998
Asb5,-0.019430947617718165,-0.02794505043753759,-0.03981036505631852,-0.0002367977613336058,0.012665727820885668,0.007151296438530434
Calcr,0.004099682099145796,-0.017519153527240452,0.01118991067295073,0.05538368055326636,-0.05065328841977761,0.019200683830300002
Tulp1,0.010846685206706733,0.02933250107829184,-0.01692234600226033,-0.0010244264640226319,0.0035649110618777517,-0.030645913080168615
Or2ag1,-0.02903494576049245,0.02308663706784783,0.007801384468124491,0.004124153653728351,0.013878502146361384,0.012767340455749104
Hspb7,-0.012897930227315642,-0.010388228110501739,-0.05943518159397147,0.03514999658453337,-0.004302302117682107,-0.0022319209967820554
Hemgn,-0.004448043628146862,-0.015787334134189195,0.010239302639043529,-0.021117344179701743,0.08152346824033757,-0.025364022358687958
Lrrc10b,-0.02885326649633906,0.024060145211248166,0.0022523670301768956,0.010330744547067906,-0.00011265458590995003,0.004161312392077787
Plp1,-0.009042251010720129,-0.0021563664273798254,0.02335792528545826,0.017682977836263786,-0.005602590803010656,0.0540212728284675
Col9a3,0.005122556828720394,0.012451902514593868,0.021465898097872076,0.05168026614372188,0.04104422379485695,-0.056742842331245505
5430401F13Rik,-0.00586334700134748,0.003308501954861542,-0.04351281660246692,-0.01181994286443137,0.01578388104090505,-0.009517943543068463
Prrc2a,0.019178126349113804,0.034517814701825335,-0.01746436932064046,0.015983468949191882,0.005815983848387981,-0.014709802252415962
Dhrs7c,-0.010248185719676145,-0.026742820130302478,-0.05004196607483224,0.006722197775782073,0.014160882297950098,-0.0024167395201057026
Mepe,-0.00023889160180490455,-0.02653606263375264,0.0009923925195507147,0.01789964833136623,0.037942097570001,-0.035870810427326566
Rps6,-0.02324152111477481,-0.03287198487928942,0.018931252467370218,-0.0002473462670245402,-0.0046067869921872584,-0.006418106144968706
Stmnd1,-0.029867839083439707,0.0218180778353733,0.0035851688314059867,0.004213120590381908,-0.0007732949088184568,0.01693291581903994
Slc15a2,-0.02929018172785075,0.013632074927744962,0.012657774888412682,-0.014021833523249625,0.009891842573152634,0.03151670328888467
Gm53533,-0.014760488311795819,-0.01639349895903821,-0.04958288973322622,0.020952362104956566,0.017471900989606284,-0.008897766748946519
Vsnl1,-0.014020609660320303,-0.0231101334895026,0.02509760617658617,0.0004025359010833537,0.013897012502218429,0.06528473429931685
Tst,-0.03209157498190372,0.015603729417693992,0.006599649852305532,-0.007154841386633318,0.0034289567398308844,0.0037382268751987445
Synpo2l,-0.018982699665085083,-0.019570603039155476,-0.04935695452093241,0.0074542969573801856,0.0034553761861796607,0.007431000023175187
Myt1l,-0.029908338970988563,0.004018009046516681,0.025878888938606202,-0.004152319400405853,0.00959556150049018,0.035292592584233146
Pomc,-0.004361699206239012,0.005040085428315634,0.012851442414267996,-0.016606289703940503,-0.007102437642805747,-0.06258805414056505
Igha,0.010261643432532634,0.001855601267394024,-0.02396021670779274,0.0206325911290532,0.03391851963659909,-0.03631936567471237
Nmrk2,-0.014013682759030673,-0.02070344519914999,-0.056258906700794975,0.01704362337600953,-0.00234631994472563,-0.0018194833957749525
Gm6619,-0.00591384154014424,0.0021396368633754786,-0.04188298510427121,-0.0017454153299589425,0.0059379603290085434,-0.01043331188942463
Slc9b2,0.00514052257554458,-0.02302146115850803,0.006734507896588894,0.043146539660482555,-0.04754192288407353,-0.004136726754222368
Atp5po,-0.027308545875324997,-0.02592614974831389,0.01879973389942032,0.007953813408897288,-0.006089464874477767,-0.0018749443459536693
Gm15427,-0.023873967101656977,-0.03139122300343189,0.017131659191179475,-0.003926721431702464,-0.00737671997820743,-0.011917871656579208
Or8h6,-0.029039624115027505,0.021275446690803397,-0.0034724430190158566,-0.0037100578267166436,0.006288016229202768,0.007425290112740916
Trim54,-0.01712782506316625,-0.02362915230134694,-0.051177353075995545,0.0031627927080193977,0.008475734183891446,-0.007481824691140888
Fbp1,-0.008400509901994074,0.024681119587514767,0.0032809416248864446,0.014041029774999075,-0.021559973488413466,-0.07331053745029735
Rasef,-0.026258727704765013,0.025949694221307006,0.004582932742975441,0.005204663825762143,0.005735374701796241,0.0002509472632903561
5330413P13Rik,-0.030545999817656603,0.0173606352824502,0.0017293311573900036,-0.01447263892800522,-0.006655418951925441,0.003688931354850457
Elapor1,-0.03010835147316369,0.01874170373401628,0.010757273789626128,-0.0044570964676089895,0.008401509765932636,0.005050105440302695
Slc26a4,0.0030025907658930134,0.007965017371837196,-0.036584850144102406,-0.01304753093880661,0.025184740376838325,-0.04049129014827955
Cox6c2,-0.022804392597102773,-0.03320988123666592,0.013168112431814049,-0.0012510924329427015,-0.007787377225661063,-0.004449133904177358
Mpz,0.016996057649190884,0.030241697192151765,-0.018036993449242932,-0.019294046109322636,-0.006210786346931721,0.003866647804447533
BC051077,-0.03032547508188012,0.020347033160484425,-0.00165889985292234,-0.0009998873865804299,-0.002852800674592667,0.00851324963365805
Slc29a4,0.006963611653293086,0.013999537936705112,0.005588168615486808,0.047090426260317994,0.04237817858961998,-0.055669323159428796
Ttll7,-0.031437827963215474,0.009922030371717025,0.008494397294180077,0.002729370513852237,0.005145727413899536,0.028031530419432273
mt-Nd3,-0.022787914525404115,-0.03173024282056596,0.011126197130962778,-0.009896741692205781,-0.011896345913013875,-0.003727985034333576
Igkj1,-0.01636673478330876,-0.013133204205656574,-0.01436795283016421,-0.004339935187706103,0.02740845049670576,-0.021282697118479788
Mmp8,-0.001956353479751038,-0.00754125256425813,0.02139979010570161,-0.02977080833986539,0.06578651911086399,-0.03629038632503933
Cnr1,-0.006577224170419645,-0.02517238478214571,0.015566929008632773,0.019932566176990983,0.009756960063973558,0.017959860834762503
Gm28439,-0.02534136060294078,-0.027020774886078344,0.013387221472339823,-0.007831003829742153,-0.00643629472591206,-0.008001232851226272
Kcna5,-0.02684208684790508,0.0241558791554121,0.0037251489680190106,0.0016415822472911875,0.0050859753885462945,0.026818473325284874
Rab25,-0.02684821533825692,0.02487009349852408,0.00036258340142637183,-0.00334903763536938,0.015617928671276616,0.0014807515703439576
Or2y3,-0.027913829280820233,0.021202867510503185,0.012414804463761912,-0.00673048073950569,0.006712529500584678,0.016206149307069463
Gm28438,-0.022650491240351078,-0.031675578175284186,0.011024197985242476,-0.009871193178268194,-0.011836936437853362,-0.0037165934443291935
Rpl17-ps10,-0.024199069211154996,-0.029082292053447877,0.02067728680870199,0.0034871097384218514,-0.0003960807760176815,-0.00867729343824439
ENSMUSG00000138098,-0.022647327332931563,-0.03166983501774756,0.011020050260669757,-0.009867353175093881,-0.011826422396754199,-0.0037170011826135533
Cacna1s,-0.014546292647172936,-0.01766351862924577,-0.057942573773926795,0.005564419430234702,0.001589615066044073,-0.011932792383226502
Bglap3,0.002077702434771571,-0.02324134161372945,0.005409020658123038,-0.02885594517741023,-0.020259546515674094,-0.01234855490534973
Gm10222,-0.025501135598406766,-0.026628778336068904,0.011615692320970164,-0.010463314916923393,-0.006341098087307422,-0.006815058286687127
Mogat1,-0.019821428182197048,-0.007272571802176993,0.0012482821910958393,-0.05018219919425384,-0.02369257708349332,-0.04403175551454986
Or12k7,-0.02742655224857324,0.022683891082021894,0.008716466733580898,-0.004731455136706261,0.016751607013388996,0.009676798535251151
Kcnj13,-0.009485696525807918,-0.00791531306105788,0.029776534201940093,0.054216140018688644,0.03812917386259885,-0.04151864183143154
H2-Q10,0.006577946458378099,0.008419703335839017,-0.0036124072670529,0.030781413297084267,-0.04898857104890751,-0.07138610089618416
Or8g54,-0.022370599858906985,0.016940852864343412,0.004288048105585123,0.014612170674940288,-0.02842207658987418,0.016520670369386512
Gm45717,-0.021832091860996047,-0.02833266621882443,0.020760254974105382,0.00880353687338384,-0.011762201932100343,-0.018637007574196722
mt-Nd4l,-0.02539716312615478,-0.026526083028745203,0.011448892960633702,-0.010529307269245199,-0.006543210539746938,-0.006619291843481345
Ccl8,-0.015601510071897813,-0.022530768454428717,0.007989575096159022,-0.05389380207247681,-0.010356310181067797,-0.02747458163622265
Foxj1,-0.01592315697597099,0.02067276455281717,0.016912070215275587,0.04685342558990608,0.027326097110749913,-0.02478487524229158
Stmn2,-0.024909863563328964,-0.009420053799518548,0.02060861655696319,0.010838493658559975,0.007936857859111605,0.03850296256115349
Vpreb3,-0.018882157762060172,0.013118241403871774,0.02463931763731996,-0.03495816398876608,0.043104109065900446,-0.022959529364667924
Hspg2,0.02568339549946904,0.02539539859855231,-0.019221106203930808,0.0007689042354868322,-0.005041575962167314,-0.009712292506899539
Cd109,0.00394115179453028,-0.027573970161968154,0.00448577434366949,0.035672288154508916,-0.0460176150830784,0.007062867343412232
Fmn2,-0.026373524359851293,0.022942167962230083,0.00838349664967175,0.0192826460299763,0.00797727867954349,0.015149794287476695
Atp5mg,-0.02267453789931514,-0.031717036120300475,0.013898253029248022,0.0019183526553477966,-0.008279070151879992,-0.003704968225072413
Gm3362,-0.021571354230670733,-0.03246776021436687,0.015915641597282686,-0.004436805126062311,-0.007822001045771704,-0.0037239017621789757
Gm29094,-0.016399838174516648,-0.027845738784793145,0.01960815744536553,0.01801737070344192,-0.04277277353390313,-0.010381614409106399
Vwa3a,-0.020172594710777425,0.03075679458378763,0.012949111582434836,0.017075187878607925,0.015432052525912631,0.010232001778333553
Ndufa4,-0.024533290489837847,-0.029276081186777596,0.01399026050689018,-8.836306338843339e-05,-0.0019400364013114164,0.004209977702092177
H3f3a-ps2,-0.024213605795860377,-0.026670451598268072,0.0203255544583875,0.007529926599331732,-0.011782129743612209,-0.0012633112946088857
Dmkn,-0.021137571420182317,0.011648923589643789,-0.022976018085671106,-0.007792184027950263,0.029922474207733644,-0.023239409759444975
Slc37a2,0.012304187735784072,-0.018086127440635286,0.0025046115489673147,0.042864265838394124,-0.04001731196662145,0.0010985915443852013
Mog,-0.002384815506599815,-0.017587202575053203,0.019409455237044022,0.02261554905161596,0.0031353381092563528,0.03544536456728322
Iglc3,0.005613732814043394,-0.004527684743316019,-0.003213045884863078,-0.060139542735052426,-0.01696365231098908,-0.0028129463897160895
Tent5c,0.015008090288964382,0.001832314153123988,0.028642587812617772,-0.00247706825915018,0.03119198225155526,-0.02080217944621208
Per1,0.02363986871329078,0.008410445652706877,-0.021260739326917657,0.03100814427032589,0.015160931548195221,0.02339929120012968
Postn,-0.013624977475222445,-0.02384592005495823,0.014971332835689858,-0.01631916170913804,-0.03934217954302824,0.0003808399984895199
Ccr1,-0.0011544594169768984,-0.023128996370144823,-0.0016668738720757822,0.04106064889366123,-0.03985271136648578,0.0038380078773909195
Rpl19-ps1,-0.023038909210333157,-0.029673068439736095,0.018263568171540373,-0.003233467029661184,-0.005952590595269746,-0.007787163186775324
Fosl2,0.016010187231574418,-0.0161702665204419,0.0036041858010257798,0.0376537267707887,-0.024204251438727592,0.009024536413606931
Ppp1r3a,-0.011062690802215221,-0.02667284718881323,-0.048819309628362555,0.002747297108158491,0.008418914934265843,0.017288053908021187
Or2b11,-0.0269144037559308,0.021757762215505187,0.009966587850059704,-0.0029288757440384047,0.0014127181580150445,0.01532723088433425
Rps23,-0.02114799289482524,-0.031613038674580436,0.018412240944556645,-0.007871856421647153,-0.009099099410159257,-0.007318228881674709
Kcnh4,-0.024399678888483847,0.02775559616031508,-0.00022457576088449373,-0.0017384116710269125,0.01064372343902859,0.012993425479810578
Smtnl2,-0.01835276858726253,-0.014275127633504721,-0.04802933352364358,-0.010553441559456464,0.005295593711745271,-0.006243800467947147
Adamdec1,-0.027029129441550143,0.01802870161431386,-0.001025862623046529,-0.004654082185500169,0.0021948761984588424,0.012264270331510573
Iglc2,-0.008547879959229102,-0.015068417769977072,-0.008567987234042925,-0.0457475152285171,-0.005872730225212319,-0.018629944679514936
Fbxo40,-0.014494628985273225,-0.023498284309468896,-0.04733979458712004,0.00724554863415344,0.001808389711787437,0.002802430882374611
Or14p1,-0.028267605793598598,0.014557540392897316,-0.008085799276131771,0.0037073686556987947,0.008473158604266865,0.030612541613103523
ENSMUSG00000128004,0.012924101513848216,-0.00044706151668547577,-0.015696443981428276,-0.03791638881714676,-0.004323926799978135,0.03103857212970261
Kcnmb2,-0.029685251599757326,0.014898125309742376,0.010721252040771616,-0.0019466827491528462,-0.0004518444572205995,0.0185299539503824
Sult1b1,-0.025877702880416836,0.023031999724536786,0.002378691200422901,0.006430660873871443,-0.015079781521126972,-0.0002863191201972741
Or2p2,-0.02733320147037968,0.021272689417728415,0.011861945985930707,-0.0012233704460590169,-0.0010529611692157237,0.010771048813743224
Arl14epl,-0.0262305938955803,0.024911006841941825,-0.0005537112324847829,-0.0033858918644279934,-0.009327790240741504,0.010051470696674725
Ppp1r14c,-0.03129850094008029,0.0035573174935266197,-0.0094821087856343,0.0003055199408535338,0.006127513160646365,0.010273405032329088
Rpl7-ps9,-0.022552655083725157,-0.028913513672252394,0.021300865278672903,-0.0019630301292761065,-0.005052126431491972,-0.007120100436192539
Reg3g,-0.026768879137653457,0.011388033980662978,0.0037770977037279592,-0.002886401549752183,0.0059777987746429655,0.03433586240477013
Or4d10c,-0.02698546945856934,0.01866549121963107,0.005817499648258872,0.0037519316436964343,0.012489201899123475,0.01106310765772043
Defb11,-0.013576945970341347,-0.006914750582065589,0.03814750230441141,0.012629367920594001,0.030358216067104794,-0.04634135064554169
Gm11716,-0.024015428165951654,-0.011856591588849774,-0.03296552717169119,0.01082428585085418,0.02389854293275371,0.015127113573903735
Hrk,-0.02750302427602065,0.018722138715624878,0.004997790455353099,-0.01204432425272269,0.011239729347521151,0.007404901969570715
H2ac11,-0.016598701986936613,-0.020753547006023103,0.017893958484032156,-0.00937843437261395,0.05167036535747687,-0.030939115085218752
Dusp1,-0.0017637599947211452,-0.018209348045298383,0.005816556913755366,0.025929558719506002,0.02891709998001737,0.03926013544372292
Rps18-ps6,-0.02254782579307668,-0.02777732815286116,0.01697431078541557,0.007858033519260458,-0.008511372124478778,-0.01705725260314192
Gm8894,-0.022877040677246063,-0.026835026084226592,0.02090838377966058,0.01102667070203068,-0.00980388329497954,-0.009985191792173215
Gal3st2,-0.026945493883593005,0.021403513648466575,-0.0032065669648767736,0.006491132336797165,-0.011960165580145109,0.004514927451896029
Lmod3,-0.014702886754195624,-0.02050986754415162,-0.05250888424852201,0.006862496744665175,0.0003197245338470714,-0.006776302767128684
Tyro3,-0.026131389955039514,0.024269190446808305,0.006162181479482216,0.0052414409181580504,0.014829916749718805,-0.006297676668607333
Gm5776,-0.024711440992385775,-0.026076561919720628,0.015966073599740446,0.004171285616087191,-0.001766576910055281,-0.009208538463011935
Galnt14,-0.027278139519503624,0.022356082303216344,0.008339988831006504,0.0034210978034843,-0.0015034233168781514,0.005827916258463476
Slco1b2,0.006808030865606528,0.015985400957801515,0.0007979051805924101,0.03410655727007971,-0.02960869874810275,-0.06989729560425433
Kcnk10,-0.02846755368050312,0.007468215474861442,0.018882925528369073,0.007818585595364677,-0.002523966905477225,0.027290578810671096
Ccdc184,-0.026833617196387296,0.019393573601223187,0.016364958630345063,-0.00978426854459433,-0.0001297628944780552,0.01913275915413532
Apol11b,0.005345752817630771,-0.00817300086581897,0.01947815088900014,-0.00873718385780172,0.06493345690923584,-0.01909347226945969
Cyb5a,-0.02979904733730928,-0.00611873874226627,0.01878950063193988,-0.006185043725966315,-0.007034230259686803,0.01132265760262451
Ndufa5,-0.022920115677224354,-0.02976918053430447,0.010629269407353812,-0.006915616638298974,-0.008085184594158638,0.0032502584451902287
Gm28661,-0.022311463828665817,-0.02950675032561573,0.014307424022283218,-0.0015539863417822644,-0.010563222266620924,-0.007468154029805302
mt-Co2,-0.022311402627116984,-0.0295065774362987,0.014306740674515492,-0.001552771617490088,-0.010563832068773307,-0.007468165969529428
Fxyd3,-0.014588680085328152,0.009109900941873882,-0.02005268664021392,-0.005988219852180165,0.02868042243773419,-0.019718840985698136
Nek10,-0.026619123500473955,0.018464002004822226,0.008209728799830661,0.011376954091167821,0.010145918934142779,0.011924461761420703
Spa17,-0.030417335006099323,-0.0033145835474758176,0.01387498430698536,0.006831004976004204,-0.007859005422342745,0.006728728794280552
Ppp1r17,0.0033137345955099613,-0.017676203795637304,0.01368400581625564,0.022495643760038757,0.02995795672740066,0.027956213048617923
Dct,0.007228262685434808,-0.010061349830477092,-0.00983210303810615,0.008665572507920188,-0.02924318929186789,-0.054473036139831336
Spint2,-0.012340377102299202,0.025372744943406352,0.013836518070832799,0.041512174129734625,0.02720868562514959,-0.021902501179511376
Sp8,-0.025645034713099233,0.018525033212588637,0.0005526191537436812,-0.007096216505692264,0.017870544101126356,-0.0018302165479406318
Them6,-0.025917625101490545,0.022500563898882355,0.008519181678790008,0.0027212251614535604,0.0073259906318736655,0.0052821915920144985
Krt8,-0.02725814638189338,0.01646130572522466,0.007955144965609718,0.01013434705175086,0.013869947926016991,-0.01361942668562128
Gm42674,-0.017693405974977046,-0.027903647183990354,0.018316370160100237,0.0009979490474601946,-0.036507909219919796,-0.0029395221750660766
Spmip6,-0.027744520175164197,0.016178234883647898,0.0034149382262177856,0.0066680811793164525,0.0018558508150047582,0.0012789659740454454
Ndp,-0.02865515086381247,0.014384096221387043,0.005616858485756019,0.007197070517900658,0.006665862731036643,0.020846371989700904
Eif3m,-0.022560099575303742,-0.02873722432699984,0.017060555911149362,-0.001336824129047871,-0.002180751346633416,0.00407349530644594
Errfi1,0.010849167505588137,-0.020744790171752264,-0.0032655405972591128,0.03644302834983816,0.007501974887077411,0.032402992870149395
Omg,-0.005379427526655878,-0.026863198970827843,0.016443967234210054,0.004276711699114402,0.005536761839762429,0.04518510346117648
Gm10269,-0.019450573371518568,-0.03238779336671121,0.015695827330797336,-0.006250781917115807,-0.010022780045218511,-0.005677130082172998
Pdc,0.00634693025703309,-0.009119309594739774,-0.014525088498368645,0.024601718759951218,0.020353780651326803,0.02450070644826405
Camk2a,0.004476151236645386,-0.002512116589828817,0.002179030367983807,-0.00929047634260317,0.02219138809697794,0.026345632049005172
Mt3,-0.00389632200181612,-0.004834553051488159,0.02064028196513021,0.06292047543461388,0.004505159434181849,-0.03287955135816284
Ndufb4c,-0.02338246150888049,-0.02857439256313462,0.010990396965174292,-0.0026555282273250337,-0.011491909770360383,0.001480435471810974
Or4c10,-0.02402076109828177,0.01969127325681592,0.011679961001939403,0.0019189981152116396,0.010065454102144928,0.01693928870908505
Gal3st2b,-0.027719003131383778,0.020103965451388855,0.0006561454452968764,0.008401894576545384,9.175932108395665e-05,0.0052901209136894545
Spink4,-0.014791139986631313,-0.02741403836118824,0.0077304868033494815,-0.04129557859446144,-0.010271788513099948,0.005643682930950951
Spock1,-0.027942315107538383,0.005426416458157067,0.016730572773082906,0.0025602118699906387,0.002898283570727427,0.03809788741064473
Foxi1,-0.013683931285433014,0.01721944317320756,-0.025818097847924708,0.002513200693467578,0.016888463447902527,-0.015150801022316307
Atp6-ps,-0.02222124859993465,-0.0282657187466314,0.01585390767840447,0.00040250515175739744,-0.00709929939421989,-0.009854462596924954
Emx2,-0.027032163890083182,0.02066888141887479,0.0005609364018814113,-0.007696328243479743,-0.005157363490978278,0.0074903156209104645
Rps27a,-0.02003262135444333,-0.031003550610856696,0.016664341263169447,-0.010721787370769328,-0.008414312702864113,-0.006481189334690295
Ephx4,-0.030208013278975928,0.004747620357760141,0.007441003921840983,-0.008171344225366762,0.0027880157298478783,0.015602712015110534
Or4a68,-0.02659527388193046,0.01949077813641631,-0.006133052659933991,-0.0020600573457176937,0.008345207511163253,-0.01039126959612476
Fkbp5,0.0073907716927062985,-0.013920080639778296,-0.005621636833956977,0.04928727217556278,-0.0012417080808980606,0.02727817863505409
Gpm6a,-0.025194087255240853,-0.008762868956409901,0.029169296762130332,0.013231053982832655,0.017976920739643736,0.01999500835172811
ENSMUSG00000138434,-0.02931630258804176,0.014805526156882501,0.0013147461116895425,0.002487482828679385,-0.0015769974780714012,-0.0035677482099213714
Cyp1a1,-0.027532428450164136,0.015257228965348025,0.002396061193488732,0.005624539054201132,0.017056648385423933,0.02138038748211926
Tle2,0.021656528926090574,0.028324609046973714,-0.018805038867976912,-0.008241076699365144,-0.004073945325096553,0.003089175812303315
Sypl2,-0.014415924434993664,-0.023287282338679043,-0.04734117556527948,0.005043822299897103,0.006634286390155528,-0.0074821461591823065
Mbp,0.002069781751913603,-0.0011160611230240439,0.023101433557394895,0.01858100324953245,-0.0050745556919090055,0.02737122567223995
mt-Atp6,-0.022035996891422622,-0.028108481760039033,0.015718469121827186,0.0003077703174030512,-0.007074068916136813,-0.009884932413205615
Serpine2,-0.008971161247168923,-0.011997656123653003,0.01548370027006657,0.04485381698524897,-0.04048921251649167,0.019373579777227673
Mbd6,0.01832679649465306,0.03100987261151009,-0.02307353069619558,0.00827427059646316,-0.002260539266439521,-0.008380129239478127
Tagln3,-0.001266418526472482,-0.026129305413736648,0.017396190465309228,0.019202774846265272,0.007072100106364484,0.02931236578949256
Ndufc2,-0.02300408788827213,-0.027972973061012707,0.015107445499816264,0.0012357512097458843,-0.006504626863203656,0.003162339377796371
Tfrc,-0.0039132862586658095,-0.02301418007908843,0.011174048485635595,0.04429799515994269,-0.023249426143568477,0.010091341287799926
Rgs8,0.0043336035458216874,-0.006649203858836721,0.009555997953277617,0.021514192380556546,0.028325481094222563,0.01797810858944013
Uchl1,-0.025968799938165994,0.0028383820086864313,0.005721370678140256,0.009298847954396441,-0.005870376495578993,0.022890368531482137
Ddit4,0.003060165750373608,-0.008218901767763,-0.010266074751998916,0.04245626296249238,0.024707603768449677,0.03361251363699606
St8sia6,-0.00738322425003738,-0.008773435505192453,0.011055924979442936,0.038488107845233,-0.04547209224514895,0.03590655760354469
Slc38a4,0.008644009985392732,-0.00840284567791018,-0.01152632595323753,0.03921494869922302,-0.06096786429547496,-0.04270063898280849
Ifi27l2a,-0.022992839353782636,-0.015680852368454984,0.011647122212152725,-0.016941617453468328,0.0011292877942608594,-0.02002725150935777
Mgst1,-0.026854319748577868,0.0015642110608614557,0.01451836205979668,-0.004040551078509822,-0.017825484464736207,-0.01539606966068672
Rit2,-0.00395705735415275,-0.02619659519662198,0.02459334565417062,0.0165532821202816,0.005597038164360128,0.03328493042170023
Bcl2a1b,-0.009980444633787017,-0.02636011015441411,0.013637918413431479,0.01653752809196574,-0.05200354011488591,-0.0015619878821468457
Gm4613,-0.020772019866598098,-0.029842260782061772,0.016055845612178644,0.0016725466481974968,-0.006405179710280488,-0.008463186398532059
Prss46,0.0033580914105140825,-0.016883057009129277,0.0028515495546259286,0.04294685851275591,-0.05747785398482931,0.011687046516355408
Ankrd1,-0.016977250489696494,-0.008776650602720794,-0.024442142887309035,0.013716410011111931,-0.006128877955973214,-0.00017755936942589635
Bglap2,-0.001604545203268348,-0.029307122053632246,0.0016646925154894143,-0.025357840318424557,-0.014675646153478298,-0.014043137199787677
Sox11,-0.024713128785492488,0.02321460904570706,0.0013206302424572287,-0.005697294589848068,0.014158166774066805,0.014844280498930787
A2ml1,-0.024592628159841673,0.011589540838119151,9.951954507143317e-05,0.010954375714221734,-0.0015901220728807674,0.013513836799026853
Ndufb4b,-0.02289059388681249,-0.028108361161011133,0.010703935157835453,-0.0029402279089444645,-0.011589245910879772,0.001719365446598107
Rpl22l1,-0.01854214309066849,-0.03226705873288619,0.014609775156482851,-0.009350035851821814,-0.009482333125670008,-0.0008691459635078867
Anks4b,-0.02706301533819056,0.019700049903559922,-0.003760982317204649,0.0034777532188992374,-0.0018631480330548475,3.039715744800804e-05
Per2,0.013306479488958125,-0.001551151131945909,-0.020840537040691276,0.03165359169232558,0.007988379740832639,0.06952615323276694
Gad1,-0.005386686568058427,-0.025231556705096175,0.0203323961304151,-0.00425686152622884,0.008630291297815873,0.025438259016913805
Adss1,-0.011976126082710642,-0.02013743191548888,-0.05152774856210841,0.01693702358906043,0.0008866147983232349,0.009796147715139543
Tmem213,-0.02375512624447357,0.020804407957854452,-0.012315226446498408,-0.0012228148694191227,0.01857097105496784,0.0022754468383381966
Gm49948,-0.009994131472750887,-0.024734367196683673,0.025028514239135154,0.021987007772767513,0.022945969595488787,0.012151413159085165
Abra,-0.01358828609277797,-0.02415604660212277,-0.043484569836715004,0.016234287155638145,-0.0026316962977504426,0.008581600814099968
Chn2,0.0004060803615237638,-0.022533331599015112,0.008329839176137945,0.03276546952758134,0.0011278268211171402,0.008369521964496227
Fabp4,-0.011710822453151151,-0.03410776945727201,-0.0010032660229272136,-0.012259899876041277,0.019174486079432885,-0.008204974431577873
Rgn,-0.0073055750539635644,0.01746073564261675,-0.010140017666153607,0.020571812959627032,-0.040302568950093695,-0.04861057366063755
Prr33,-0.014023657120854655,-0.01960688983579449,-0.0487623748357729,0.0007057465717832751,0.008394165842601041,-0.0003239222823623588
Meig1,-0.02900157048384731,-5.0329930881576715e-05,0.012371491546068572,-0.011077216571671187,-7.997188018945183e-05,-0.005873805959950435
Slc5a1,-0.026154186768263362,0.017470753844676012,-0.0018561383737059605,0.004766757754179631,0.01587676629723304,0.012821248862369058
Mfsd4a,-0.028011406361940546,0.010644195555194576,0.007916014079595404,0.002523277505119698,0.012493862256587659,0.01870784165160283
Pex5l,-0.026104929582513387,0.011375407572471246,0.017497664779688275,0.0018076514316908451,0.004155291040735098,0.03392042358124568
4833415N18Rik,6.818358655813194e-06,-0.02322209759644364,0.0019218539914371139,0.03757430217855877,-0.039911190249291684,0.015402959851883688
Gm28437,-0.022068415881003323,-0.02777352732144027,0.013523757556819364,0.000233076580399856,-0.010867522113328865,-0.00836761295529314
mt-Co3,-0.022067473143278192,-0.027772938641146203,0.013523795202037194,0.0002335996176948611,-0.010866936498364798,-0.008366855455364015
Car2,-0.015746788573432723,-0.016705229797044727,0.034031274162804874,0.0164552761472912,0.044578173183090194,-0.028134122829337437
Or2w2,-0.026076769967780813,0.015692147009870015,-0.014508536273040523,0.0034487917494954307,0.010582184246149264,0.017465085347867025
Ly6c2,-0.0002644415525024179,-0.015273274300911266,-0.00031993378016818163,-0.03577649474580989,0.054513020592728445,-0.01813538050056885
Kcna1,0.02038100714327212,0.027963597534859986,-0.006271970519450493,0.0011477417032537997,0.013229956052774034,0.011095928032366949
Fbp2,-0.029118651703873285,0.010502944708988798,-0.01289754907992433,0.0057539746418594296,0.008258210144836122,-0.0017373006727893652
Gm14633,-0.02011950215978197,-0.030048704316684563,0.015088256081746092,-0.00732992233016338,-0.009345875409521786,-0.007484289866220587
Bglap,-0.0009542693199521914,-0.027792514839607048,-0.0005434982961623838,-0.02407549892110497,-0.01383481842711146,-0.018272496288088427
Smim22,-0.022893285299500903,0.0013169787994747216,0.02174061634192222,0.0250545885498934,0.030876987123822763,-0.012476898484687004
Timm8b,-0.021959162313173988,-0.028713910393319664,0.01080610239030012,-0.00401487096051678,-0.008342836071245353,-0.00027750813028665233
Ccl12,-0.014922341656557394,-0.008345461627133347,-0.006451855332738361,-0.03037157511516524,0.03640500025541819,-0.005335842793930959
Calb2,-0.025963531669571382,-0.007051876498312367,0.013261260908613987,0.01252758009229193,-0.005674007135106076,0.0009448730159774098
Hmgn2,-0.024024024844664926,-0.023383058524786882,0.015165718085719811,0.007572359724208897,0.008424314771649767,-0.00038429397000896146
Gm43175,-0.025083280125045817,0.011381248067922133,0.018369398532576603,-0.002914853703668038,0.0038498718240439914,0.035850482205098656
Gm12013,-0.017838112386669422,-0.03240623104361352,0.01396429768011385,-0.009167920813284396,-0.008532106855449145,-0.004661955236240531
BC051076,-0.008136414409473564,-0.001068508812580774,-0.03839745655702689,0.0014221358377230397,0.001312996472446742,0.011802491647506814
Jsrp1,-0.013968550579677863,-0.018610742110560925,-0.05189614488764245,0.0033490634420824455,0.002364695075666076,-0.0028120580713699057
S100a6,-0.01650863477970066,-0.02675067429363199,0.018993601022860383,-0.006473999921700346,-0.03373837823796922,0.004255307152801776
Ass1,0.0075362222123243495,0.022457164175421814,-0.008793310002992048,0.024076717976054013,-0.037733644747136294,-0.05699555755783835
Rps7,-0.02002651205718718,-0.029642002220774982,0.01739658126798941,-0.005707457149036131,-0.007670081081383794,-0.003924535667082399
Pdlim3,-0.015446429793079901,-0.004839709691541178,-0.050018979494555575,0.007815338631651906,-0.008377312206701881,0.026678250912377032
Pfdn4,-0.02224752265442653,-0.026104580723976187,0.018184624239304083,-0.007062654129712443,-0.007953926010849668,0.011918826680877058
Gm42583,-0.0057319078701254965,-0.02326215232888529,0.01581794507524571,0.020549581710325206,-0.013701645224394767,0.01868831474960122
Igkv6-17,-0.005367980619679693,-0.01068230355443466,4.130626024483594e-05,-0.009574911728912951,-0.014404470643853078,-0.04889350635066666
ENSMUSG00000135265,-0.013477779822405512,-0.004529011706612842,-0.02427513197633494,5.1444411973097865e-05,0.03853358755885791,-0.03489931590513445
Lamp5,0.003234548450579265,-0.011179938528986433,0.018274271700712868,-0.012413300005013887,0.005177698203652223,0.053404957672499975
Ms4a3,-0.004664265130415938,-0.007568001808141915,0.010332323195826207,-0.0023791875146971543,0.07869286993492967,-0.004115310689633494
Col11a2,0.02599455448894346,0.003614311269973782,-0.015106933099471,-0.015438788289969379,-0.00868719701093464,0.0008702830182040676
Rps15a-ps7,-0.019138849847417597,-0.03063291702702597,0.017628625317485658,-0.0024575957558205367,-0.006969605984890667,-0.0029391243307201886
Gm49839,0.01146199064751227,-0.007586056161877645,-0.01697742501711545,0.04101569464113287,0.02942570272119096,0.017243816145082243
Ppp1r42,-0.02837896258071564,0.010111458802396008,0.012325343502296821,-0.004743844006290366,0.011868594205208274,-0.0004090815330218303
Ear2,-0.012886717360001045,-0.012258023649803025,0.0028388831224506225,-0.01611002520435023,0.054687972929462245,-0.031975930308939464
Rpl36a,-0.018591364215099538,-0.031095414775248215,0.015751001859424345,-0.010154879694958858,-0.007192307205972873,-0.004076742783005662
Glo1-ps,-0.0233294468310593,-0.023825822002917645,0.011984204696162513,-0.00317128033458965,-0.009812960439919296,-0.021240184382225583
Slc14a2,-0.025308088542146837,0.016957044591141092,0.007156348464497012,0.01501744443355334,-0.014929368538689976,0.01311437133676851
Or11g7,-0.02245598329584032,0.01997957599357739,-0.009333078409144692,-0.008241286080480281,0.006058926353888784,-0.012468859307290817
Drc1,-0.023762865236967943,0.023181586436597804,0.0036578495166667674,0.004026073290902544,-0.0007703537069143749,-0.003098221788139984
Atp5pb-ps,-0.023123869853329704,-0.024836468303174344,0.01530648473801226,0.010442497978773644,-0.0053725170775673625,-0.0006233025295848118
Nrgn,0.01583962618264276,-0.00624584264845873,0.020749779212325063,-0.010219192715863662,0.009475348333877231,0.029290642852757627
Eng,0.02310979726513474,0.02283304718743743,-0.016495678861025362,0.016136934497342485,-0.00174826956927912,-0.00825034711404465
Gm9493,-0.019963245782543843,-0.02925992630589313,0.017182142418511376,-0.004824651050714502,-0.008117663976003896,-0.001924675169599522
Or4z4,-0.02466604822413114,0.017761775227915593,-0.020320744472826755,0.0025311764626734278,0.009947826467328847,0.005659886591831971
Or4k42,-0.024850768443050737,0.015872176342364812,-0.004240711018781996,-0.007894641502498261,0.020867326998565795,0.021205610436118044
Pkib,-0.02707895653303219,0.00618747121798373,0.012580894531235365,-0.009932181588428133,-0.0026483974253554005,0.01361698656686476
Rps7-ps3,-0.01957681534289435,-0.02952021261173984,0.01703444347592723,-0.0053434483334756375,-0.008856472319204271,-0.003102438721481053
ENSMUSG00000121769,-0.01957681534289435,-0.02952021261173984,0.01703444347592723,-0.0053434483334756375,-0.008856472319204271,-0.003102438721481053
Nqo1,-0.02503984511290085,0.00018366181805105314,0.018618365182123543,-0.0002675129724995523,-0.010134139306847941,0.012199628385861153
Pygm,0.003572201947870601,-0.001881399519417897,-0.05916972573871231,0.0026782135654375917,0.011698100138972309,-0.005013373559088747
Sv2c,-0.024627602899959612,0.012827630241654673,0.01000533903897453,0.009870994170894645,0.016376818597142708,0.032507397776492725
Ccdc152,0.02399993948159177,0.017814860362550314,-0.014481760480884093,-0.009637803128990097,0.002393762152974889,0.014822670854466428
Myf6,-0.013710812689265862,-0.02475017220913532,-0.04203366685966162,0.0008257513011454619,0.0017602793295666834,0.0012885108556183376
Fmo5,-0.018641712286746638,0.025411834515812717,0.00808145572862013,2.553688943682646e-05,-0.006380568459995355,0.0014994640821282686
Col7a1,0.017601465697250122,0.027174695395819615,-0.02770110916389179,-0.006058276747369161,-0.002977499452508184,0.002952794596135118
Nipal1,-0.02145447308445188,0.021765402182038276,0.003144428337147139,-0.0029995237995550958,0.00474448522577747,0.004990821122378024
Notch3,0.02313575825634498,0.02350974057793524,-0.014341513583160439,0.003280927560578534,0.0012317486579564473,0.0016016080790834577
mt-Nd2,-0.021304164720702394,-0.027016675074276533,0.008537137836607913,0.0034086674744416385,-0.01129364954348707,-0.011846370726474695
Pcp4l1,-0.015523891840470047,0.02939855261544994,0.007563699946146021,0.02286445961977311,0.02329417179941373,-0.010835715626630727
Calm1,-0.027694321407063606,0.006502518310540543,0.015140134286963067,0.0028149611189945073,-0.003818628238844368,0.028493032635763523
Ostn,-0.014654021649338671,-0.01302050107515515,0.016587073965649228,-0.04808884066333433,-0.0034680146191013693,-0.001909486200130745
Six3os1,-0.011239087713366095,0.023006033125475236,0.019711366070298317,0.03754942420702578,0.02261566059778514,-0.020264252854371063
Cox7b,-0.021029461561026513,-0.02890110431712163,0.009139469442996538,-0.0012782781716502512,-0.007289629860713094,-0.0033280017748707597
Igkv5-39,-0.011056129919952466,-0.021152840915106105,-0.02390764739052794,0.014042230842220975,0.014820977045670133,-0.0038171177721833096
Cdc42bpb,0.015893113029746466,0.028385183400268514,-0.01562530455164238,0.018918825884279195,0.007823579542243969,-0.01841790463335006
Rps15a,-0.018301715187046867,-0.03085423481566497,0.01606236880788825,-0.005656650131843122,-0.006349782162036774,-0.0015011648835510957
Gm42722,-0.021810656037298926,0.02207755537634109,0.012818994571204055,0.009943595851056858,6.960109648084946e-05,0.010512701060127897
Dsc3,-0.02592615160726993,0.01517452281480012,-0.0013504426897277377,0.008961183710953467,0.004628043162735075,0.011487522122168317
Fosb,0.007121270764197633,-0.011218367026697339,0.0129405729092195,0.02822773629476163,0.05917417543550278,0.018991986677800072
Lrrc39,-0.009355046085100571,-0.018470112314988747,-0.046582332533425336,0.013165423359848962,0.0028130945639829653,0.009710392284388868
A830018L16Rik,-0.025148453843931298,0.014630398959256793,0.01293661410033975,0.0132534330913627,0.008573533422582434,0.01872559593504126
ENSMUSG00000134946,-0.0245472823347566,0.021330635801236533,0.0018591358337647233,0.008828851414500329,-0.0035903173970867662,0.00978854472367826
Or9s27,-0.026904474752614066,0.015151370157171539,-0.0038067664372323563,0.0028842830651549635,0.01127506226452602,0.00252253631707583
Rpl35a,-0.018984025490506488,-0.02956435051776354,0.016339640661983162,-0.007984161029262858,-0.006518217140009293,-0.008399897728482287
Rpl21,-0.019732961233173422,-0.028828261024912257,0.015619769082858706,-0.008566893577193301,-0.008048915757820395,-0.00502181826544099
Ano5,-0.013962168375884444,-0.016591217820722825,-0.046374045397572485,0.008417492225030956,0.014330054539239787,0.0008089398958434803
Crocc,0.01571753437245923,0.03145142206185625,-0.019621929744924597,-0.0012990103894164639,-0.003140458880942896,-3.675029578425786e-05
Fgf12,-0.027575743029931758,-3.1803050424259224e-05,0.005349383295098361,-0.01937900038349274,0.008053023003922934,0.012660899793787374
Ndrg4,-0.0035534018495638254,-0.02519002164676895,0.01508241480288119,-0.0029851795207641446,0.02282566892666013,0.038080253989516234
Prss8,-0.022485516371230523,0.02229418914571856,-0.007152062510070536,1.674648952364314e-05,0.018374180079871325,-0.009272081719542899
Lsm5,-0.019569343081794865,-0.02890800126547775,0.014271320669099618,-0.001998835053282671,-0.0026697804555513684,0.005064431732029036
Gm49383,-0.02032024506135807,-0.028220228106813558,0.015928885064271665,-0.003655572421666144,-0.008373201929273247,-0.003495329214567417
Lrriq1,-0.02010306908617692,0.01700258294034588,0.013026044094186643,0.028883384528368663,0.006660725867468849,-0.00737946415222929
Gm32468,-0.007674177662494928,-0.009291287351340018,0.02119253191497618,0.058996083833880185,0.026879951153706783,0.0020961207915114436
Gria2,-0.00012381128518789276,-0.027444819785236902,0.021928578933751493,0.0036275602522048956,0.003705347839974073,0.034304318490583796
Or2t26,-0.02654794641255498,0.014283938148799117,0.011794097002031975,0.004242687808328213,0.0074332477282723864,0.0006421116258642084
Or7r1,-0.0272234122517017,0.01591437920115481,-0.006037081248259039,0.0005057174051599312,0.0014417053402657513,0.0015488463892708963
Tmprss2,-0.025003864472024233,0.021871492056544626,0.004340760320236759,-0.003754749363374361,0.0074250886649623845,0.0010458491563222812
Asb15,-0.011338639407889048,-0.018344059524595092,-0.045515125780581527,0.009832187046413286,0.004599063633578192,0.005488892776629328
Polr2k,-0.02065314407442467,-0.027740235494178606,0.011864476245546806,-0.0053432587363517825,-0.007438447338552166,0.008605141014258846
Ptpa,0.017870733271256798,0.028228925788378774,-0.01806432583407137,0.004239269133567042,0.006775393490441195,-0.01382445041281351
Cck,-0.0012974161663697975,-0.02415102530090947,0.007860967185822205,-0.01432722166353657,0.008916090061707056,0.037347396022364046
Cfap90,-0.02799519696280589,0.010026406434448822,0.00882549021826965,-0.008645772230647948,0.0017620991058755146,0.012288359830120554
Rtl8c,-0.021005872510704713,-0.019733476676870247,0.009498380432180764,0.011017204201133364,0.0017530537975545446,-0.020967756253566033
Ppp1r1b,0.006490139891508655,0.015056843217728178,0.01481491132443013,0.05026466838396757,0.02479626324422028,-0.0365069450098962
Rps12,-0.01731086756866073,-0.03048506899631031,0.017154804534297005,-0.00841625246067456,-0.008145324955652799,-0.003864470971356537
Cfap65,-0.0020203844261582195,0.02595960848516914,0.008683716597289188,0.04559508369887148,0.017343920732853884,-0.006411121532196444
Gm7027,-0.01984353419195966,-0.02784840877355421,0.018348314234918794,-0.0008136850476317282,-0.004754947640403328,-0.008000524205865642
Igkj4,-0.02038257417565381,0.001672880365226122,0.00245962251394118,0.002305231222867754,-0.011129312052695987,0.0196856986941343
Ecm1,0.021974854605020966,0.009040523617811396,-0.0085002697104229,0.03182077094023994,-0.02401120291142542,-0.0032369977334497225
Gm12338,-0.021084590062238482,-0.02774675331207403,0.008457505138959064,0.003945763607581559,-0.010276495568090486,-0.0060832494303363965
Atp8b3,-0.023851897995011192,0.020023440612867986,0.005671547168142019,0.009658967105153843,-0.0014486224482544597,0.02234775400370133
Atp5mk,-0.019737665911443273,-0.0294144526344416,0.00994667819644471,-0.005256346707573405,-0.006953891616382446,0.0028681777899798792
Gm13835,-0.021137968732792122,-0.02622702049770407,0.01702302001994949,-0.00024341484414335866,-0.008675661097026414,0.0011636064494991247
Liat1,-0.026847948796099374,0.013307044117232747,0.012726671293288496,0.009084542700782152,0.0026420895678519515,-0.004390302843042619
Naca,-0.020350195506595167,-0.02735607903709047,0.01736459721327689,0.0017939483775604203,-0.005885826112894402,1.9317934830563923e-05
Rpl31-ps8,-0.01711296086843369,-0.030833605599024344,0.012798363867921353,-0.01288469488586815,-0.010946098698323458,-0.005769593585887981
Mstn,-0.018000486468779543,-0.01553093438422494,-0.04097288223260039,0.003845782865297901,0.007130349459855502,0.006472543792396947
1700057H21Rik,-0.027830578869327088,0.010220726596504078,0.006195600041790049,-0.008622890926964303,0.0006352695123652616,0.014391786337252336
Lrrc14b,-0.012312693964133332,-0.022302716091893868,-0.04375594586274824,0.012993355380366039,0.001994126637517697,-0.013529766373746078
Gldn,-0.021169010440827033,0.024815564998603,-0.007221645403882729,-0.009971064956179453,0.009935527798508913,0.015413669512085889
Necab1,-0.026062534150083902,0.0017279137177560206,0.002141202682754006,2.9404700026755216e-05,0.0021119861908453588,0.028282174714584944
Chga,-0.02132154351772982,0.025025611293276375,-0.004836044402297246,-0.002923620693293214,-0.0017611510940698074,0.004875211927482855
Kcnj15,-0.0102423146957978,0.015357283811980905,0.016164372438108702,0.01953931268111391,-0.04294780008955488,-0.0013844255800919156
1110002E22Rik,-0.013558778788875164,-0.016954125766162065,-0.04517968281934588,-0.012512138565238277,0.008024067108092198,-0.0026406011076824313
Cldn23,-0.022086558392004706,0.013022409178279954,0.0009535926134817987,0.004171074430442407,0.0408334055954561,-0.009802534197762034
Crtam,-0.002076445025271287,-0.01732827049900871,0.010793686071610065,0.03039280209110346,0.0035670496331214542,0.006993195329752
Vgll2,-0.012744458884359822,-0.018588636112393534,-0.03985457790665655,0.010151122469702695,-0.0195069297935614,-0.006622414459171809
Uqcrb,-0.019864540081647602,-0.029149273936263837,0.008851861010213196,-0.003477412364078475,-0.008514036926521824,0.00018128474376987594
Fabp5,-0.021619747990960274,-0.01889831943239395,0.014785336794218193,0.007228861771360964,-0.016839791576455588,0.005516617854402473
Gm15884,-0.02494455039371261,0.020659219393449717,0.002879324780972379,0.0029786648661915636,-0.0045303102758037644,0.004708605987692176
Rnf183,-0.02170038670775621,0.024099026624498057,0.009701730730243658,-0.005109679184872676,-3.948504281024869e-05,0.0024403186792968253
Rps25,-0.018749658820856465,-0.02925370002122218,0.012206751392183086,-0.009550419152028958,-0.009715216923053379,-0.0049282736718512165
Rps24-ps3,-0.019452535017202767,-0.02764699999202223,0.01743082613483691,-0.010028604534666906,-0.006646130368953796,-0.006580259122488615
Cfap100,-0.02533529142844597,0.016089566016649532,-0.005767801588012176,0.007012109189940713,0.008097359322311676,0.014540999659304714
Gm6252,-0.018990861437297817,-0.028237882520610998,0.01784137168439864,-0.005897518858976739,-0.010059164745063316,-0.0035251125744850133
Drc7,0.0009638466280370937,0.01698361666184297,0.01658404716992347,0.05200815287115541,0.026259151761072203,-0.038589054017963205
Cyp4a12b,-0.026504679784593654,0.007724837999751735,0.006479354386346967,0.008816921174613501,0.013907750513366474,0.0029257565325812467
Mrpl42,-0.020410011292434048,-0.02809540996135033,0.010262584192467547,0.006626245568465223,-0.0007548181690325397,0.0013063562532025408
Gm45713,-0.01973353221301387,-0.028018038157372308,0.01323093389535377,-0.005856507039637525,-0.006972772777367037,-0.009686731211239615
Rps6-ps4,-0.01924738018367745,-0.028445705027492812,0.01638499292804054,-0.002782553588081875,-0.004879190963625324,-0.0029457318275766496
Tpm2,-0.006172557325945688,-0.020536949313262793,-0.05042119920677763,0.005560912820170174,0.004763441430471442,0.009320811378114316
Rpl26,-0.018795506409921472,-0.0285644451083767,0.01411018729501714,-0.009942212854546982,-0.009466775515284468,-0.008108881709813292
Rps19-ps4,-0.020580037838428246,-0.02594326797231056,0.016886242643992997,0.0022139513630394835,-0.005052143385503271,-0.014565869588835987
Igkv4-70,-0.0035490760652891105,-0.022387300800745566,-0.0030774190168145602,-0.03044051568638561,-0.036926791513958585,0.003573250941243311
Rarg,0.013759706430865755,0.03140389800333027,-0.014017735955358428,-0.0010385220552275654,-0.0027928514439174166,-0.015596645274143317
Mcf2l,-0.011890374780142394,0.029313171928916543,-0.01081757253535205,0.007194869538822969,0.006361446165281322,-0.002381955517988691
Scgn,-0.02559112020234251,0.010735633949488798,0.00934380128683862,-0.0009304748673979722,-0.011833846859678178,0.015773032705387432
Vat1l,-0.0025415014258262105,0.002334981014590368,0.023627506486363574,0.055703112973999616,0.037022773008756185,-0.03174909986612013
Bhmt,-0.0012499351602612947,0.0068002191325344016,0.010672206923418779,0.03875052754605342,-0.018102222334202726,-0.07481082656526115
Sik1,0.018439490867514563,-0.007532671226776865,-0.000730602363388717,0.041689766316427845,0.01740666094211568,0.016734972310182006
Gm10123,-0.019944123277719144,-0.02632743631890183,0.020247464215346293,0.0008711429786708846,-0.007503788895577896,-0.0018762455602566433
Nptx2,-0.024636785467957983,0.012389746727080845,0.015680304797552367,-0.0002567911595130104,-0.005151108684250214,0.009631205597909353
Rps15a-ps6,-0.018128466339306405,-0.029117799652161196,0.01696078674117271,-0.004309589024028111,-0.007911799474232763,-0.0035223324534245292
Adcyap1,0.0016143345964071665,0.0033638297362009613,-0.017094091704713484,-0.017286114746930526,0.023574009714928745,0.03176353484277479
Gm4617,-0.023864155518296692,-0.018566551464507766,0.01627275929035764,0.008913497486707764,-0.0026154536359446986,-0.006671473648077029
Gm7392,-0.018581353142960874,-0.027780586122591402,0.013674843316751631,-0.0005154999906954213,-0.01573965575344762,-0.011276832473313772
Rsph1,-0.021130579046781017,0.009711865421423235,0.01716721365514099,0.03398273434454793,0.019679465730830598,-0.007403271526866978
Or6c33,-0.024297942352508463,0.019046221141151856,-0.008230829340367223,-0.002992763396128176,-0.0004324798684039894,0.01802836826431176
3425401B19Rik,-0.0061580547151518375,-0.00636572832120322,-0.04957934122138835,0.015108151927622925,0.00034775264127245273,0.0021796444929499054
Rpl13,-0.019149930892807587,-0.02786931265741164,0.015500467319600902,0.0007320876636344132,-0.006347404075112424,-0.012241396377547627
Tmc5,-0.024895685728592215,0.017983868146336117,0.005887106770448631,-0.012717636916174398,-0.008931035208733475,-0.0023044623935746774
mt-Co1,-0.020313093529233148,-0.025382632505663628,0.007280122479916779,-0.004200995397483448,-0.007117084973984153,-0.009256434720032024
A430108G06Rik,-0.023995614795613095,0.0154868120804769,0.0042539064887481175,-0.0011737685359131211,0.0033476092457953243,0.0047297442147653315
Ank1,-0.014296165906689598,-0.01520660112965383,-0.03429032628550774,0.018911390541992427,0.029660645804614288,0.015076368088777862
D930020B18Rik,-0.025159470558225507,0.016699165677774516,0.008578581360520985,0.005877679844989819,-0.009212512192342908,0.005117601700351484
Flrt1,-0.007844114823223976,0.035946671961167256,0.005891995404130444,0.002352041455339618,0.0006377912567709406,0.007553776807793079
Grid2,-9.162199216069396e-05,-0.008762125758896221,0.018088475103526853,0.019821712177576008,0.040297589667196924,0.019572384064029943
Rps17,-0.0175937262062039,-0.029664094216674614,0.013428339342691054,-0.011107013682647974,-0.009438729423388314,-0.0033302883502191252
Gm15344,-0.021880865373606815,-0.022019527566892575,0.018185420321147918,-0.0003390584778215944,-0.005393743560209151,-0.014184004723576962
Gm44386,-0.015439175219780745,-0.025839959905643386,-0.023148043430984908,0.015512631598789905,0.012994107680542235,0.0011316056664477199
Gm10432,-0.02302650883622369,0.01928520198060614,0.009423790784707255,-0.006511025833397121,-0.0011165594833161432,0.01971922134717574
Wee2,-0.024600441306430427,0.015473919478652407,-0.0010831902097611962,0.006568762912367203,0.0024665291225151914,0.025931993747161215
Gm19935,-0.011619422566312385,-0.010588828776717494,0.030944645192055996,0.03185260292106945,0.021463868092199467,-0.042506454556785
Atp5l-ps1,-0.01928169302478786,-0.028324552052785914,0.012298643065173292,0.0019832442563779995,-0.009823411168053164,-0.004005679787951733
Ggt7,-0.022735731087497275,0.020973028002432,0.0038336531263602953,0.012702407176198907,0.013803088356856891,0.01486746727135953
Kcnd2,-0.008684307727716743,-0.021268205999117794,0.021943253199002446,0.007512613134811668,-0.001838692955391789,0.027150202556931173
Gm42616,-0.023372638563015403,0.012800880911016157,0.015528556278245165,-0.005594278231934239,0.003188130152365057,0.028601822728522224
Hp,0.006616571228390545,0.006700501473773356,0.008462282777287443,0.014512825508284874,0.023590420273285263,-0.06470635023016384
Ltbp2,0.022174183591102337,0.019778397521262713,-0.0164108988466231,-0.0192525105972224,-0.004118551921575477,-0.005740640339417086
Acsbg1,-0.0186895600950856,0.007044237888827556,0.0064226828781545516,0.010119203498068788,0.023733309823694093,0.013897525779406079
Gm29538,-0.011667749555429196,-0.00758262111924895,0.021934761704403855,0.04536809529693171,0.01787916409333502,-0.031752963570833515
Rsad2,0.012656773978950436,0.0038733421832856498,0.021316990616460973,-0.022136843117178586,0.03813916129727533,-0.027461431297601174
Rps18-ps3,-0.01952537426188937,-0.026548261589051065,0.01532359902190047,0.0019692556246249933,-0.009935737627238928,-0.01211047771244825
Gm28037,-0.0187334932857216,-0.028661695824758967,0.014379643784962464,-0.005523692126737445,-0.006898956599267886,0.00040767280330956517
Atp5l2-ps,-0.020046191053783375,-0.027576682954240917,0.0114884951238288,0.0006626071371607246,-0.007115464626417667,-0.0008498703701144831
Tmem233,-0.012068489542820192,-0.015070777258616034,-0.04638377393876368,0.0009742403407604718,0.013544260170679818,-0.016602555441936957
A730049H05Rik,0.010922197970730059,-0.01545934259934292,0.0009397069109086812,0.04118261757779855,-0.01812774931221038,0.01611592791221231
Gabrp,-0.02276260616385509,0.02054344520059947,-0.0022603382633000287,0.0029478415878043452,0.0011313655301377957,0.005675427787374278
Gm56730,0.012217371497052357,-0.01023727250082932,-0.001610332189653155,0.042323330926118986,-0.005365230200476658,0.004453916340572074
Mzb1,0.002123814906483677,-0.00985808289667918,-0.0016097633733008192,-0.03625545057284402,0.016745859503773913,-0.000543256575644603
Rec114,0.0018435748324667535,-0.018593809792269864,0.034883786943763095,-0.008206032738696563,0.01844375601651247,-0.007975056908045465
Dbi,-0.02103544572889704,-0.014228567428700486,-0.015837670728741145,-0.003265549161502695,0.007859572159749221,-0.02217552777337509
Rplp1,-0.018454764100926706,-0.028001192204268496,0.015699936659289114,-0.007989458795972782,-0.008644666572457594,-0.00931352498712437
Or6b9,-0.024830412085237435,0.01246048504274335,-0.014573671849276498,0.00228790788933725,0.005650717023533011,0.007844018551833745
Rpl19,-0.019566547958906496,-0.02743973971738119,0.013960860751798419,-0.006968160150038793,-0.006217687825765039,-0.005367644827242757
C3,0.00871641162370396,0.011520155417766041,-0.012955992945269609,0.0031459695055099566,-0.0012097483833738995,-0.06021381225856517
Gngt2,-0.017153544896107323,-0.020488423226525446,0.0053255552351231285,-0.029887778882447185,-0.03050291476137171,0.0011054897569126873
Six3,-0.011080710554694699,0.02249170735106412,0.00930936841536561,0.04298748372037278,0.028093483481453352,-0.01246482378128156
Hmgn3,-0.02623638138865297,-0.007138895656794231,0.01573249636391378,-0.007411175707778745,-0.0022640681618649847,0.01929004030901937
Spock3,0.00023874550739279323,-0.018950566265099163,0.013086475149733158,0.0004134292142650281,0.019099395377245896,0.03796661614888288
Uqcr10,-0.018175667692949062,-0.029347085911491565,0.01020178132651489,-0.0008526831614901918,-0.009454123656593103,-0.004187046189365716
Rpl36,-0.017868691317383365,-0.02874854990915933,0.01427271980146234,-0.008376808038956402,-0.009851668965279581,-0.003752645457800652
Cox6c,-0.019050593750343802,-0.02864500558085406,0.009148040937152586,-0.004128783124908663,-0.0074942201143278495,-0.0006320692071032208
Rpl39-ps,-0.016097117793124574,-0.030209212696014794,0.012374995680506963,-0.012637639057041692,-0.012100127050183443,-0.00041975959579903556
Cacng6,-0.014293986308746431,-0.01753366907356143,-0.04430388972746612,0.0020406206800838073,0.008754878949599147,-0.002641023445523575
Cldn13,-0.005085351482631256,-0.011369864081462323,0.008713736783462918,-0.021218164889421125,0.06486796454338209,-0.02206888360772888
Gm6563,-0.019961950293489603,-0.02494703497831286,0.01995295894874299,0.003266053047752308,-0.003039327965781104,0.002242581324134935
Gm42912,-0.022173749297385824,0.0035192926984229465,0.010749939149716545,0.02001823464288464,0.004282441576789764,0.016572808535300795
Snx10,-0.004852105548141635,-0.021305432384081478,0.012850811760398002,0.029689041882940383,-0.041612526865040515,0.0187307031729089
Cycs,-0.021515754963791975,-0.024210702598125973,0.006270871053867719,0.014691671334283871,-0.003121864338925785,0.010799273369180953
Or2b4,-0.020127800364349583,0.013947254370071275,-0.014377470510900261,-0.005551487180543232,0.016521407285178744,0.007131145831486841
Gm6061,-0.01928274151070521,-0.026137708739562615,0.019790003639634058,0.0018745283290465147,-0.007097346380107263,-0.0012972530577906468
Nr2e1,-0.023827599975369797,0.01698247450347423,-0.00046072505656488336,0.011110283521068591,0.005026584687777398,0.0032936556070026113
Rpl35,-0.01688722159373984,-0.02961179132821568,0.01324132191886739,-0.009489885975258265,-0.010595741812631903,-0.004072840015492301
Gm10180,-0.018537426022317914,-0.027916884589359016,0.014336601827975816,-0.0059196852491855394,-0.007646066023782482,-0.006292719299217574
Pigr,-0.0017347440643608882,0.01871275220751047,-0.005920708397897498,0.007093025386281537,-0.022104936393375213,-0.06472738295373402
Dgkz,0.01823595411878521,0.023363153309254293,-0.012845178434695004,0.014015242300663979,0.014090133038669368,-0.012806993648572197
Gm15772,-0.017941539051946585,-0.0281677288115072,0.013165048899551663,-0.0103310201899286,-0.009714795194028077,-0.006889579158459121
mt-Nd1,-0.018813540070429673,-0.027668953677306197,0.008343138664867867,0.0032376096710979704,-0.007175148072193249,-0.007055025909894515
Crym,-0.018609151154837668,0.020443071710303302,0.0016459684814850977,-0.03254497556640744,0.000491918009211597,-0.013749320868855377
Homer2,-0.024468141094021307,0.017397126747473995,-0.00533791119416207,0.0006886985714572693,0.00837930346904136,0.0238846556078831
Rps10-ps2,-0.020256183619615606,-0.024487703389143814,0.015773346046719688,0.0033809636838749014,-0.006124514731576075,-0.015750984753098163
Kdm6b,0.011906079360150326,0.031834325213314564,-0.006196337480644949,0.010881470799976364,-0.005412607345626695,-0.015884526341156828
Ncam2,-0.023551383062001302,0.017152643992672235,0.008009954850182322,-0.003076677840509957,0.012514305067147817,0.02193174763220977
Rpl18-ps1,-0.01936080474127804,-0.025452184267362565,0.017092671592715835,-0.006398018555597076,-0.00769763630743053,-0.011867428632097016
Mki67,-0.0009623371436241179,-0.014858982017902832,0.008938597904697372,-0.024559305490358306,0.065920389974593,-0.015419107714152511
Tcim,-0.010347633419235697,-0.020491333251317082,0.0046646308671260935,0.04188115277581061,0.009875496559227164,0.02097323661832089
Rpl22,-0.01742186447984919,-0.02849262363688363,0.014205151986483276,-0.009822066035702865,-0.010148265484593896,-0.004274515049807258
Rps27l,-0.018727843451081274,-0.027827432826626752,0.013311553141770308,-0.0021395379769060456,-0.009508768142736164,-7.413589270582111e-05
Iqub,-0.021952855009620253,0.00932539719399803,0.02096037420428788,0.024529340762736804,0.009488685575639682,0.0002545215873939912
Tpm1,-0.00508235653213128,-0.020679272353886405,-0.049031224169055844,0.0036837830165419227,0.007056218621330598,0.013242797979811486
Uqcrq,-0.020653693819829937,-0.02610998811856452,0.005989917505575588,0.002144727716561268,-0.009085912301009974,-0.008296778922410986
Gpr22,-0.0009155488460555948,-0.02391640844220664,0.016290472639928964,0.02067552136341505,0.0035424022984050134,0.020028150087875535
Gm10257,-0.02122933146354383,-0.02289921176922536,0.01852634886876235,0.0022979230577406798,-0.003922650379413866,-0.002169722056958821
Sar1b,-0.023927797646997543,-0.020947876250169455,0.0052905546216999964,-0.00011038779539473617,-0.0023312427584394925,0.004236766461579153
Rpl38-ps2,-0.017641321824052262,-0.028513933028129795,0.012522883418989425,-0.009710664024175112,-0.010258543867662144,-0.0042611512707126644
Gm13736,-0.021269332202750166,-0.023604767413563023,0.016486745547176117,0.001039176095646585,-0.009995502157662747,-0.0029127614856137517
Rps19-ps6,-0.019721107978922278,-0.025156146777358765,0.01674554639949312,0.0004232312436369766,-0.005251576095747128,-0.013150308526736097
ENSMUSG00000128222,-0.02591711401263543,0.011873600021818758,0.007558675072634788,-0.0028391858670550408,-0.003990018920369701,0.011567727073687601
Ndufa11,-0.019743382035721256,-0.02585833946703301,0.01395299459326836,0.0037570747595237794,-0.003330261099810939,-0.0046281071059540236
Rpl37a,-0.017391098786501285,-0.02901242671083003,0.013399086739400328,-0.004164847425057697,-0.008423692124502067,-0.0038112253222793483
Rpl18a,-0.01882204093271257,-0.02730648169504641,0.013293417078943277,-0.007437945282266252,-0.005548837402680866,-0.007863852783309791
Ndufv3,-0.021808033964903464,-0.02261230968480526,0.010316009817497045,-0.011739195201594698,-0.010460775790152047,-0.005466405978486687
Gm45828,0.02040022850978283,0.02135949589537949,-0.008592565143165283,-0.014736255041298375,-0.007961437974546426,0.0005743381393526632
Cd24a,-0.0052566696020558985,-0.017413325881791657,0.008555637475040392,-0.025608658180324963,0.059238374181338566,-0.030275743451851456
Nefh,0.005418714834521427,-0.009742201185435234,-0.007490892446165067,0.012078977256435953,0.03492800427879999,0.02190721981067282
Cidea,-0.02227499749794798,0.010789856326901777,0.010643363177963768,0.02578338831790296,0.02266321934426054,-0.018431141820422645
Ly6g,-0.001420299494730669,-0.0008944993234439472,0.01626273819327416,-0.01856334518559326,0.05932792933647083,-0.043347403295527366
Gm6055,-0.01767421115637657,-0.0277945100440421,0.01426594002327731,0.004503083837671331,-0.004985359861661828,0.0003266035677198253
Cabs1,-0.0032885853391730014,0.014077596146160694,-0.03450472439441677,0.007314411136940304,0.005349772364767355,0.027575099259947642
Atox1,-0.02382227284244181,-0.013232998390704612,0.019876994959577357,0.012699591079532346,-0.01356516068375684,-0.004957847782380823
Ucp2,0.010303149927965815,0.017573202910202226,0.0009319873664320547,0.04820377406652339,0.004336454160859848,-0.017268961786219394
Ltbp4,0.02110598172931419,0.02087129953525733,-0.017538522495970304,-0.006813871470737964,-0.002431436248928165,-0.005170496558709636
Mrps21,-0.017452479062033288,-0.028481178503861924,0.012641592089134018,-0.003955753380204637,-0.006949022547043766,-0.0018766121452631654
Ndufb5,-0.020015798730684667,-0.02648143474647707,0.008301896599172378,0.00078980714178119,-0.008490815089438176,0.003216511543596963
Riiad1,-0.02667909548909084,0.0063419936183061795,0.0010931102276291395,-0.008493892348874542,-0.005267168065991166,0.008331732450672326
Pirt,-0.019670090394318617,0.01742187221506283,0.004186013403721669,-0.015035499471908088,0.017885434934230702,0.0035523198927277
Or8s16,-0.022620139478027036,0.01568701839958517,-0.0027215409934050884,-0.008159494748231688,0.007779796640698024,-0.008871717346382632
Rps26,-0.01712793187568116,-0.028966128917048712,0.014370585342323893,-0.005870085345537093,-0.006207414985919525,-0.0023456177106121424
ENSMUSG00000130707,-0.023420628476109998,0.017414522360507653,-0.0012130528816368656,-0.002199185884071137,-0.004667321681314629,-0.007959401771712437
Slc4a5,0.004167158100115102,-0.0005307129806394173,0.015008400156193171,0.055908593679947084,0.027374165681048564,-0.028634997316420416
Gm8186,-0.01790694678606041,-0.028436879895814813,0.012645161539164576,-0.0022946680177558967,-0.002291328065097874,-0.0008931745585317066
Obp2b,-0.004487361006711712,-0.002698545475315305,-0.027171268302874058,-0.017891022723991498,0.01617632086726298,0.015780938937165947
Epb42,-0.00459677337657245,-0.016372511605476477,0.017890115532849502,-0.005347799455642965,0.06398669805774063,-0.026046234558607714
Rpl34,-0.017960138917820563,-0.027389170087435164,0.013967418436042439,-0.008556091352124299,-0.008178058105612483,-0.006533098814984026
Zbtb16,0.014856508130796387,0.010385424896524378,-0.012662619265535012,0.025380846624589164,0.01138174841841246,0.00043853166915249733
Slc25a37,0.012575382239746927,0.005624058432734619,0.021731687264030852,0.0016316549554809185,0.04083713599026763,-0.011491954429057883
Ndufb1,-0.01989957096087161,-0.025829017135977007,0.00858074807959114,-0.008276662801735767,-0.011060515745026766,0.0009406089084104673
Or10v1,-0.02138376717585261,0.02264192543404333,0.0029434082781591075,0.003384535808122854,0.011353908410159217,0.004714757219951698
Or6f2,-0.024978699593499656,0.01266339270335156,0.015478649274962827,3.877050261199058e-05,0.0016377030157530908,0.001791170348610422
Rpl13a,-0.01857123203775225,-0.026843405068503814,0.01289043438410195,-0.0050757170274537255,-0.006750136505859503,-0.009646889914301413
Uqcrh,-0.019619152474894364,-0.025882394973662202,0.013181539029016948,-0.003506267670643122,-0.006546797541474941,-0.004846554564744374
Atp5if1,-0.020858783159780445,-0.02309153543359523,0.01715056781569548,-0.008658843204957033,-0.0009101398029385954,-0.004521846882661202
Apoo-ps,-0.019979358154498073,-0.023691629410577113,0.01790499819182584,0.009706875643516124,-0.0022109124851035617,-0.005157595572507217
Asb2,-0.005150070089639759,-0.0035745694318126435,-0.0536088244693849,0.01576625488093187,0.005417821836530316,0.00482501817156912
Nctc1,-0.01036943336162552,-0.01598265249786822,-0.048472792789143855,0.015349105076757484,0.006781454041627426,-0.002022292640200073
Adamts10,0.021032287705640827,0.021906099471039976,-0.01263440690572731,-0.003648781626570163,-0.00021736627076001177,-0.022602637368446497
ENSMUSG00000132464,-0.024230497216983206,0.015942083469593915,0.007221207488198124,0.009916383190562143,0.0047701459475271765,-0.0012966883771229837
Cstb,-0.014723393326865565,-0.025959205904403197,0.014122605357192309,0.014970497761126992,-0.02667581534981539,-0.0021108805774549995
Gm8172,-0.019553572031349126,-0.02425890881926205,0.016903716359903703,0.0045189889126234836,-0.00916077988285924,-0.0008815194761568027
Elavl4,-0.01949947062230014,-0.008516560695644786,0.01525005402594118,0.005039714443846191,0.024064949171636277,0.04298544732816401
Gm11771,-0.024177444895236586,0.016088509686555605,0.006994140369656197,0.009093557826404617,0.0051869346468109805,-0.0017511748560205824
Cmtm5,-0.019815295764808855,0.0009511645866260691,0.010102002895596613,0.009379325098471265,-0.004842440111722923,0.008810571794779882
Upb1,-0.020901467026719554,0.01842594509074111,0.007143903408933421,0.00846295716772415,-0.007931658405058979,-0.023833961905008808
Ankrd2,-0.005936084025938299,-0.018647715579003077,-0.023791761173402086,0.0335548263992891,-0.02874719374506483,0.012137624967805282
Gm8121,-0.02037205671056227,-0.024067380614571178,0.013311686286176669,-0.0038552146460884046,-0.0029944091514220524,0.0005611714393712927
Gm15500,-0.01759815895443733,-0.02761754630324088,0.01558242083884436,-0.00433194666740819,-0.005496785961586835,-0.0008949306433911679
Or6d14,-0.022557559380702016,0.016019457557694985,0.009232079898573761,0.003943153734268845,0.007740261476664249,0.025330390860213596
Ube2l6,0.004628253820048365,-0.005931718452588599,0.028069607580214668,0.010813362615337954,0.013186953460555541,-0.0326109091426234
H2az1,-0.01985480114998458,-0.02361526548232116,0.01807568640592131,0.0010793169466134713,0.00043939253875393007,0.007241703464708128
Eef1e1,-0.021230650410838787,-0.021997266960118212,0.009432390579156368,-0.0016530214475458235,0.0002963739500951986,0.021064517490993057
Bpgm,0.004196309743473061,-0.005599403553412507,0.03016376961475629,0.004433170879572,0.017945766109306184,-0.01332545444249098
Aldoc,-0.0034746434533971284,-0.017515568143869637,0.016760319309467638,0.02175071058102355,0.024617461606954178,0.02825828101181039
Rpl41,-0.01736171316207191,-0.027659301632134294,0.012960442634278669,-0.00884500169502234,-0.010044637645184649,-0.0043002308589466945
Coq10b,-0.0008044975298553477,-0.02494070805087397,0.008692245367637538,0.030598379613951916,-0.007797287282672285,0.029230790865762156
Pnma8a,-0.0249106926795292,0.0021948445469193293,0.01160144026203899,-0.004522889107633801,0.0014776779966533997,0.02282905495859773
Ooep,-0.01341355332746741,-0.011972801335778578,0.03126993402595564,0.03706598273772187,0.017842474325401172,-0.016241290704163344
Mapk10,-0.022160317274554465,0.001093564697186063,0.01985166592423131,7.144446677454788e-05,0.014849231912714816,0.04054359195978229
Gm4342,-0.016493577696603874,-0.02837802248186947,0.012886010469237263,-0.00744909804874539,-0.012040511226622147,-0.003260721656491561
Atp6v0e,-0.013616720412355942,-0.02795233256908744,0.018679704971552143,0.015199092593114855,-0.015264188608200849,-0.008582657728374517
Adgrl3,-0.020960144215542438,0.01569563646961234,0.023527254767119074,0.003639514407020515,0.005174905506301461,0.01883193835695528
Rhag,-0.0044866593487725035,-0.012825777625758497,0.007895516925971171,-0.010141815289568897,0.060688444232355344,-0.02496916173709701
ENSMUSG00000121777,-0.01739377902560004,-0.02741103809343038,0.015439475521519636,-0.004557147198595055,-0.005303898477496897,-0.000700778239089781
Cox7c,-0.01929698342746079,-0.02628898623405296,0.007942405823556745,-0.00015153090420435352,-0.007738181789129697,-0.0030718540150057646
Lum,-0.009542782572371431,-0.02944983134506597,0.013306102816586854,-0.009208533601381342,-0.024648678361590834,0.009240177911395513
Rpl5,-0.01722020984796973,-0.027614058168230246,0.015201037395524603,-0.003735931110846314,-0.0034324054614764503,0.0001302347431058194
Or4b1d,-0.024048312844574458,0.012420566181502656,0.015909676857806126,-0.00828302891376031,0.004524771242100599,0.0003642513345505444
Gm19366,-0.015239442139813902,-0.029030525196310587,0.012032357059921119,-0.012719181482891601,-0.011407276201695795,-0.0009576071763364512
Tspan8,-0.024766341160343784,-0.010879763717418235,0.0041261564221783675,-0.01705528514499323,0.003909441913729899,0.005321055327106576
Ncor2,0.016026546849723544,0.023734788444291378,-0.01622112990304881,0.020856249584151266,0.0026683031133415513,-0.00744791303118564
Spint1,-0.016598443819254405,0.022842775350851458,-0.00849500015945137,0.010664709715240651,0.016624170894160694,-0.010769094665326997
Irf6,-0.022848604795791167,0.018938775143011524,0.000293788387000456,-0.001863954420479109,0.01080666135704301,0.008292180897635906
Ndufa12-ps,-0.01990698466978545,-0.024939451376341064,0.009617483107704806,-0.00371027304045785,-0.003074325055946755,-0.002043519491866986
Acot13,-0.01920071399106586,-0.02550104387613507,0.011478620114601771,-0.006490997868874976,-0.007674840092307485,-0.0002979235753480825
Fads2b,-0.010026610234453589,0.004605422919625348,-0.02592397214133064,-0.02735447275066504,-0.005403894285538191,-0.03455731622814148
Epx,0.0037807523886689755,-0.009341376652502738,0.011907556126988008,-0.013156831765083605,0.057719726985669406,-0.02721600524513634
Tcirg1,0.017140129240161235,-0.0009250214145473399,-0.005399881567493071,0.028025205168347066,-0.037249391556333104,-0.0028579942627918868
Bche,-0.0006420006995806257,-0.001378689137845748,-0.007552842366825278,-0.04960789795640567,0.029064958309736443,-0.004779307588786281
Trim10,-0.00010245037419047087,-0.006876926438451562,0.010720326608070298,-0.002451432757084008,0.06589344017772639,-0.03766566829008166
Gm10039,-0.01958879353034942,-0.023018925707999856,0.00283013374043124,0.010917226477729747,-0.006143518197893959,-0.015707796925250032
Rps24,-0.016244381800516156,-0.02752393981724955,0.015032882017429363,-0.013336930168692803,-0.006241545825467339,-0.0071370354103212
Kif9,-0.021568647776124945,0.01732879248850306,0.015319961278931532,0.006475115523043369,0.01466099096173519,0.0038714243979449912
Cldn4,-0.014239879408455674,0.01223785593914848,-0.010650988715297174,0.0013556375089484333,0.024917069574237113,-0.027593521618406485
Gm9294,-0.01701425776671504,-0.02693999559675318,0.018528921397094406,-0.002171474843984937,-0.006702701843628286,-0.0032064837708060223
Uqcc5,-0.016632398942483893,-0.027024051829626892,0.017713345154979278,0.005907060297119944,-0.004113206425545156,-0.0051046915703611365
Rnf182,-0.02085936222052814,0.015377902482180272,0.022615399624679476,0.01635055245671697,0.006767169831209235,0.01632022170938308
Mtln,-0.019522198579986733,-0.024882141225559755,0.009997763065640014,-0.00469525108920501,-0.011880676246331566,0.00019466186983476774
Bhlhe41,0.01905366750287312,0.014869216317889985,-0.024456329316236196,-0.006354661035440494,0.0038878426769020603,0.02265895566896638
Ncmap,0.019408626000359645,0.022876644766517656,-0.012296542185091092,0.0015737336379408292,0.004404693085671989,0.007124112404635539
Or6d13,-0.022939448548344673,0.012891783402811784,-0.011979047325367594,-0.01020523375522391,0.007487562523519514,0.008699221694769237
Rps15a-ps4,-0.01703685959648442,-0.027449124881301336,0.015224120493826385,-0.0031445205388641847,-0.006385184161692219,-0.0024462611426831096
Rpl23,-0.016390550762635302,-0.028072953099564514,0.014358259180139112,-0.007265135069011371,-0.008063192338401285,-0.00354347358576534
ENSMUSG00000121669,-0.017047800570319852,-0.027399914391496784,0.01519224421990368,-0.0031808471432978047,-0.006300542932516235,-0.002444192834887124
Maff,-0.0003837911807398244,-0.013571587168135182,-0.006001391143595169,0.03032949955808581,-0.01379276405107897,0.024238019739842454
Kctd16,-0.02041710481841914,0.011017226881174125,0.011224452022275235,-0.009350792580801303,-0.001076331789107852,0.042663009417779806
Bmp3,0.0031570984617825997,-0.03201112747845223,0.009005743529171644,0.003046152059520335,-0.008068708075930674,0.03502510574212589
Taf9-ps,-0.020882560648227372,-0.02103389648224093,0.015895385350903075,0.0021962075719795283,-0.004074192042198822,0.002870758261780849
Tubb6,0.013499330902197333,-0.005344605956915943,-0.014119236513286709,0.019039980088888225,-0.026728451785095697,0.0061904588948627865
Meg3,0.019218318133744396,0.019007003404056227,-0.017383581067906006,-0.0203135629038035,-0.009019315213988917,-0.00014462926062882705
Rpl27a,-0.01740506540356101,-0.027034274787892085,0.014575667247375381,-0.0020716841314962764,-0.007902010771524305,-0.006702067533012559
Mrpl27,-0.020740295938547065,-0.02211518419216573,0.01098109944400048,-0.00375333989875241,-0.008020315733209656,-0.007324346286469903
Rps23-ps1,-0.016887035856015198,-0.02713405782355677,0.014233574393651256,-0.00875063366154156,-0.008346494436463537,-0.005287931156463
Gm43809,-0.01697829111726304,-0.027217169397804455,0.013936009824701133,-0.0030049335999825645,-0.008095939454445821,-0.004456109473936941
Cldn7,-0.01649771830388613,0.02261503589872996,-0.012414283765791557,0.0011685880279879216,0.01677291308926834,-0.013057622346730276
Btf3-ps1,-0.020504839358218802,-0.02218113892339488,0.015168398301856283,0.004270823735167726,-0.004574356149230806,0.00017539802447683338
Rpl31,-0.015157851375183724,-0.02889045433945704,0.011673863893187253,-0.010878628860117775,-0.010109774285206385,-0.004584965645272519
Rbp4,0.0043338809232109626,-0.0006053045831657854,-0.008080779105342297,0.02087963380701777,-0.0355173062238242,-0.062444622284091575
Cnmd,-0.01274260877441355,0.00799916734604655,-0.020035724543032634,-0.0204996467484617,0.029647625661595223,-0.01109269498226821
Ndufc1,-0.017780907311444202,-0.027110613224042523,0.008264632443019252,-0.0019578258228029983,-0.0062542062562939375,0.0032136950827728545
Snhg11,0.019917925280479726,0.015354098133100685,-0.016412799862137027,-0.018304884278698214,0.004090113870921573,0.008917931628318457
Cfap126,-0.024865287580792393,0.0005285266496838535,0.013442052876020317,0.007270548364212625,0.008678938851590694,0.0019273430182210802
ENSMUSG00000135926,-0.02175152329643717,-0.011591367854228379,0.01768041028829209,0.00968835023875104,-0.012093335752465432,-0.02473119425612762
Dynlt1b,-0.02469807557335247,-0.01039257147680847,0.012908381885021426,-0.005161424908751966,-0.007223701025639809,0.004017724785203855
Dpm3,-0.017956729653172267,-0.025604827798024015,0.015060661287459112,-0.005669262771939055,-0.0067867911109412765,-0.006361700056678335
Ndufa6,-0.017759635420018155,-0.027261181660335167,0.010019163652787301,-0.002396498653149777,-0.006796544894145461,-0.00047965326748222357
Myo18b,-0.00812233201310514,-0.013694594227779711,-0.04820951472777966,0.012869962835646174,0.001912116907622295,0.009862028448119427
Dmrta2,-0.021526644634759864,0.02176821432807316,0.001611680109021469,0.002231522645425769,0.001194839813533354,-0.006497610338773102
Drd2,-0.022660689689578205,0.018645256688912513,-0.004953192624908542,-0.000748182705904659,-0.010090535548289987,0.003928627373713559
Akap8l,0.01813174300465468,0.02246545250614864,-0.021006450507015377,-0.006528947059663773,0.006547102617004127,-0.017564001747638152
Ndufa13,-0.01875013416378078,-0.02503026446708075,0.010734284144462463,-0.000818257147275551,-0.008350763375528002,-0.012241813582930527
H2bc27,-0.0222085443112842,-0.005724767291837974,-0.005642174165603882,0.0025024723208545473,0.01684899877692788,-0.017798127623822914
ENSMUSG00000129222,-0.0004419411761903933,0.009993500599449538,-0.002732691936481758,-0.042251562891475664,0.01154911637986728,-0.019093631881651304
Tbca,-0.01911613399898018,-0.024500289440845452,0.014299507110418337,-0.0034529071117369026,-0.006198207869767387,0.006423280917346717
Cyp2j6,-0.025719239050356345,0.0072508601593629955,0.008812780050800495,-0.002735863214132097,-0.0046996708186869225,0.002705339117211061
Dynlt1f,-0.024538172479872486,-0.008971453921108246,0.011858707530192079,-0.007536232865285266,-0.00668681919176616,0.003853073722583302
Or4c15b,-0.02060728547051732,0.012709271669903184,-0.018743690547121408,0.0003736143716056987,0.011941968501936353,0.00621291018367347
Cox17,-0.01891358515180281,-0.025794968741441354,0.007447808396596252,-0.005815288074609004,-0.0037526602848978927,-0.002282694351380874
Gm13611,-0.01689023772630092,-0.02719726826251968,0.011991022347864424,-0.007254377504085679,-0.009732531075726022,-0.004465860885027451
Lcn11,-0.004758249096156683,-0.0018481158908684524,-0.026259218853360307,-0.0027425004113608973,0.01731296688879347,0.0058860378384148265
Gm12350,-0.02140122759567045,-0.02062595724037374,0.01345462049532634,0.0036940181323850516,-0.004983059286355136,-0.009154294330574094
Ptms,0.011553892483341398,0.022895278864374813,-0.005841247279544899,0.021458748974881495,-0.00512439701521407,-0.02149451924869744
Or6c212,-0.021723740604966343,0.01616973031783702,0.002525609140520615,0.0031453418041169873,0.016468681977873642,0.0002861000340072647
Gabra1,0.0011312602038628457,-0.02194016190657593,0.016230575909345048,0.00466400042383731,0.015925707122591233,0.02874358045031292
Rpl37,-0.015698083206379016,-0.02758651031479869,0.01424777169038674,-0.012236941490896987,-0.006294265439733782,-0.0062444493270850335
Wfdc17,-0.007579252038932783,-0.0291388839386003,0.009772003137090866,-0.01137641907366469,-0.029004117379306058,0.0042930634175761435
Plec,0.01593575957553496,0.021124158422948708,-0.024158513341350493,0.00918598022513713,-0.001278515333002859,-0.017580667620760593
Slc6a7,0.018211523441898005,0.020596719858830742,-0.0171121491882143,-0.013527134005277035,0.003521315703117251,-0.0011639151702777393
Cdca3,-0.007498696259887767,-0.011503266470446315,0.014826373917237375,-0.02001103757421179,0.05725561507594049,-0.01632805933014107
Itgb1bp2,-0.013024607652738296,-0.016261454509738482,-0.03375594111275667,0.022901177960353434,0.0221262349825757,-0.014333405683928865
Piezo1,0.019456283273610386,0.01725534209419849,-0.013507755549241439,0.01892994673284383,-0.008485179077401645,-0.00837329828955526
Gm49776,-0.019390715956141284,-0.022519132205873236,0.016712524583520304,0.00775812018247692,-0.003929153978352862,-0.006173142211588412
Kcnk1,-0.01001065570757846,-0.008054232225826793,0.028013221799418085,0.04076659076005417,0.02693142228990954,-0.01910459986127465
Tmsb4x,-0.018947877994080237,-0.022659779354088364,0.018693143845161832,-0.004671175448461429,-0.007517678401725784,0.00028302588328228695
Rab38,0.0004354464091058034,-0.017639674187154206,0.004751479528976633,0.0350037217779081,-0.03954098088728111,0.004245225608563943
Calr,0.014718783463088582,0.024534273788442446,-0.008593211718915583,0.006281837261111365,-0.0020664822824174108,-0.02042258443303066
Kcns3,-0.021949721625303217,0.013063663852591686,0.008275552675088189,0.0011016798539163993,-0.004135181770126226,0.023130310830549308
S100a4,-0.011900066998160774,-0.023686119973295595,0.014697543124203417,-0.0025355025158863777,-0.038291030895243675,0.0006817471907144836
Rps12l1,-0.016113339363791626,-0.0269453862845016,0.01663575962006138,-0.006863977324238671,-0.007630584358080066,-0.0024614945231230373
Or13a22,-0.0208664109413613,0.01583180781760335,-0.012269349085066144,-0.011823700192761669,0.010909816334731101,-0.010034928313279625
Asb14,-0.013450710113706816,-0.02262867227230779,-0.03178361235754122,-0.0017984630897156992,0.006123216546274497,0.004214488199627597
Calm2,-0.02243892084378186,-0.011979402100482685,0.02029111419917517,0.0019827720753006306,-0.00895067374711501,0.021522239498471627
Dlk1,0.007823456920610442,0.006778880412865368,-0.0144475485333959,0.0003199613437947577,0.010435337763602937,-0.044864356174908505
Gm38042,0.019412286409647404,0.022886636167182377,-0.003535393522556598,-0.00906029724048108,0.0017946465107396973,0.005737735070398532
Ttyh1,-0.013322169130395434,0.0017244974103008592,-0.004557403024489921,-0.04451389392911027,-0.006271994998901388,-0.04299739082000511
Lgals1,-0.01037684208331,-0.0302098049118499,0.012254119811181862,-0.0029614277578998843,-0.022781937149677405,0.0026387711073804277
Gm42420,-0.018506200219012774,-0.025586824597567618,0.008400274746286235,0.0012387172157286921,-0.01122876733494561,-0.003477256895738197
Dynlt1c,-0.02447100755601646,-0.008844357504779915,0.012596154185547178,-0.008197143029523665,-0.006251330340194459,0.003854861099471373
Gm19938,-0.019326866441213425,0.015894335531224747,0.016266444531177503,-0.0006832158208118311,-0.01343490577493531,0.028310953012931107
Rps12-ps9,-0.01609444580682555,-0.026906670400212218,0.016404239921145456,-0.006705435458847415,-0.0073041023933551425,-0.0020967357981509695
ENSMUSG00000122225,-0.0066185117442758325,-0.005251921863690417,0.005187178101325777,0.024825084673027315,0.02657862964473651,-0.019853119652279663
Igkv12-46,-0.004841454947371739,-0.022787933128663243,0.014368442798423493,0.012426265001354304,-0.02263438484461745,0.002101703253333916
Ndufb3,-0.020105861088732323,-0.023463584568159914,0.010560414486107582,-0.004239078051155979,-0.0056467470147437485,-3.023931067146863e-05
Myoz3,-0.012075039021065312,-0.02212351505312808,-0.03518398998400074,-0.008229446545427038,0.01156523788074859,-0.009227523536070861
Cox7a2,-0.017617531613988883,-0.02672882551016611,0.009841392896364667,-0.0036137905022978274,-0.007847108391129573,-0.0022610862480449442
C430002N11Rik,-0.02263420539574941,0.014300224792923907,-0.0005676365998193723,0.002306960283343584,-0.002203099538005171,0.013272800986009355
Nrxn1,-0.021039018739659215,0.003224745262372129,0.014376827044496459,0.005892048155853583,0.015931555411261362,0.04302576954745272
Cox6b1,-0.019651138494257196,-0.024318932215607787,0.006554831794260093,0.0016603036299105219,-0.005607180668714001,-0.0066943612006505485
Gm4045,-0.017734505076427962,-0.026010876385650257,0.011795986728378215,0.0018295115256769458,-0.00904011982139949,-0.003827425501676906
Plppr2,0.015243065909565163,0.022956164803195095,-0.016185590710562678,0.009704591187807586,0.010847687398117777,-0.009815680043176737
Ube2c,-0.007219653795238041,-0.01667159596690842,0.01742385988894566,-0.000734004067672133,0.05552582563878546,-0.029131932614855447
Alpk3,-0.008844348341574436,-0.016758868810990393,-0.04453690216607521,0.017515240307191763,-0.005714878446572376,0.0024282187726443216
ENSMUSG00000121644,-0.017611916176688776,-0.025994755006171502,0.013438400880772,-0.0009481147316149484,-0.0077298555036380175,-0.005433932531394622
Cadps,-0.01534550174784119,-0.0042961064200719035,0.02590544504161473,-0.0022302805786388953,0.008553309621848158,0.03846489661223057
Rps26-ps1,-0.017615493552661773,-0.02596168471833266,0.013423118871938687,-0.0009636466485462549,-0.007847448427469272,-0.0054099043862600605
Rps3a1,-0.01685811743440422,-0.02663728273742999,0.015143647076066557,-0.004277899704267543,-0.004270272327046552,-0.004315761443101977
Myom1,0.0013784415190653929,-0.008677210732048697,-0.05392334192069039,0.00952511128710329,0.012706901980771049,0.002996960383107962
Cnksr1,-0.01792864250419333,-0.001342962840080465,-0.04030698776819655,0.00627166219528905,-0.002379713591657125,0.007484750643173705
C9,-0.009729342191505577,0.021315365390375117,-0.002283382585440937,0.01108958895390174,-0.03440070492751254,-0.03121832342343051
Srp9,-0.01888901886657371,-0.023940038176017673,0.015611450389678079,-0.001680728209512339,-0.007914240104994313,-0.0022992484488783636
Rbm3,-0.01843664403327478,-0.020338351104140135,0.01519169017439714,0.006181605033683,-0.00702651617029219,0.017074294570445677
Etfbl,-0.018952879036058894,-0.02118454313978139,0.013043375784933862,0.018917934949185384,0.003717106151560648,-0.01939450299458719
Plin4,0.0019946228822180943,-0.008424639646912193,-0.03946887544496579,0.04565471233251106,0.013447257810159218,0.018082213759458968
Rps18,-0.016660463479592075,-0.026705654675437552,0.012795992922124392,-0.005253228382205091,-0.009281394546842008,-0.007493994235520981
Slc39a12,-0.007133074684307429,-0.01132859851385823,0.02663919913821399,0.04106317554081399,0.027136381794801087,-0.020767088360486286
Eef1a2,-0.01888746013321522,-0.008391181966310167,-0.0204525252171387,0.01712107802386558,0.020799405357739168,0.027403158184656114
Rps29,-0.01621165929151724,-0.02650571278540426,0.012457561641072213,-0.011541310707651862,-0.007815016484733026,-0.007181314023127193
Atp5mf,-0.018784260633355254,-0.024933566788971667,0.006462698049898521,-0.00851408796817687,-0.009528567653125434,-0.006865408089972802
Mpc1-ps,-0.020398521791154256,-0.02031511119692062,0.012705866078410536,0.013337932424591643,-0.005239173887832261,0.0022256289021367016
Igkv3-4,-0.002750557911970117,-0.02462460249947241,-0.011347170192309125,0.0013247714275006876,-0.019034336207846708,0.022852998700411232
2010204K13Rik,-0.025660395933923233,-0.0005048138697054505,0.014121991696608075,0.004835709222556345,0.0021296359243326963,-0.007789654567240407
Or2l13b,-0.01762470046891448,0.015426623940986393,-0.015375700614761723,-0.009227123538558797,0.0067499042605138,-0.00827306124608956
Rpl7,-0.017827012119788807,-0.02541073863190426,0.014906176252995512,-0.0040776382987655,-0.005162694431961955,-0.004039872400588131
Plet1,-0.010708758820942754,0.008322304022404229,-0.01945503563537625,0.003855383862861443,0.02625864983316977,0.004469131731052827
ENSMUSG00000139722,4.8348189274094104e-05,0.009920098975360444,-0.003518946573439983,-0.042414541567608835,0.011654803845008487,-0.017738464737401836
Gm44250,-0.02086783926211642,0.00972169840441216,0.018848427214756713,0.01819505625910201,0.0022318795843085325,0.008310082329258372
Jph1,-0.01220292071111572,-0.018098870276239628,-0.03427327799055539,0.014356116323841338,0.014971425322600767,0.01806531831599872
Ndufb11,-0.019418609669447286,-0.023393497672703087,0.013738279020975474,-0.0007159524017111876,-0.0038305962644450717,-0.005432541437055902
Gcnt2,-0.019541559291861382,0.015541137546583051,0.005938164663538051,0.011378968289578299,0.0013901510194378039,0.025535922939492608
Hpcal4,0.0024759471059323263,-0.015245595802093876,0.011896775175644409,-0.0015442454690264965,0.0032790685713353874,0.024122615214370754
2310065F04Rik,-0.011249591248933,-0.01705519473338631,-0.03275860370911742,0.00025298480371403515,0.022463087919638018,-0.010064359861606696
Ndufb4,-0.01907340966346634,-0.02412629560261254,0.008760372150977434,-0.0039331264593126004,-0.012024532002552815,0.003771079958796862
Fut9,-0.013988700028222925,-0.016641493048047653,0.023576058584976033,0.009236248205527214,0.008447796277999084,0.024748415694207014
Scn1a,0.001329473294773726,-0.015813709477558693,0.02056079237624155,0.017880367571414688,0.019113802594705687,0.04589279138879014
Elob,-0.0185041629799525,-0.024291194589349883,0.011154657752534046,-0.008231859020981246,-0.00937041309982667,-0.008065197681369434
Gm10053,-0.01986438265361484,-0.022269063460104002,0.0055904486629305365,0.013530830247278225,-0.005159637643016189,0.013122158101928265
Kcns1,0.010730745900659396,0.021455359104301686,-8.238844897585873e-05,-0.03859644425256269,0.002108115870518567,-0.02811999410538355
Chad,0.01961536017947028,0.021662756653497574,-0.007788806629439577,-0.0027811519564837814,0.0046642660709119155,-0.0003275036137836786
Atp5me,-0.01712575089790728,-0.026193321403158998,0.007053751091884159,-0.008796939396617695,-0.00858073803222858,-0.0005794113750265102
Manea,-0.022126353968351505,0.004185234903381685,0.01367581390088063,-0.005127818347397298,-0.005191944578413107,0.02864829703221366
Gm12224,-0.011364886521579071,-0.009241423202566542,-0.04323510459935751,-0.005804067576387838,-0.015609066054229381,0.009567443947021519
Slc7a10,0.003697916687917605,0.0023303852373703633,0.020698548432701774,0.04419401792460249,0.03078860933527253,-0.040236252175736544
2410004P03Rik,-0.020600449796265536,0.015290115808667362,0.01001123580312831,0.017971398785988017,0.015685870879062657,-0.008828281767041053
Or13a18,-0.02351326193463987,0.012413840839316462,-0.0015013733278893193,-0.002576995819227431,0.006584051887224144,-0.00563511571300604
Map3k19,-0.022552026594946116,0.014461663814207555,0.0029992935002160714,-0.0012748643199925723,0.007028288857261084,0.004148090367346386
Rpl12,-0.016216620416900827,-0.02720601907367951,0.012587910293395496,-0.007520352228236216,-0.0076072805608260186,-0.004366843278018917
Trarg1,-0.014389094637127292,0.027844477920816565,0.0020622263179647495,0.0019152000874955995,0.0033263931409371855,0.015968930389633387
Gm7665,-0.016765949769459432,-0.023653781696543252,0.016787019478896405,0.008632432468283834,-0.012293762663285718,-0.015598029705503938
Trpv4,0.014761768087773748,0.018304202662924603,0.0023190841288128062,0.03543201155101248,0.012245722400422526,-0.02739232423180869
Atp6v0a4,-0.021641257454042197,0.017772929290527317,-0.005404142053499053,-0.0021371178428070178,0.001258248015820924,0.005504827634183967
Gm20538,-0.02142302969329336,-0.019740304014661838,0.00749859269401224,0.009552961076541319,-0.002767667416771492,-0.006729409585051345
Gm11826,-0.01738080875499453,-0.023740421664295668,0.014044651968496354,-0.003391074906726354,-0.014740871065747795,-0.010505923512639443
Gm14539,-0.017390001150740977,-0.026620799978931273,0.0077156327906561725,-0.004296522753332911,-0.005276421107956885,0.004787368654744049
AI593442,0.002945891800682344,-0.01883651810840844,0.019249450028997687,-0.0012839360927367387,-0.0005000867413255055,0.04674955957614926
Cic,0.017235544342197935,0.025308108741194147,-0.01366276346980588,0.004010476515850102,0.0003750975110466364,0.0018726802122716855
Itga2,0.007725402332816718,-0.015323706106460994,0.00946290830413665,0.02155705482991952,-0.03935820607686876,-0.001230559170152504
Rpl11,-0.01719583996874747,-0.02575116067544126,0.012708780001694696,-0.008189421590563782,-0.006865338856556151,-0.006783473619067877
Gm50318,-0.0021933964528836497,-0.011010423894241962,0.002999214442373492,-0.027633944229518523,0.01685874470889662,-0.00023293775559435408
Rps21,-0.015412401271556556,-0.026915232989974752,0.01358205936273274,-0.010758450258079692,-0.009829113684515474,-0.004212654322936834
Maob,-0.01608412185322034,0.00427760295378767,0.023698461350466632,0.042208715376939196,0.013740023631711501,0.007506418127728369
Scg5,-0.022420163193214538,-0.013194009684562767,0.017675973441629345,-0.0030024979159687256,0.004076465374997735,0.009637119907473669
Cops9,-0.01855210244281511,-0.024662142714180615,0.011283515360957964,-0.0023547227711064145,-0.00595867888285241,0.001127350743980036
Pkia,-0.02365831690549851,-0.009060574377719439,-0.0114806304869745,-0.0056108338305631365,-0.0027154479954695243,0.01827397203199019
Gm44955,-0.009586968992535727,-0.0013340271890181885,-0.022888075962938063,-0.027439843429588887,-0.004039983799904437,-0.040041988748871105
Gm53066,-0.021859987443311878,0.012038829094350749,0.007573133920923208,-0.00030694391192776166,-0.009774184773200936,0.01414086428022285
Ermap,-0.003708601225175793,-0.006614913720357626,0.005776716025584455,-0.01706424236893148,0.062420084817906105,-0.012178865586345795
Tbc1d9,-0.002194928395828579,0.00627977395658911,0.01992451531014625,0.05031949641328189,0.025727070987605623,-0.018671553767389406
Smim26,-0.016901298137043625,-0.026223050790670357,0.013018757941831445,-0.0027283738218883127,-0.00311393390400838,-0.002684468197737133
Igkv16-104,-0.009499404418203145,-0.01624032058660952,-0.01864523771139237,0.023993004401719097,-0.026131674728814575,-0.009597213476392063
Capsl,-0.014540057655654854,0.00014519699663747388,0.030005983507096948,0.02926075400593277,0.012902144974352627,-0.013089178728332134
Or4c124,-0.022554897297931448,0.013012258858457026,-0.0018840389306000248,-0.002867647144296682,-0.0029492397006690802,0.006280744535033253
Pdk4,-0.007305668820368004,-0.007390217482066034,-0.037441647875801294,0.03309991442022666,0.02042589066482411,-0.017848266482118118
Vat1,0.017434327148215772,0.02449460409235592,-0.00964382622342929,0.001361088541876147,0.00035507593700329966,-0.015964762470649065
Gm14150,-0.019382679826999868,-0.012826579387235967,0.020683170731940297,0.008028349470314214,0.00033240521105096465,-0.02627257534500183
Flt1,0.022972270876023937,0.014567836863850887,-0.013285155925858551,0.006221622984899809,-0.00436964180250203,0.00234546337754318
Tnfrsf12a,0.0005513896295668029,-0.006538768098607863,-0.013845924581703316,0.020585396853500727,-0.002961400014538967,0.005859069158214036
Retnla,-0.015829622230097113,-0.008771912243835642,-0.004053877892963938,0.0020032237411542675,0.01000502681435253,-0.03395733177400517
Rpl27-ps3,-0.017211162930629215,-0.025598929039618436,0.014194311587547304,-0.002850093663162433,-0.006139492323953097,0.00528319166265361
Rpl36a-ps2,-0.014900954023355468,-0.0273816311062293,0.014207784212707146,-0.010018332296711811,-0.007986455729286104,-0.0018025183075541312
Gm11518,-0.017218603789252485,-0.025580440325762253,0.014184664872547305,-0.0028517609123144922,-0.006122108978430337,0.005277633744925586
Nop10,-0.016904862610188528,-0.026771558056636852,0.009754527419635433,-0.004760025156788804,-0.0053515297233134584,-0.00012352665774152875
Klhl40,-0.011850068359631708,-0.01763445964430322,-0.04070882492574397,0.009460567890947893,0.009396587698977306,-0.001922322402970965
Bex1,-0.015623268284713623,-0.022224565954683726,0.004807252774028882,0.008319638515522374,0.0091980688474515,0.004545088137441382
Nxph3,-0.018787662869261746,0.023081298011593036,0.0024565336847280233,-0.004205033705525147,0.006014255495524368,0.005601455833588526
Dusp14,-0.023957613116831422,0.0085720490078487,0.01706115683056686,-0.005761689161620342,-0.0032125103629969186,0.004415873369576585
Atp5pd,-0.01901782524464512,-0.023621909128824097,0.01171459184326961,-0.005164725093149318,-0.006183253610122558,0.0009463376164686435
Unc13c,-0.013752760687416418,0.002053586516635806,0.02115206101908688,0.010974284484793225,0.009798167360464075,0.029244368635242195
Gm10177,-0.01553566334308309,-0.026039737191527072,0.016713254000630253,-0.00934105595335846,-0.00705442061677925,-0.008202051898518735
Gm2225,-0.016276503345610482,-0.025402048358045416,0.01358955908210676,-0.007675490041267117,-0.011141969397240045,-0.005254606486490971
Car8,0.01222438250156019,-0.0068194241374344815,-0.014271956543479134,0.017277998849451186,0.015202997217386341,0.05157974727279941
Rbp3,0.015852829908274826,0.018076100600931743,-0.014671897004016063,0.0020800292240579434,0.007690772573246628,0.00022139595812301112
Or2v2,-0.015562067856506167,0.022240886004261638,0.008956699408535732,-0.004748290973857652,-0.002875843861985307,0.022387635319919937
Pfdn5,-0.018977584611928347,-0.02212284239942603,0.016551582484138565,-0.0038338524364449123,-0.008122303841459006,-0.004084548795472714
Cox20,-0.01804364515004002,-0.024445823933850145,0.013113918226847966,-0.0034054268423695175,-0.003494410922790666,-0.0022584211096761063
Ccl17,-0.019665137979016152,-0.005520766294529195,-0.0001233469211753357,0.0029114282620963665,0.0071957733015139465,0.014461644427617023
Iftap,-0.02100810153429471,-0.019761026403655596,0.011429959343400376,-0.002075262580836767,-0.0034227308924296295,0.0015399766562194772
Rpl39,-0.013503237761115429,-0.028114018194933203,0.011241014463984617,-0.01422884634720567,-0.010923829342519674,-0.001258817056853044
Pin4,-0.01766784888409126,-0.02379146627385875,0.016183694912077457,-0.008163417874934431,-0.006226553890268241,-0.0014562389150468182
Mst1r,0.010784960727438326,-0.0038174042078181853,-0.007810190493385337,0.025372969279181354,-0.03610852823978502,-0.0019115940710326708
Mpc1,-0.019764103356148328,-0.0208584660555763,0.007376596169937811,0.014408457695232305,0.0007515484657650702,0.017794370489945303
Gm13453,-0.017370582243935645,-0.021278078062349933,0.014697010818554488,0.017670026883696774,-0.01819089524112036,-0.0053539487411788655
Gm15616,-0.019730173848046085,-0.021046743350063964,0.012828489615769436,0.007390536918655998,-0.005082372835362891,-0.00812738929280614
Cd68,0.010929713630705369,-0.014826276371535657,-0.005430868115239193,0.03730408439519706,-0.03126388496640042,-0.0019466986026902412
Hspb6,-0.0001233496935950067,-0.01413508602840885,-0.041547380387590344,0.0194463172565059,0.012849767200716393,0.010687517808508344
Gm8971,-0.018136442558271553,-0.024084544342062794,0.011519058850528546,-0.0028214482535968183,-0.0022313411232998733,-0.0008666072582019659
Ffar4,0.004735091311379012,-0.021011262993407293,0.006841101468617897,0.03206188795168124,-0.029333880610442245,0.008746967134320776
Gm20501,-0.010003840021269738,-0.010360433631735342,0.028442694052330533,0.036961022028771766,0.022111719562221837,-0.02142664774730098
Gm57403,-0.022028117172704018,-0.015280295707264517,-0.0005900727567330484,-0.021201166048873964,-0.004620784806422127,0.006738771457532593
Arhgef1,0.017141424407334658,0.021940687375029518,-0.009432184552546364,0.014179714959000006,-0.00674038270792396,-0.017997108855984694
C1qa,0.009120386675650531,0.020689857264090086,-0.011178160588535848,0.012740578271121898,-0.002776020886986726,-0.0489837915736937
Hdac7,0.018223460657863722,0.02274009743085964,-0.013013300511146715,-0.007191975622083955,0.005520752843171319,-0.01231745207607173
Gm54798,-0.013756393697310972,0.028201112967928904,-0.0013114919557321604,0.0028639337903499104,-0.006469265956946185,0.009190675491119476
Mrps18c,-0.019358605581806805,-0.02279299411534043,0.011477769590214395,-0.005310307542998941,-0.00387994331821868,0.0023880784882078713
ENSMUSG00000123278,-0.019808587041594924,-0.0209387217567541,0.015568663229737687,0.0023923021168970235,-0.005883766832972952,0.005454869923011859
Gm10443,-0.015709077255268104,-0.026631657738319065,0.012920431295166505,-0.005504277743067096,-0.009144018158961273,-0.004998175031697646
Rps19-ps1,-0.017270585181181974,-0.024551450535260783,0.012728806675461226,0.0020522869409484515,-0.004866573910665842,-0.010826179192639895
Rps19-ps2,-0.01727601881804741,-0.024533067234162504,0.012708838298463752,0.002124356891120678,-0.004843566211002755,-0.010839950727681612
Sema3f,0.014565121488120811,0.024216585820786226,-0.011707871383405162,0.014497377622860484,-0.005264949751541757,-0.017132251520494978
Il1b,0.004305530224632864,-0.012539813330562432,0.011851828629343718,-0.000992980405740237,0.03874196115891178,0.005943142656032641
Synpo,0.020673071894147663,0.016361096525910022,-0.019541791656478305,-0.007698501874934232,-0.0046382401738408975,-0.00012601779246263983
Cox5b,-0.01980214013516394,-0.022590451959265994,0.007021076773354549,0.0004969172237999221,-0.006121868059561266,0.002990473414538214
Gm49555,-0.020823483777420274,0.012874298254947283,0.00328246526337416,0.01115922281538639,0.00654626887078023,0.032264483209758534
Prx,0.013488074652963363,0.025204585826843835,-0.014406933942402616,0.006474995667681669,0.008854311451782317,-0.009491085853322818
Gask1b,0.006227778331044498,-0.014479180038397122,0.010761421491553097,0.031604957784033945,-0.04191110506290608,-0.0018065723492351022
Tekt1,-0.02249276850467926,0.005893830799265254,0.01878987900061883,0.01453798217742745,0.008746688773701666,-0.0026109901218695393
Ube2o,0.01470930308902632,0.019705840355734958,0.0015203431131000221,0.011268301751540952,0.026716269684935384,0.001701954948690378
Lrit1,-0.0030470649146162342,0.00984390034382067,-0.008768916890321152,-0.039999401934857653,-0.00967998367676707,-0.0463116000452599
Wfdc2,-0.02217454796182585,0.014532202577951334,0.007614176875680632,0.002350044983575096,0.014507704482985544,-0.016594915710527618
Tmem151b,-0.020534047538955574,0.01283374778235227,0.02037148795048101,0.0017897797434332362,0.014689537917332664,0.015183841440001797
Alox15,-0.01392512993066149,0.018128785861043988,-0.017859197488362157,-0.003180201236540842,0.027432498671662607,-0.012909238639903644
Gm3699,-0.016146156939361438,-0.026054726451759453,0.014237174418213813,-0.005818646483272387,-0.0030818070093893584,-0.0006878676966877789
Sned1,0.018222208539939205,0.015740961426165448,-0.02452729307038536,-0.009430584529076795,-0.005501412225859784,-0.004091349214154635
Slirp,-0.017488675437645488,-0.023707839005290738,0.011465820230225155,-0.013014763922908205,-0.010069370547987172,-0.005151939281125823
Cd44,0.00966104428837293,-0.01367250717155773,-0.0006517938557558308,0.02834388827502555,-0.022496428946943085,0.009731929178371537
Rps20,-0.015225059202599006,-0.026898075755374406,0.010031425231479475,-0.013226548479426843,-0.007762002752561735,-0.0023041910768427406
Magoh,-0.018664351677858463,-0.022849597281536727,0.013781036662527097,-0.00580280158086441,-0.003649371936003878,0.000251417719586341
Tars3,-0.02369533182613195,0.007466515470718327,-0.0020342536748316387,-0.003570451622265062,-0.0034467827860606808,0.02083779189989198
Rps25-ps1,-0.01598334178210221,-0.02600568925805544,0.010569417913781848,-0.010512699833944207,-0.008649174007535794,-0.0043023770886052954
Cabp7,0.004484236747921419,-0.016871181309715752,0.006832912015765357,0.022509005098987445,0.020366895764303523,0.011125757130364788
Vwf,0.020854318941069185,0.005346435682417629,-0.016118319099260085,0.001554901104355317,0.01987590266894183,-0.019172480729457146
Erbb3,-0.00917552241658422,0.027205833876310394,-0.006754009018607052,0.0003136452878458893,0.010650358092022002,0.009397876145582582
Gm47681,-0.01953999126794632,-0.01961287080722358,0.01829200949465148,0.0024650688695313163,-0.001884003652999591,-0.0008435948814584926
Rpl30,-0.015535130599469465,-0.026133256089741732,0.010877903750402325,-0.013327285383805546,-0.007451598866536886,0.0003653439916406899
Chchd1,-0.017847624038638973,-0.024765078296582362,0.007702655045338046,-0.007739465836186381,-0.006415633723700403,-0.00047192918758697243
Jup,0.009774333129785645,0.02915807849132755,-0.013113633123690271,0.011473414318059537,0.001067401383261073,-0.008087207464207213
Rgl2,0.021448692587197525,0.016028791735001737,-0.015025937855331165,0.002182503836862225,-0.002651793295197499,0.0018182792321292693
Or4n5,-0.02141338259486506,0.015701912922340897,-0.012787920318068639,-0.002532842909494547,0.005134312802066817,0.010069142486201221
Akr1c18,-0.014396673746886456,-0.0033663689628076303,0.01651726946655023,0.026505479938236324,-0.0312666731710336,0.023920291154018097
Zc3h4,0.01857896922504414,0.021881620432189545,-0.01270638172508112,-0.0024074717938406447,0.00019292385808648453,0.0004364773192843955
ENSMUSG00000136336,0.014360814386404082,0.01731480841824019,-0.02545576724812621,-0.02186827024767432,-0.0015470312203709835,-0.018406561099236222
Inf2,0.021415909180819332,0.01579579794552126,-0.007092161377655893,0.0020827896370015455,-0.0022603334805611206,0.0022613370986915254
Gm43794,0.0198688086240557,0.013595042117903262,-0.007028852038291472,0.0023043501640564296,-0.005982529747927666,0.02355328375148691
Cpne4,-0.0017264512265346276,-0.019459460127185184,-0.0045256769236432836,-0.02012558268331129,-0.0010705665961299685,0.027780867953676156
Gm2830,-0.01854605722803716,-0.021091677036504903,0.006805645610083967,-0.021308932700011357,-0.0063995693069568114,0.002689266028856989
Rps27,-0.015727905328083384,-0.025951726493263064,0.010349160077851133,-0.011932515916489791,-0.00745359266633347,-0.0015662549607039272
Cxcl9,0.001135376074102359,0.006458281359174682,0.015261465419880393,-0.04136056699459818,-0.0016911422798336808,-0.0177313993177808
Kcnj3,-0.0009053348802699141,-0.023846303285307135,0.014842259756950272,0.006247230686688222,0.002839642625244226,0.04259907689952053
Or4c121,-0.0174400110719334,0.015109074706617697,-0.01702793984312596,-0.001505580499947084,0.005720718527208698,0.008323840890776972
Or2t35,-0.019785145323960206,0.014523120742025887,-0.007500937249165597,-0.0031012005444315664,0.0003555905944725711,0.008813218663519754
Mrln,-0.011547907422638825,-0.0267816103063248,-0.01255190527104694,0.007751613633816451,-0.00902037966768438,-0.009941104686823488
ENSMUSG00000125545,-0.018336466467823387,-0.021395075384310375,0.014231082040006948,-0.0006336453387170481,-0.010836723197948425,-0.004925859810842245
Atp5mj,-0.01879147176547802,-0.02332269896640761,0.007997855558246511,0.0016100849978321926,-0.006477494897943812,-0.0018099708469918527
Slc2a4,-0.0059084366991566245,-0.015162232492196222,-0.044590436123061454,0.015144521253084704,0.004946350542044634,-0.01076084787833616
Med30,-0.01871938908975102,-0.02175484959970789,0.012002217536716257,0.000583399213157887,-0.0005245003401969376,0.005837600852983251
Col6a5,0.011298906157487356,0.00732403674668319,-0.011342825562660868,-0.02666725515867096,-0.0045304457778538995,0.021701963223503797
Cox16,-0.018367277913528015,-0.023439389834068815,0.010408688328981975,-0.006765057573857623,-0.0056324181329919665,-0.0005390889833032508
Rps4x,-0.01590719874876542,-0.02602530110766945,0.014252511868500408,-0.004886701902103155,-0.0036353536259128892,-0.0021259250754275144
Cd177,0.0040667126509984445,0.0053931261587806,0.009773157759850718,-0.0016683733551015546,0.058410033606728175,-0.02920864482639048
mt-Cytb,-0.017610786606467078,-0.02390160153915256,0.009106390850620876,-0.0017573849102322967,-0.008819345457234787,-0.008207254335826747
Kif5a,-0.0016183925376958748,-0.00114253738800594,0.01874684196206342,0.013435308810608707,0.023536417656215503,0.028347223171320896
Gm56878,-0.01573844468893206,0.025635056973842326,0.006210800289615424,0.004867546314049317,0.0013556124296821195,0.012209744504479935
Mrps33,-0.01990486519884329,-0.021473981464689866,0.009693702974353208,-0.0023337470002890762,-0.0018231334062547148,-0.0038906911221663052
Gm14567,-0.018148251920690098,-0.02372585814231983,0.008664041534211521,-0.003984948207206708,-0.0016807802837767321,0.007495997411574323
Ocstamp,0.006484334207676294,-0.012474244327011245,0.004087587591433351,0.036056340250513436,-0.02914031415217943,0.02006335085410205
Gm10080,-0.015941501263026802,-0.023915009597988927,0.020049382966246736,0.007591281746589847,-0.005471523843792073,-0.007242981294461012
Pts,-0.020346249976639596,-0.02011579197349077,0.011230996699969013,-0.005333668884431642,-0.0016769236412323453,-0.0011754116078061265
Brinp2,-0.02090990286595246,0.014742400712835986,0.011966654185781724,-0.0022420821134588936,0.013975098024393513,0.022178763547224808
Slc39a2,-0.01961068904869631,0.01674251696155086,0.00477017779214354,-0.001754389511237653,-0.009733111078191442,0.028644128204663465
Sox2,-0.021143634349466117,0.009433857901424826,0.0211161587604409,0.008912370364536543,0.014354473000147718,-0.002613295123970659
E2f2,0.006700445594453483,0.010891040716899742,0.014666470304232371,-0.0012047974005985188,0.05276630356096717,-0.03647056504726876
Gm6210,-0.017936017018830394,-0.018160655641604784,0.013165321663672893,0.012680659011858343,-0.0008115898422082705,-0.0020443555017549205
Ptgs2,0.009356147237108467,-0.019353405640656,-0.004175304426949461,0.016653985910365085,0.007942267723305628,0.035740255523726484
Med21,-0.021372889308423026,-0.016764801952234173,0.013147386298215437,-0.007046342981648634,-0.005332851473748955,0.01056311158566068
Hmgb2,-0.016493005776620214,-0.010393752234488582,0.009212027013342653,-0.018768196053951004,0.03030627560121506,-0.007572282277539036
A930003A15Rik,-0.015933111784611473,-0.01878883054322296,0.008698197110051025,-0.027278494121089684,-0.01836864468824923,-0.015835393864835127
Eif4g1,0.011430466956716972,0.023601051269861267,-0.013833710139334314,0.021827636168017223,-0.0003617102349313231,-0.022306706042365208
Egr3,0.013466891046682264,-0.01941239550293093,-0.013383362312194962,0.0009589703342756557,0.00117336608945095,0.01450128116968928
Dpy30,-0.021880022291612924,-0.014639262961840368,0.015043486536137855,-0.0009744788753077317,-0.00017151904518186928,0.006133661238508743
Prxl2b,-0.0200174903245549,0.020303934963945006,-0.00026941672388282724,-0.007626134899091316,-4.0844395737202675e-05,-0.001451542049312559
Rsph14,-0.023422178236848615,0.012319203114354993,-0.0007261009501473371,-0.012338467127754604,-0.0010224119054333754,0.003342280887750102
Nol4,-0.022122425549894905,0.0016756858451831623,0.0146401910058459,0.0018559620093869026,0.008985382226946885,0.03269007578183694
Rpl34-ps1,-0.015789323345176128,-0.0254720805179595,0.012571278062036895,-0.0076807893921597165,-0.007719262667158892,-0.0063971945891718686
Pak3,-0.02048215900241537,0.007449090037370414,0.013986224992566106,-0.008684235269486282,0.00044696336019024757,0.03246817975034001
Syp,0.003639303287447487,0.019567998308505422,-0.01108007813633931,0.0044773600072292264,0.005209347810992708,-0.014009792952175559
Trpm3,0.003718284840872965,0.0023078915938571365,0.01964519313899033,0.04960901355892159,0.02773056089263155,-0.02023767715466316
Olig1,-0.015001766139156467,-0.002411945424152291,0.021804657840688753,0.0022536383042998597,0.004752460204893979,0.03568082109663036
ENSMUSG00000139678,-0.018898373157087034,-0.02160894446789788,0.004546473614047942,0.014750367851527927,-0.0036811312278401463,0.009101503686305397
Gm45540,0.018763924177911714,0.017901432700264147,-0.009395512481635282,-0.016850953228291478,0.005853351493474049,0.015796227737645947
Cx3cr1,0.009173753432525607,0.0193320361608451,0.005293443587205235,-0.0304371356363615,-0.0005337213818537754,-0.015564585165645366
Micos10,-0.015529718308375899,-0.02613407549792792,0.012762024747903321,0.000514497050508779,-0.008161326988199536,-0.0004525971166962015
Fau,-0.01763999919070164,-0.023540828462256698,0.0127326477556772,-0.004752868071500579,-0.004933736819441172,-0.00805040241716892
Rpl30-ps10,-0.016485226641101088,-0.024982109827481048,0.011489659149801035,-0.006129341551898704,-0.008433212395994934,-0.005043447340828404
Rpl21-ps8,-0.01591091540144734,-0.025445814091257162,0.012977387283869364,-0.008182050711445213,-0.005268096431937962,-0.0019057317860346281
Tpt1,-0.017047137158078353,-0.023919023541456426,0.015215589851925417,0.0019954695278987856,-0.007647193903444369,-0.001141455699707151
Sox21,-0.02389082903575357,0.008118050908007268,0.005815443271935759,-0.0033212905942078767,0.0016364480212652977,0.013053975058252993
Gm2423,-0.01909036906242533,-0.019571287113586775,0.01694909098082684,0.004758265659094078,0.0003712745534905948,-0.010620957528769074
Sf3b6,-0.01855517910664985,-0.022306417828854837,0.012667522763973876,-0.002521927596886588,-0.0036243648638520326,0.006398469540371342
Ppp1r27,-0.01137944735540518,-0.02195932366615536,-0.027851661662554764,0.0067305893033415285,0.0040606167129369946,-0.015051743265660035
Slc22a17,0.006293239258547141,0.015702803830190813,0.014474131422334049,0.03341868994968206,0.027183461979185627,-0.034751234069003996
Sdk1,-0.01625505773318917,0.02520776259504024,0.0068028355076356255,0.0035530565447029843,-0.0010905073330162564,0.0016462262050528215
Sult6b1,-0.022592038664875413,0.008342198578968786,0.003929294088555025,-0.004441238641735033,0.006559403530999864,0.0004686563159476735
Gm10288,-0.016153387318615754,-0.024922814332501795,0.013380784495815638,-0.008209488522658044,-0.007414242561405289,-0.008122938537479531
Alox12e,-0.0031192446324839543,0.007557334201769636,-0.029711098741440015,-0.003106436387247849,0.019636841618755854,-0.003060916890524332
Ndufa3,-0.01885848121398824,-0.02006467918747306,0.0071314323915405205,0.006190382363988672,-0.006899240279196932,-0.0194465259137478
Or2l5,-0.018286924072067494,0.015526641522860242,-0.010205980824248236,-0.0089672564657788,0.014401839589329661,0.007365500932650239
Oscp1,-0.02366771420543677,0.00935005837543089,0.010772092981240832,-0.001817539042182868,-0.00039777061483799116,0.009521757960373774
Snrpd1,-0.017421402789642562,-0.023558779503725428,0.01473835124821728,-0.005182362658020877,-0.0024978512065958708,0.0042578846321825155
Tsc22d3,0.00918990372768452,-0.01370459795103781,-0.005610899770446955,0.03325683612459621,0.01194814951701291,0.026276372909672233
Lypd1,-0.0023694344394007425,-0.018153037978819127,0.008788472794578218,-0.0029714485911155725,0.03679781470603104,0.005826064559790926
Elovl7,0.000518000637673078,0.003850216114623433,0.027409688154761448,0.03583926713333394,0.02809705865134664,-0.03568312821543947
Nat14,-0.0218716625358653,0.012906728361620105,0.014471848811761749,0.006260590079659246,0.008268756678163205,0.006187060286702443
Col4a1,0.019555215820669353,0.014772700362999705,-0.011369547307007727,-0.006618861672897055,-0.008681667613734961,-0.019376124904105216
Gm14303,-0.01617903394965816,-0.02476335264321453,0.011761361743660975,-0.00856416745347577,-0.004730118826132549,-0.006416636921677467
Or4k1,-0.01752145801108095,0.019640190180735855,-0.012802857097982432,-0.002916784003807223,0.005431593875603728,0.009340495969806926
Rpl38,-0.015171082992874986,-0.025614387634222406,0.011086386247746657,-0.011363912144649607,-0.009239209932061272,-0.0037871240928083333
Rpl37rt,-0.014832642869524345,-0.025699899375568,0.012914843378564274,-0.01216313420942252,-0.006162249276458268,-0.007465097468671901
Gm12191,-0.016173724120290073,-0.025074814137796157,0.011106247195628903,-0.007411601261518873,-0.00769946669090563,-0.004636184968430326
Atp5pf,-0.017562430898688176,-0.02411332579544,0.009926059431112608,-0.0044797939315029955,-0.004180881626185853,-0.0007099286831741403
Rpl35rt,-0.013781158138280339,-0.026936668175009715,0.011516919054499308,-0.01052490278548153,-0.010468291257212882,-0.0036781316526807092
Anxa8,-0.007053369750701107,-0.015312608474700399,0.007548729400418196,0.036213623076387196,-0.03449513967632956,0.0017558857766564952
Firre,0.01706481893782258,0.019108386733066373,-0.016129760346530003,-0.005985992338851456,0.003381559645235465,0.007281257406586414
Pierce2,-0.022952238832737587,-0.008742521575998703,0.008266478310320983,-0.00465189628211424,-0.008125758026470586,0.0059485008251831395
Gm3724,-0.020033741388442945,-0.016069147925896476,0.01958035537410275,0.0063281248325091945,0.004087924281879435,-0.0043930393657957735
Sfrp4,0.010238915847350429,-0.00812573936695226,-0.0005845172813917715,0.012185828305293517,-0.03590763862872485,-0.003393770680705323
Or2y1f,-0.022563182913128792,0.0091356089606762,-0.005247304754053041,-0.006753405833829187,0.007610804274958759,0.01496694217658521
Ndufa2,-0.016955242601220517,-0.02412783925985524,0.009057165118904616,-0.008770724260300683,-0.01056299674998125,-0.0037193786044544506
Birc5,-0.004462020162911317,-0.013490771870361776,0.006945932858702107,-0.016415838734678584,0.05259067087081802,-0.028972180157388772
Gm10076,-0.015380468045981269,-0.025406017784368615,0.01109300535629628,-0.010374878526993191,-0.009847073605513871,-0.004438996791585768
Rpl36al,-0.016300583162483857,-0.024669940253196784,0.012020088888949178,-0.004524522991219414,-0.00856219523272832,-0.00039322598520627125
Pigbos1,-0.016802922655688515,-0.022716433634354147,0.014431314707412659,-0.0016399837740904712,-0.008725799419112418,-0.006704693347083307
Pin4-ps,-0.01877332339706553,-0.021026247939578968,0.012856804553148653,-0.006573859415695931,-0.006059421008793141,-0.000675087103818545
Rpl37rt,-0.014762973934537347,-0.025562816472833587,0.0126185658243969,-0.012158713518422827,-0.006344218145368094,-0.0073695198964999035
Romo1,-0.017739412684629852,-0.022506871998589133,0.012686986812766652,0.002231255570026645,-0.007431638857290167,-0.010530512376426037
Gm8129,-0.014804242246195646,-0.025784982919966025,0.010063457636550597,-0.011654370115419579,-0.009453370298931528,-0.004228709446400927
Ushbp1,0.020765385358316114,0.014563669364182314,-0.016092788086113117,0.008544103978419475,-0.0031919292397082594,-0.010084525208422842
Mapk8ip2,-0.014320689216029003,0.025772879472367297,0.004846256094823992,0.00262465728430298,0.005824076950110573,0.010259044338860816
Gm10263,-0.015977547985382434,-0.02504546153734762,0.011841498637088338,-0.005694951983395834,-0.00595102532167773,-0.006021692435757051
Hspa1b,0.014221928749225607,0.007841261075883333,-0.025804970741356244,-0.0030247272326925164,0.012568312269287103,0.024941984978743
Tmem258,-0.017705740052762774,-0.022475930321864537,0.01248809461525442,-0.00621289550686095,-0.00699427745006749,-0.006102475379433103
Frrs1l,0.0009581495836616441,-0.021417673961471467,0.01946725891510819,0.014713580705902254,0.01309166491208962,0.015766171541817173
Cth,-0.012126833580316205,0.011715418748693448,0.006141174325999458,0.025903252398228098,-0.026944099827030846,-0.04359936940146332
Egr1,0.009452914758234928,-0.02036068693569121,-0.010238094618417728,0.00650827973819159,0.004680140442691635,0.019775708042042345
Jph2,-0.006981987284853522,-0.009733422061636183,-0.047926090050287286,0.009442944453281301,-0.0030125090210151775,-0.0007861539228570635
Hdc,-0.016015757166312573,0.0059026335956099294,0.015037849421683139,0.015616544369357532,0.024583129286825496,0.006056111574519693
Gchfr,-0.022505319720348315,0.011478214809540064,0.006662496452244655,0.0016487141716023683,0.0022233671321952382,-0.011758291136579568
Abracl,-0.015745870875905517,-0.024466449472475914,0.008149659820481776,-0.005522939618092376,-0.009667204853516598,-0.0004965240115358299
Gm4149,-0.015076648294107915,-0.02595800840288155,0.011991163985159427,-0.006264538356853609,-0.006938325884190109,-0.005670117043998336
Bcl2a1d,-0.01005882717534205,-0.021858148144822422,0.009938124914410566,0.0045379912453584,-0.03930207259526424,-0.007158245025064266
Cox8a,-0.018387253553660277,-0.02117235997239702,0.012766246390758136,0.0029355999164334427,-0.006922984455897768,-0.008729391037300496
Eml2,-0.019701707177763848,0.017584063740663722,0.00887852266529517,0.011255223431793904,0.0044525820745533115,0.007660346851773742
Sox18,0.020636557975649256,0.014096092640894866,-0.007704790060441364,-0.003940851003192086,-0.013842474315403797,-0.010855211243432292
Cmip,-0.00950943832413093,0.02851384004916773,0.0016548157997724891,0.007148135027496864,0.01043034675280069,0.005453795633218167
Or5k3,-0.017755908371587966,0.014862417864111441,-0.014802935403191289,-0.0039671126151214235,-0.002849363229676128,0.014625482797520184
Or6d12,-0.020530288367070375,0.009126542583514785,-0.003609386904449811,-0.005253323314492806,0.023471399867469208,0.01170996789609521
Scarf2,0.019140012732327582,0.01829426511355497,-0.01189909120850297,-0.009863928994883867,-0.0038353970481778037,-0.002356905201353586
Tmem38a,-0.015075203798937573,-0.011667532006037706,-0.03331182693087051,0.008407092798346992,0.01670750824685171,-0.0016927488461166993
Gm8934,-0.014893172003978316,-0.02547880771538559,0.014576826014458411,-0.003894397166361588,-0.005266401700736937,-0.0017838412876530747
Rpl32,-0.0144079980542867,-0.026348764599227574,0.011017740163030195,-0.00982108592097837,-0.006516720242559138,-0.0023081036489395845
Gm4540,-0.019777623390978844,-0.018197296494502187,0.009680667124575852,-0.008388775406514226,-0.01217782929949068,2.3328307514807056e-05
Or6z1,-0.015443873099715344,0.020460425280208805,-0.011755890021531575,-0.0004418541149172583,0.002505841052730042,-0.00546811040673622
Trim45,-0.01689201516786359,0.02328435088686495,0.003390807902019383,0.002667994868917248,0.006803047348264168,0.0006641212768424942
Aanat,0.0046163134605594035,0.015768970153485194,0.0017768435148209983,-0.03594722982045763,-0.014945847578351448,-0.04189816483563629
Slc4a2,0.01129015802006075,0.011678494758589657,0.003652830203529835,0.04439457639239828,0.0006844961436481897,-0.020853609735351306
Tpt1-ps6,-0.01714082858115992,-0.022501250444447285,0.014130933257610036,0.0005945042369855191,-0.01059861939881175,-0.004115075064840467
S100a10,-0.011184147805749665,-0.027224972276263224,0.011791367516854672,0.0024845682333894848,-0.013380700015612158,-0.009303322338644395
Tesc,-0.019301630807765473,0.016559156798524266,0.009119935856373402,0.01006429891996197,0.017817998933540507,0.0037300876583679686
Sbno2,0.01317276580430418,0.018423879843749796,-0.007649848226767153,0.02334536407400183,-0.00954173152324232,0.00039811121615897075
Angptl4,0.005104649766350284,-0.009076831485628323,-0.0071840226056844175,0.021142178814883034,-0.029890539476357943,-0.04427957446691208
Thy1,0.002607876723963761,-0.018270600474647763,-0.0005059199954441221,0.009604968141922323,-0.008540342457866949,0.029944609089792504
Gm43511,-0.01823842763427943,-0.020828320775759364,0.013605837091346542,0.0017493245371573243,-0.003183518524468774,0.001130384661109768
Rp2,-0.02175670813761549,0.004982411194643532,0.014325784155924927,-0.002964558093018339,0.002277244294980093,0.01660507626077546
Gm13192,-0.015699332596922404,-0.024952755788602825,0.012366349897524937,-0.005299883026323572,-0.005345744875008858,-0.005496537514406836
Sem1,-0.01514050527179083,-0.02460398581164719,0.014196148199448784,-0.004931472048908401,-0.007416297865459647,0.00358921680505697
Atp13a5,-0.02031377842268959,0.014230382171226498,0.0030226693518737085,-0.01357802294793237,-0.0029115787294919293,0.00529902884194909
Top2a,-0.0036958337591987316,-0.00423290700462276,0.011435099911048723,-0.013936311774203023,0.05134352678380636,-0.02065755444580737
Fhad1,-0.010021582116506488,0.007738668566916462,0.02202102690512965,0.04374069220955637,0.017700227929147667,-0.007385341451818806
Cd36,-0.018065003807756587,-0.0025119369496704367,-6.047079435105691e-05,-0.010977847439177214,0.007821618966953015,0.001108808473063548
E330011O21Rik,-0.022033351762149017,0.011329904126600858,0.00650466074185786,-0.0034592787324784547,0.007765077224351478,0.014521947984821641
Grina,0.01685456550414547,0.018293636888481176,-0.012957187368476524,0.010005499682908167,0.008622817707193706,-0.018311059794880784
Gm5537,-0.01757361474723879,-0.01871496523735535,0.01839657636673443,0.010809608732453112,-0.005763273415044915,-0.009790821941490462
Nr1d1,0.009478666858654968,0.023807416349611435,-0.005854887392977148,-0.020469731734952836,-0.005213800197868515,-0.03138562253126908
Rgs17,-0.001223222918014251,-0.019445562549859786,0.01459284788443411,0.00542055624359442,0.008536804232322224,0.026752468203756093
Smim40,-0.017837156491870596,-0.017550590123171013,0.005473787328763828,-0.0213933572545865,-0.013776037558699905,-0.00695466977380257
Cfap58,-0.023338341236494427,0.01053735841583483,0.00255805040727227,-0.0007932666584544182,-0.004418261832293619,0.0038320356555342125
Pgk1-rs7,-0.017557901244497957,-0.018680702653246693,0.01834683409233419,0.011185324498367281,-0.006022057702083035,-0.009515716613733925
Mcpt8,0.0030746442846989767,-0.0043027493512097425,0.020340461018296663,0.0027389984129955035,0.051770827367622826,-0.006869380931967316
Arap3,0.023213059222578148,0.007363750751677076,-0.010007501576734176,0.0008531464147566558,-0.007113951808018135,0.0056031454815338565
Gm13493,-0.01624408102449714,-0.022831182889348097,0.018502988522033983,0.0009816464721187942,-0.006746172311053229,-0.004673948332543602
Acss1,-0.019057732178600205,0.017286893233911693,0.0009000127425855364,0.00791831646028308,0.017628034225055284,0.006693181106757475
Epha5,-0.021704261949688334,0.005525478487754961,0.0028857197521033368,-0.015150708694765178,-0.013841949526856367,0.01062761985092426
Rps5,-0.015322799206792102,-0.0249533643657181,0.012778359532705385,-0.006035889195441297,-0.006680594349015662,-0.006007542514577224
ENSMUSG00000129048,0.016147481496392457,0.004459703664324532,-0.004020527229647757,0.020531366502207146,0.004288609404172458,0.030237273757620947
Gm37829,-0.008874427376999635,-0.009498956174906899,-0.04315084958645301,0.004774374703408136,0.007493378572633776,-0.0033170606250442665
Itgb2l,0.001006158273631778,-0.005663421200642959,0.011583867422590367,-0.011115466848179588,0.053180864635117765,-0.02536409202050986
Atp5mc1,-0.017284694495492407,-0.02114844130517323,0.0009283853263036241,0.009267085175192445,-0.00468541280740959,-0.014258702212592863
Thyn1,-0.017467344692091075,-0.019359495114817684,0.01909453549911251,0.012076622965383711,0.0031974210649413147,-0.008936789019103442
Gabbr2,-0.016737060133558808,-0.0008741607568150167,0.01743140736813293,0.0020599958639902923,0.025152351650960556,0.029627583149623462
Sptbn2,0.004479181388992096,-0.010956233166555768,0.00903409711700051,0.010722027776823575,0.031875520850180555,0.00600025032391229
Erh,-0.019446200088283513,-0.018684098008815687,0.015031033845497775,0.0025371699763555057,-0.004633099206110123,0.005555240534572231
Gm10136,-0.015378749628161489,-0.024267223679834898,0.01157481799456793,-0.010927693703119967,-0.00948286641810276,-0.00690027611651452
Igkv4-68,-0.00031225098069989957,-0.018003793241804344,0.004182738836127448,-0.007784520221557855,-0.007750965764523293,0.028587231030980802
Tns2,0.019473435684501765,0.016889113686212293,-0.017341563274048157,-0.001721729596248605,-0.001912759193035472,-0.0062811123797886
Rgs11,0.006257681135166735,0.026407550742986112,-0.008319736275498348,0.023480744316299183,0.015555283853010936,-0.009790079854087223
Sec11c,-0.017018623249752413,-0.020624164978824553,0.016472436789085828,0.0012148293178847682,-0.004084129165110931,0.011213551035273621
Perm1,-0.0092497362660682,-0.01046605203356506,-0.04094527064004511,0.011667719201903773,0.006617169003866906,0.007373647170454964
Cetn3,-0.017618203650891406,-0.02132698058257046,0.0126491105473248,-0.004747669276745684,-0.0022455914275832703,0.013015884633329497
Eif1ad8,0.005035914293346664,-0.0181646300022242,0.00034816834244815885,0.03749934826553083,-0.013622259688128874,0.03699451527321944
Sec61g,-0.01430910680287943,-0.024721058147138597,0.015547889251086102,-0.009557952970887787,-0.004741464578400047,-0.007830042507742028
Bola2,-0.015193777375155705,-0.025012084929287824,0.011683070406677692,-0.00100242279214827,-0.008363534564789363,-0.004731453584687317
Prxl2a,-0.021963433792094388,-0.006236280594214438,0.018769844480943612,-0.006534058322459431,0.002821122219971099,-0.005920443494407464
Dynlt1a,-0.023172639123920206,-0.006183480704026295,0.010797952326587866,-0.0039587008753514865,-0.007892693225046502,0.0035627339551666313
Neu2,-0.019066125305619887,0.014869683709095154,-0.004649350666460818,0.008723374340059998,0.008635783691606084,0.012426553849280365
Igkv1-110,-0.011375568352471095,-0.006458343403845798,0.003255150078663675,0.002401055808174894,-0.001631507079597599,-0.049837874374859516
Gabra5,-0.004241967554694264,-0.02099861660995481,0.011879491801069696,-0.0019663435999727375,-0.010388334813010772,0.029110553943026952
Gas5,-0.015591406919412742,-0.023438635735039192,0.011546884045560429,-0.015044492704977179,-0.004183347441597528,-0.009617718879727762
Slc16a11,-0.013924219421437902,0.023696515546576046,-0.004405366899379099,0.00635320387437918,-0.00323501206281807,-0.012801131946004733
Dclk3,-0.022670194719318106,0.012734136380185957,-0.0017929510678798492,-0.00474899831612667,-0.0027798821763969084,-0.0012667004056974936
Pglyrp1,-0.0015426354344669523,-0.005249759675877221,0.018286109667926067,-0.007676721606377013,0.05969036813820477,-0.026453895879090257
Rrm2,0.002220090246102015,-0.006562425746781077,0.004302687499015132,-0.007550767071718561,0.06600513438132254,-0.009256460466597023
Ctla2a,0.0014982646563191577,-0.026159820465926385,0.019390115493864088,-0.0010148079347478565,0.008407082467166996,-0.00799771807039803
Mrpl51,-0.01998225631771747,-0.018854221707310066,0.008898686952315486,0.0036879681755804974,-0.005505454432326042,0.00044568211261227094
Rufy4,0.005561278161367188,-0.012086788167379563,0.006122008416494868,0.03427964101284947,-0.037971687172539896,-0.005608845158215175
Rpl27,-0.015942834297654352,-0.02407016802258338,0.01344511638830787,-0.003768167242484139,-0.006064807244257385,0.005884268304373931
Serpine1,0.009419798924186457,-0.017373671111381876,-0.004602594131341579,0.011621390941549946,0.017633412701119195,0.019963032777368803
Olfm3,0.0013500290152400475,-0.01722854696691514,0.014208482201393821,0.01768797292716161,0.010429266038633585,0.005574757669047619
Naa38,-0.016562297047531774,-0.023168844596028276,0.013057486289613925,-0.000953900102779483,-0.009586618517257471,-0.0018534132931836255
Cgn,-0.01766907364297074,0.01830911034767646,0.006489599740975345,0.015893195107848968,0.011130329344755954,0.0020650148591136244
Leng8,0.012900364822053891,0.02419091763420849,-0.017347090658306502,-0.0056033420177716295,-0.0016533478919058165,0.0006517638927920558
Olfm4,-0.0123507675853218,-0.005550191209864444,0.014187135913985202,-0.003919712979365214,0.04654470530743247,-0.021214339602841026
Nudt2,-0.01814264396756176,-0.018444562416041775,0.014227020769729683,-0.012369320851783725,-0.01309935233568904,-0.00514569235269272
Atp5f1c,-0.018292603800349153,-0.022168507602991418,0.0059874319029738195,0.004089441865466023,-0.004180767506353286,-0.0001729344012377783
Aadacl4fm4,-0.01512679844987446,0.002214490274220969,-0.004052534817237138,0.016928080091310947,0.012088284620195814,0.013959180131468277
Krt5,-0.016964646910283744,0.015453951690018635,0.0068595392145393876,0.008131668033056547,0.01214940867856771,-0.0057289490904521715
Cebpb,0.0013090932353987499,-0.0134034259742683,0.0017252893098822694,0.047750203615275655,-0.003240037243017301,0.028150135075387245
D130043K22Rik,-0.017621152634786676,0.020329698023407488,0.009556685009606334,-0.0022809054963798003,-0.0033853169948099616,0.010336899912975964
Isg20,0.0034706384378293447,-0.011756031325397438,0.024426189178761434,-0.0018838828836378395,0.02104729327471662,-0.026671663610077497
Txndc17,-0.01666078952857771,-0.022143634629919785,0.013212525829920403,-0.004773500225252806,-0.014295524106685156,-0.0005825197387549068
Fndc1,0.019376308349360268,0.014132283308318824,-0.005834452929676555,-0.01672778008907478,-0.015884370205741197,-0.013086756416030692
Churc1,-0.015531150238218754,-0.024890283604437725,0.007669503010298221,-0.0030252661548635256,-0.00011902963697160667,-0.005603129673179842
Gm48909,-0.015574497576555654,-0.024115186194069632,0.012699758196935399,-0.007215681113543786,-0.004648010124747619,-0.008056466795443917
Hid1,0.007937518314586268,0.023979794259821254,-0.0146463790561309,0.003548385632865556,0.006748380678463216,-0.019498304138326317
Selenok-ps5,-0.01911434400967303,-0.01860972795002701,0.013451683379292928,0.00019080880379261284,-0.005575365094055963,-0.008218950664472919
Dpp10,-0.002726444329559512,-0.020736504305929295,0.01234772535485917,-0.0050192647646599385,0.007444646785410954,0.027028535386085028
2010007H06Rik,-0.01742101813926847,0.019453116366449454,0.00329472591872412,-0.0006491660131136533,-0.0002964964725124696,0.010262232085008956
Coq8a,0.00035309181660891513,-0.01679160351200648,-0.0350805715491178,0.025017757869317033,-0.001637062223702999,-0.017811417311501477
Mrpl41,-0.01837981409661141,-0.017505383478206755,0.011722328779391866,-0.01775793063608749,-0.01179679254822676,-0.010366336887018848
Gm15179,-0.010077295351208155,-0.0115286090511541,-0.03633364889537914,0.021084306301355982,0.00141219890004068,-0.0005077982105688839
Tomm7,-0.01830838426903448,-0.020479870008505784,0.01229602021366286,-0.004622485953416318,-0.004638767799178086,-0.004428724930612726
Oas2,0.018240742973139122,0.015204389360178816,-0.01687102164543258,-0.004083367362339428,0.0015154359877240686,0.0005613582992611826
Rpl10a,-0.016219806618506177,-0.023581888114968738,0.011886100001555303,-0.00655695474054136,-0.0052826469355157285,-0.005523495033562207
Dynlt2b,-0.019851841259148992,-0.01698623601216055,0.012818566225428103,-0.002085172855232544,-0.0007195888765745755,0.00832256165661128
Gm6789,-0.01715704356667057,-0.020864516049495258,0.014668360813110662,0.009965028028211398,-0.0011949198870706485,-0.008437679769018666
Gm29216,-0.013894478674113187,-0.02049013013956621,0.0021511104276155106,-0.0065113187286279855,-0.008186677881054568,-0.009452538770959796
Hspe1,-0.015710409400720955,-0.024724274283349456,0.006579306801655077,0.0002057967703873138,-0.008268169299308337,0.001188174708133179
St18,-0.008920367887228503,-0.01652987639051441,0.011021161378918815,0.012500999239621047,-0.007115250119216355,0.01795652240925936
Plxnd1,0.01663914442033675,0.019290318021826593,-0.011530223448065608,0.002192709246920561,-0.014831115028805672,-0.011888606916733381
Gm7536,-0.014655611321296681,-0.025230471832967297,0.01212796936215824,-0.0034253569382487466,-0.008170284788631368,-0.005137519449518264
Myom3,-0.007255524846508568,-0.013971113381504275,-0.035024453765471995,0.011774678048208384,0.010650992285295586,0.003216730850456749
Or4a67,-0.02025026013470544,0.008571455198373391,-0.003731845743024025,-0.006428813400513593,0.007808914759833358,0.01738740737234485
Entpd5,-0.02034346709462457,0.016080321020214325,0.00756876194096227,0.006009417568502348,-0.00018479272332019465,0.012769221821592187
Smbd1,-0.01981594866894897,0.01713531523568107,-0.007471535153825191,0.0035266773008816553,-0.003933446880490822,-0.0017259007644675284
Rps27rt,-0.014412463963879407,-0.024902034089599245,0.010429918129608652,-0.01158337136455919,-0.008122464170109091,-0.0031992994236759373
Nap1l2,-0.010203658298811737,-0.019180878340029895,0.009925887248989393,0.004270739103074219,-0.00041238869764181733,0.0317770798728171
Fpr2,-0.0047430202328805435,-0.011720355078084029,0.013129839397498441,-0.03156883002662965,0.039645178333063975,-0.023118679773773285
ENSMUSG00000134786,0.001657998120643022,0.009917350268846107,-0.007060371798198019,0.013999189625220674,0.015120709560834672,0.011475158124757311
Gm9512,-0.017920087905080654,-0.01907204736720875,0.014862637680777203,0.01072311404213925,-0.0016066117498498525,-0.012321562381893345
ENSMUSG00000132260,-0.0191060545694886,-0.018366652342188233,0.0134047153457332,0.0007162161796909096,-0.005708365452022624,-0.008493428071685133
Gpr137b-ps,0.005770488415545306,-0.01031851543852402,0.005730803514134028,0.02838020149385266,-0.03994554432574305,0.01386549988579944
Shisa6,0.0016456700524808108,-0.011889883700682799,0.007738377712238206,0.021219204585591886,0.02363823271871198,0.00998144363512298
Prdx1,-0.02056029657940281,-0.014991327151469612,0.014744692570221912,-0.0014168284941168344,-0.005688651039900607,0.0037452103535263862
Gm19209,-0.017450732091115286,-0.01931462001879664,0.013617034999529487,0.0027423151367458602,-0.003307380858504722,-0.0018605192843373065
Tuba8,-0.005651584294260285,-0.018748535462016824,-0.030166632725979838,0.013522338097543468,0.020201028292913925,0.016151679595010956
Gm12174,-0.01654395714918209,-0.022893646011188373,0.013682027896476826,-0.0035704397711230486,-0.004295945291704836,-0.001962359754840401
mt-Nd4,-0.015770526584079812,-0.022359520127692285,0.0074233701587705925,-0.0026177305543375255,-0.0058564833656595825,-0.015417436705013837
Crb3,-0.01495626915953824,0.008949272215177525,0.014514209178517335,0.029512138146823068,0.017129842275247154,-0.027068090088692508
Ndufb2,-0.015454543445187995,-0.024500470154851354,0.008430514179862793,-0.0017694042759520243,-0.009384431934920544,-0.0004115984985517956
Mcam,0.0203089338494353,0.013101651109387118,-0.01785519376140795,0.003241132511935633,0.0015378116645741763,-0.002451765535762912
Aqp8,-0.012637611995581338,0.0046497252933428174,-0.010605393398967327,0.0067109704011717505,-0.011405597289919628,-0.0055134017897655535
Gfap,0.011490437209683298,0.003260045693060937,-0.016226922096400344,0.022019813918581325,-0.007021781456561415,0.013657500333161916
Spag6l,-0.012499247473418473,0.013686144759896667,0.0242724353531964,0.025100896579373443,0.01786931982382643,-0.002568888689350434
Nutf2-ps2,-0.018147599701183112,-0.018642398038710366,0.012984935914360344,0.013629890314664956,0.000126420821561344,-0.008922664231432216
Usp2,0.012064407251704313,9.300722655289081e-05,-0.017486870639589057,0.0428464482726571,0.008582870940094089,0.016224526084289113
Prok2,0.005159418467212966,0.0020481992857143408,-0.009706092140181675,0.024690886550807416,-0.026194747004350316,-0.004650618957690211
Cd52,-0.012730526332896253,-0.01928743449436191,0.010739865294243136,-0.02642811548078192,0.010622106973212517,-0.020771989592936076
Rps16,-0.01581879452940493,-0.022185035137854567,0.016593304451491563,0.003110957045939211,-0.0017553756770838805,-0.013481571643806669
Dynlt1-ps1,-0.021518167313268773,-0.010267254855075132,0.012345782709850874,-0.005647768122409926,-0.006824798035969053,0.0027214440077138477
Gm4705,-0.014611051486761839,-0.02443483694897048,0.011961398808612772,-0.00924186732937932,-0.007609670426146092,-0.00533913859160984
3300002A11Rik,-0.018605000599655742,0.008148158940259801,-0.0005982474181618032,0.007983577835455754,-0.010100077121429556,0.009742753430122656
Tmem212,-0.013339706243723519,-0.0012359525826205072,0.010140584756455248,0.01414470937776349,-0.004123963415788981,-0.024781863842802194
Cacnb4,-0.0005146469165918161,-0.020633467645095105,0.014818052872075336,0.009553499222103709,0.006940557057477252,0.023763069448417662
Fkbp7,-0.009714704088442012,-0.027433648980772704,0.013509270667043513,-0.013040011977718459,-0.015527170212511144,0.00039473366896443883
Maz,0.012766349901248657,0.023174498780081883,-0.013454840552432864,0.011282783975023199,0.0066710933031431385,-0.014922506959685854
Gkn3,-0.01776726920051175,-0.007066334246741779,0.00658291251625308,0.004734855352334759,0.0009294955700219225,0.01714346760564062
Cks2,-0.009749049134681515,-0.015206809796273897,0.015181629859933408,-0.008332365725960819,0.035214554358611865,-0.0070925977962468575
Apof,0.006336940886500374,0.00784043618788714,-0.011123369096467656,0.004340074075536702,-0.03985450509896574,-0.04348057804642062
Htra4,0.015320322310145178,-0.0026056932280456246,-0.012846122798370042,0.014345859470354898,-0.02748951179303589,0.013860059101124993
Bcas1,0.0024852749822465094,-0.0006477254327027628,0.017650995397354596,0.006674889076959932,0.008794840916738659,0.018220401648913302
Ldb1,0.008122489891059953,0.02695910242869034,-0.008856377323477873,0.007872530672286139,0.0075296634834848535,-0.02174303719812284
Ccn2,0.015351557737890929,-0.008397613929399817,-0.012453102706777134,0.017279968071019086,0.018133544371591252,0.016826807549740346
ENSMUSG00000127910,-0.013935359561233096,-0.007177207792113056,-0.011574382299139067,-0.011536697804990649,0.018792028257608874,-0.04137797789648811
ENSMUSG00000123361,-0.020133459441842923,0.012079195862479639,0.008189101977589026,0.00879225773022151,-0.002526207446912138,0.00493544991041808
Selenok-ps8,-0.01830805349918496,-0.01912453328347782,0.014176545663617786,0.0033170492960864096,-0.006548853474725191,-0.0031173906816434273
Gm37033,0.017734490032636673,0.01649190911636728,-0.009035345916347902,-0.002151446651069737,-0.0062512004745580475,0.015488286381322174
Gm37464,-0.01927938682035244,0.016224168401127653,0.0042798584889059904,0.010763772455103252,-0.0009247414353853908,0.009615005585479378
Gm10036,-0.015384155662071203,-0.023662563678678274,0.012893538798947892,-0.0052520252255106635,-0.007943976161227185,-0.007604456085504386
ENSMUSG00000124365,-0.017650399461298587,0.014083148378057938,0.006143395911114181,-0.004265886689350127,-0.006744123975907131,0.0363817574636654
Grcc10,-0.019210799828183567,-0.01774325229600941,0.01220132669442681,-0.0027565341409088056,-0.005152490606463566,-0.010522491215737591
St14,-0.012954259823025668,0.018706340988631297,-0.004941413555968694,0.009249003360023331,0.024213280112190688,0.00363570792274276
Nexn,-0.008062617055170607,-0.008505311408934938,-0.041105109157648465,-0.0016960277772444757,-0.0002774540240369711,0.010136244786187697
Capg,0.008879299594992859,-0.00309457733963151,0.00048482732441739894,0.03753879347254356,-0.03036077848671072,-0.005772124141871764
Hdac5,0.015387623574606537,0.021695671409453433,-0.016678231403137542,0.00296587026779476,0.006167003556988309,0.001990744618585018
Kcne4,0.003389170829744092,-0.02540598511430852,0.01938375652658056,0.018031515053310528,0.0006893846824143944,0.0043801792302547125
Gm4792,-0.013355146060813684,-0.02174687746785021,0.007306741975957505,-0.021423513447485013,-0.00954808567063499,-0.006278715870831038
ENSMUSG00000123407,-0.020162562409322345,-0.01451020144689229,0.007871292137370258,0.012754002171994643,-0.009130523944191497,-0.009198878365372367
Fmod,0.013162609416665567,0.018823796838903367,-0.011077353121511533,-0.014304087405421696,0.0011082141164925803,-0.023284911437816608
Caskin2,0.017058817701357015,0.02076232461895332,-0.0130095746031925,0.005151027040822496,0.001843986824911742,-0.002250730124171643
Srcin1,-0.01673563332710611,0.015157223884613234,0.010234713459828126,0.004152325850722785,0.009951198381129423,0.017127384478725565
Gigyf1,0.012206833952480269,0.024669434189440554,-0.008776965424738072,0.01303587130198251,-0.0028480672756465417,-0.006438689650088808
Bmp1,0.020086771142648452,0.011947777686271885,-0.009716210834312183,0.0031384491175945714,-0.012172416592410812,-0.0014358751505301344
Snhg8,-0.016679494155737485,-0.02140288400537841,0.011466367150706699,-0.012285391017615653,-0.0034850857843900544,-0.004706185098730343
Nenf,-0.01304892306665858,-0.024860827185854056,0.01239394224398732,-0.01135710530893202,-0.006313469767161104,-0.010851640712051105
Pxn,0.017785133186153566,0.017022783908215856,-0.016622692392249682,0.01183244607728033,0.0020727776330764325,-0.010221381312206242
Fam89a,-0.019103874088022207,0.016515843106011528,0.0019618173934815757,-0.007013732136635198,0.00174428577804849,0.01590267433031628
Gk5,-0.01850908841495823,0.012534501533752693,0.011753282224672725,-0.006854941197158595,0.0008761670160314507,0.016872093384213076
Slc25a35,-0.01657419334946879,0.019955141538793776,0.005514455745875454,-0.0030788408366577364,-0.012219190796465721,0.007266792745590383
Gm4204,-0.01660189286222745,-0.019127391281261456,0.01468083605160031,-0.005114729403285643,-0.008524379093384328,-0.011987943353278588
Crip1,-0.011733609718295873,-0.02547410665036463,0.009846992145981488,-0.012724540169245614,-0.013696340006956527,-0.010865509469862185
Bola3,-0.016768405375620656,-0.02313339614638778,0.007280292178194488,0.0014305278516456345,-0.0011021044467079246,-0.00046837845825091403
Tom1,-0.011741126291748668,0.027172528495381064,-0.002278811810055884,0.003748266531838584,0.0030356055268214903,0.010081071401930179
Rps23-ps2,-0.013950519318455281,-0.024678942417121257,0.01207723898662117,-0.010004719292481494,-0.007328816469152338,-0.004420791080797221
Rbm38,-0.003108821182009858,-0.004314926547009472,-0.03004912120823425,0.01476805727427965,0.048901912019351235,-0.013147225344035014
Osmr,0.01405326732694098,-0.0002966936533450069,-0.016622474722089272,0.021256796702942376,-0.017080303503827055,0.005378483997156076
Pitpnm1,0.010917445185354984,0.01886578695841342,-0.013192835345959233,0.013398440169863867,0.004754131060749045,-0.018635858364783837
Usp13,-0.005320174108212454,-0.014889105697898699,-0.04439152839396856,0.003736545067736432,-0.0007657668586355757,0.007931535966719035
Gpr137b,0.00609385474719524,-0.01093999873955782,0.0035874323436140007,0.025837349662011917,-0.043763924683892265,0.014992715080913632
AW112010,-0.010983100537073855,-0.020222430915184542,0.010801849950817647,-0.025233018803768957,-0.0015657706119618887,-0.012849253751974578
Gm44501,-0.012017495830543488,0.012396197736014126,-0.010004211293109775,0.00028202290898698675,0.009560907534052823,0.006749238279024066
Prg3,-0.0007150485841741536,-0.011634737163317956,0.010305977951458318,-0.014166464614061526,0.048596169296517944,-0.03351657526609003
Ndufb7,-0.017848219397884012,-0.02119942650548538,0.008563056521256992,0.005606184475952071,-0.0015521533494289208,-0.0023265478238195256
Aif1,-0.01386387815121587,-0.018627782028871737,0.011646553623391287,-0.02105602311314433,-0.011558800129755376,-0.012759279562517089
Tpd52l1,-0.017351358342208363,-0.009186704123504476,0.006306795207427692,0.027105133994920004,0.023937166638406462,-0.019195905432392472
Mdh1,-0.01908751950484654,-0.01892143697222419,0.008590086820928763,-0.0008111913441781351,-0.0032499709603024747,0.0029235327464732473
Tnfrsf21,-0.018123878268560864,0.017980552022542305,0.008734876928630906,-0.0018755299673968015,0.005466410746924257,0.016086806075230387
C1d,-0.01532082974645856,-0.022849699852802434,0.012103740875410727,-0.007926337188167834,-0.008046989004592012,0.008516851184453979
Scrg1,-0.01911272763199687,-0.008250753758165015,0.00990115904361259,0.014663973776675884,0.014565198340822563,0.010016146135942282
Gm13827,-0.01678049998093832,-0.02179300876037023,0.013302675378073043,0.0003747502777632919,-0.0023514519427888215,-0.005059297190640876
Nab2,0.01748271019988155,0.004529156514733404,-0.011196545157375039,0.003403014480463866,-0.006336133539245453,-0.0002509978324003103
Ly6d,-0.009803822697735885,-0.006377593863721524,0.006643759470859864,-0.04288102782614185,0.007459661173348884,-0.025400595458572376
Lrrc2,-0.011781879851926708,-0.011211785975317627,-0.039849947463638985,0.0020396484340875084,-0.011902129107349025,0.0004980870675997285
Omd,-0.0070751550187395755,-0.022823464855484466,0.007723595668048815,-0.028871614913966573,-0.000882036325415723,0.010867786098614593
Pam16,-0.018319634834784486,-0.019223334763614167,0.007434161828691286,-0.008081463171385275,-0.0058403654247835,-0.011267022838829936
Fgfbp1,-0.016258460709927907,-0.018873980722380716,0.00045909581055296234,-0.009520527221657376,0.00372117593898508,-0.0027036980881174778
Ccnd3,0.014512497472154594,0.018165810887103683,-0.010904228456149863,0.011568195386986325,0.016039863592909327,-0.017321364443350532
Anks1b,-0.008886442128142534,-0.015388404510314126,0.01901562168356968,-0.0018052082403129859,0.014212145578888979,0.032288732446601826
Laptm5,0.0191128743080346,0.01021867005206648,-0.0019940911087619946,0.019022646458819396,-0.01015295045005964,-0.005470100660516041
Bcl11a,-0.01563514628352268,0.018180421795397084,0.010588541632254582,-0.00851980852751809,0.01645352390856845,0.022475748457379346
Mrpl52,-0.015954789303108508,-0.02196565417289923,0.010099351705290744,-0.004338757174152767,-0.017232902940915038,-0.007000520945984651
Gm50403,-0.015071992964904005,0.02156349908608809,0.0005909582367432495,-0.00491200175291943,-0.004701669015882687,0.005376365867929041
ENSMUSG00000139155,-0.01806613472806957,0.016658400820300498,0.0041375727624931675,0.0024603542363823886,-0.0020842860103202463,0.01727383762958784
Gm43398,0.007087758755746657,-0.006920615328440662,-0.0006683053615933783,0.01786412917083276,0.03628523752319698,0.012523968304700329
Gm12751,-0.01862977426180943,-0.013675620147825735,0.011190005840214665,0.021428815841389674,0.0003388514398662654,-0.01783438893238156
Ccdc157,-0.013711972383207038,0.02503658322456175,0.0016708765494684356,0.008027280507735544,0.005972490438956856,0.0005879875670490076
Ahnak2,0.02005147853041711,0.010941156502071494,-0.008699065184400105,-0.001690014578115468,-0.012992570315962133,-0.019759790321590743
Ciart,0.0083180967957794,-0.002852369916626668,-0.011554802582700172,0.022432210890242263,0.00870588034886308,0.041437045967073004
Nptx1,0.00609691801841702,-0.017266484430789878,0.017960690532933497,0.017766728599300622,-0.007260929346925194,0.022538498165894393
Ppp2r2c,-0.013964168104184037,0.003928329841695256,0.028150952742047132,0.016326984685788158,0.020599301541193202,0.021715966873853663
ENSMUSG00000121655,-0.013561605778806204,-0.024004420509464747,0.014570372690274258,-0.010060708820442863,-0.004522661878637132,-0.007996224143268733
Gm49249,0.001580879615704776,-0.015663441024747905,0.009535789019393722,-0.0025613848338556207,-0.02380876124058694,0.04440410032178465
Lrrc32,0.02024709497607964,0.007057030845144803,-0.01365615644718242,0.0076032783093749005,-0.007529036566057242,-0.007854723264571657
Ttc9,-0.01938617362934992,0.009556857217997917,0.010012113577542217,0.02291494380860086,0.010370718278361417,0.019094502509952028
Rpl36a-ps3,-0.015402119393140469,-0.023377028564705284,0.012040483235835142,-0.0056078734028789795,-0.006697141043794967,-0.0012672547841571316
Or51a8,-0.014526070770711885,0.006966537767738513,0.014942342192376444,0.023354691891130912,0.014464685537858965,-0.0011097640289007087
Cfap95,-0.021321123045996204,0.006581355476862258,0.010864858716268296,0.012437240128349378,0.003030640898119394,0.00675906511807241
ENSMUSG00000126438,-0.015419741573976811,-0.023371487842945553,0.011861293414866933,-0.005560437079429663,-0.006632953286972686,-0.0012372702594595703
Mrpl30,-0.01601864723843423,-0.023183515021142853,0.007499589159528806,-0.006538142298252527,-0.008849726742238512,0.0011419565284456732
ENSMUSG00000131459,-0.012902995740510374,-0.024641913685349865,0.015225980140606492,-0.009120247117037085,-0.006368705565341309,-0.007948076884747433
Mb21d2,-0.021837812291946784,0.007155276046452605,0.004936116614908762,0.002696673267073532,-0.0073929740082683965,0.02039294375758691
Bbip1,-0.01727833396010211,-0.02136466965752908,0.010124196130807032,-0.0037074580425998493,-0.005216447513873752,0.00033591162386388177
Gm6204,-0.017853846312759228,-0.018005126337902765,0.012170563291273305,0.0025835775030622933,-0.004216294914455381,-0.019788198514422376
Pyroxd2,0.018450989917059662,0.012696022649447232,-0.018674461528540617,-0.011849634996272347,-0.011029743047474066,-0.006400436067048614
ENSMUSG00000129595,-0.021081703488358677,-0.00030710258803818197,0.010582000704575647,-0.009620444460726983,-0.0027768723586561695,0.004510461749469755
Pcna-ps2,-0.015675521559695024,-0.02068298962075883,0.014339205615662168,0.004394861980129147,0.008992893232255706,-0.002674370295865124
Plekhg2,0.018820943288205185,0.01593180903175969,-0.015123660507405153,0.0016743736936624418,-0.002483910108835394,0.006306438484261988
Ace,0.010629014589221462,0.012604036105385713,0.007138943113475945,0.03908689429278984,0.0066099629854270495,-0.03203164682840201
Igll1,-8.658366709022871e-05,-0.00411266137974049,0.0072373172231644505,-0.017798620299730773,0.04600891028453252,-0.03605087446276908
Slc38a3,0.011592010689564876,0.019828283317540784,-0.006241992445373624,0.016625511647801725,0.0070529116828214585,-0.03238606170144091
Tspan4,0.019169606789681645,0.006353802704915566,-0.017147769179661706,0.023030080083570523,-0.001556141745104185,0.013889900517518424
Ascl3,-0.0191741751821234,0.013816687732875133,0.0038050486888759915,0.013956059668301572,0.013855680482018705,-0.0037859593495170895
Igfbp3,0.020666283517648994,0.00834921223382116,-0.008736955510883904,0.008895258442068428,-0.0061838410808611665,-0.007186836312484059
Wwc1,-0.011514979948315865,0.019358593287536037,0.012394314160768338,0.02017339808506226,0.027131801782710067,0.0022194088918320583
Smt3h2-ps4,-0.019375297257719082,-0.016823301566044283,0.011350135679779173,0.003802066209123649,-0.0034136383293678547,0.0005697207475162016
Upf1,0.007378997182016317,0.02507462010360683,-0.005187597065579552,0.013607743809045164,0.009230709964665589,-0.0044003782919664405
Cdh12,0.0036520427208361424,-0.011115592101548322,-0.01444605073108833,0.017017090334291263,0.014884468112265709,0.0519815795854026
Stab1,0.018853815416849922,0.011855771703623057,-0.016724636393438734,-0.008201667050114186,0.0005246757724205691,-0.012903208588973144
Gcnt7,-0.018575734198341923,0.017979014514723234,-0.00013702233854029927,-0.008589275994269768,0.011890671072722448,-0.0006959878856819079
E230020A03Rik,0.0037303438101076603,0.017747579915592143,0.007396858838726825,0.02448204731071027,-0.0022793021614662128,0.031005791209100308
Pdzk1ip1,-0.019305094293444822,-0.0036146905411232008,0.0016070891520901494,-0.005172755041512492,0.03538390274282529,-0.015765686253458918
Ebf4,-0.011171956712842608,0.02514067455048494,0.0038365820442635146,-0.008112610011661942,0.005637472671219001,0.014099549356448044
Zfp703,0.016391511116700983,0.01772923333949338,-0.008374580845302555,0.01922752866425823,0.0056764893608534294,-0.0044770679391867565
Rps15a-ps3,-0.014736147501520119,-0.023847064240730798,0.01340285818556903,-0.000525170243173953,-0.0063860214037799595,-0.001282497621698497
Rpsa-ps2,-0.017669641012677324,-0.014229128267562664,0.012506177448073039,0.009947822560921594,-0.003066259881269402,-0.020868339212342723
Strip2,0.0025556798481877,-0.009761650305271057,0.021095463597152666,0.049671593535062966,0.02430378975248886,-0.0028986404385505328
Gm5835,-0.016036843406052093,-0.020958044073826412,0.016432742845681466,-0.004131864316328985,-0.00889564074818969,-0.004735728454834252
Grm4,-0.0025945622000487236,-0.004903395523239556,0.003001802929643518,0.02350273324374013,0.009418754408369695,-0.003140013389278107
Nrip3,-0.002155983090758905,-0.01977022708336245,0.00486561187409367,-0.008284067068816348,-0.0056264124904810715,0.01778494733304219
Tppp,-0.01138956871459379,-0.013259311331866558,0.009824222337502053,0.0005653634524815563,0.012455109366128508,0.03745936509397325
Armc2,-0.01853933127451739,0.01621880020467934,0.012638512261476794,0.005100817348636745,0.008734470927970054,0.012824369747106741
ENSMUSG00000132024,-0.01531474859375453,-0.02141340974445196,0.01651000372474004,-0.0024825501634120287,-0.012065180110107205,-0.008208776605214078
Pof1b,-0.01787939125970103,0.014807117511421065,0.0072959236261283126,0.008279590530588098,0.005158799733618953,-0.001247986437212173
Cd84,0.0042078606570185905,-0.017543978249155157,0.007717006131054196,0.02452949762546857,-0.03027781103948571,0.0058219055461592095
Pf4,-0.0038572869874102414,-0.02390398516524147,0.01599094077352337,-0.017844439039854172,0.024702290417637485,-0.007142776782890653
Phldb1,0.017144214766482018,0.013105398642808372,-0.020702187351326846,0.0046312179630715565,0.0013380831576882974,0.007050371322020609
2310040G24Rik,-0.016993980065214426,-0.015429273285102374,-0.016079183563759324,0.0013107947113073174,-0.007879623036726228,0.004897703100207129
Fam221a,-0.016140041543460416,0.017956005636992418,0.008433223124791035,-0.0017056952693559882,0.001798650839627285,0.00881564141968955
Hbq1b,-0.002224918621406881,-0.016484235827002956,0.018957930899432925,0.0017981395473269258,0.038219336355554405,-0.022004999500851496
Rsph9,-0.02008033895620129,0.0031577494788112013,0.020711558230956814,0.013058994546491535,0.007119288099290421,-0.0104647526022658
Col1a1,0.01757112163931931,-0.001368973959290108,-0.011748733952988834,-0.007317374208359785,-0.021659025665937023,-0.005689550005903882
Rps15,-0.015076804324211927,-0.022918927303726504,0.01007899541248882,-0.007087015694750189,-0.006393498200601688,-0.009639517387249219
Gm9794,-0.013041773682921308,-0.02517164924800864,0.011560969202347915,-0.008710282633919018,-0.007635255174016791,-0.0018530533500551785
Tmsb15l,-0.01564857863636839,-0.02180030640618693,0.007495381764974735,-0.01253477193607647,-0.006015542611294952,0.009220662133058955
Gm37436,0.013954073678731378,0.020059551107384995,-0.011231253931194389,0.0029649881707502074,0.008337782616244169,0.008726323132481482
Atcayos,-0.009154740454052158,-0.0130575383702339,-0.039673725910572645,-0.00046392459904846464,0.006068285001908017,-0.004850864829047087
Ndufv2,-0.017669957838179658,-0.02069232185523315,0.009587397492857986,0.003388384082398303,-0.0037993797241210807,0.0017335996738846104
Or8h9,-0.019820698748267744,0.00992936389268438,-0.006327572813615732,0.001480202849458927,0.017389337209162314,0.008353442435094494
Rpl5-ps1,-0.014976722669854297,-0.022901452887150113,0.014203092088158373,-0.006143797136191518,-0.005271657439368509,-0.0017218114512842263
Ccl6,-0.005446546731630673,-0.024717081154094614,0.011700067240340256,0.013203588518567766,-0.008508756697878145,-0.015671873276295246
Rpl30-ps9,-0.015065547962233925,-0.022901469891875255,0.010033155287396591,-0.007869727071203442,-0.009747078809591187,-0.00563665661180615
Tyrp1,0.007002085593370798,-0.007600829595002826,-0.002260885526302956,-0.003482193074247507,-0.010172106500318292,-0.036333848018327335
Or10am5,-0.019338289126829427,0.012263706288472011,-0.010874845010717994,-0.01000661043862537,0.0029403770023224063,0.009880068794776433
Cfap20dc,-0.02087388395100084,0.010957233656954661,0.008541653553046525,0.0002182253656688591,0.0019864830075820073,0.01005173204367447
Rpl17,-0.015281511268430695,-0.0223856951694688,0.013317421119695888,-0.008572423971248383,-0.002855636176586133,-0.005162299636949869
Btf3,-0.017180314199202528,-0.02058879294824317,0.013043570791159004,0.0020540902274568404,-0.0019489168773140929,0.00147623445343952
Ppp2r5d,0.016789033544985,0.018235810781974195,-0.0153681330684187,0.0030008150715979433,0.005889317576652957,-0.012458814631838651
Tnks1bp1,0.01604501847274208,0.020792142336391834,-0.011474221556781976,0.007092643109993088,-0.0021116565426038017,-0.014306785478863418
Cecr2,-0.01812688583006855,0.016813970067087992,0.012186833719362272,-0.0010674176293838972,0.004569262740972515,0.010530347744937343
ENSMUSG00000135122,0.014858104345385866,-0.004120921189459131,-0.011041671154835,0.02720148386062567,-0.016000623941473006,0.0007588111259415851
Myo5c,-0.012103741171030906,0.01943269744852812,0.007219322611158042,0.02570096774368987,0.024375575024854983,-0.007112824370206131
Rps28,-0.013513824736129016,-0.024607162960735337,0.011577913447244065,-0.00880252127866531,-0.005303615841077991,-0.004475038471425695
B630019A10Rik,-0.017171482343325196,0.016406837812930168,-0.0015931458998269372,0.003482110655281402,0.003055576731323566,-0.004603968174546085
Gm45234,-0.018608098171592053,-0.0174017107708942,0.011955429127184296,-0.003316331619694324,-0.005200527198787234,-0.010032945421334883
Phf1,0.009881436240272616,0.02643973784975756,-0.011411132842330345,0.0043723989357392174,0.005721689233607648,-0.017182019269665196
Cd93,0.02097861513570231,0.010807709574145999,-0.007951776805600354,-0.0019472683501412893,0.00546458508078714,-0.012222352398973476
Trim63,-0.007906095501329981,-0.015802582451406692,-0.039289370309112025,-0.0003475975722955149,0.0004921093336706644,0.010594690432425766
Gm44021,0.01922336213638071,0.014214367129724091,-0.014272722227260956,0.0016155942176136818,-0.003041824270549192,0.002969548374873468
Sh3gl2,-0.0013996183111336079,-0.02174219539619588,0.011849724179007974,0.012148602304467368,0.002668849560303518,0.029870036255941652
Hcn3,0.003021153702104912,0.02046904179111821,-0.013974655051424404,-8.14081219060996e-06,-0.005943942664849684,-0.03682906930172468
Vwa3b,-0.020889721156757107,0.010321596621481058,0.0024787585701214476,-0.00296623360734638,-0.003427601247598284,-0.0067294835864617495
1700042O10Rik,-0.013815678856227705,-0.017432070366981894,0.005440762299329892,-0.021460489178802927,-0.005855361548930683,-0.022019455641551704
Psma2,-0.017588523129152395,-0.01957080095590368,0.012207665752385851,-0.0007676665023809552,-0.0026105875371739565,0.00968764574511482
Kif5c,-0.009764799098799501,-0.009916806701761784,0.022140602062756268,-0.01636221812209066,-0.010828371032558074,-0.02724052444078022
ENSMUSG00000136525,0.0030627237080258986,0.0144281094643433,0.004561983615376264,0.010324315163210692,-0.007431944247268255,-0.04682436296148293
Megf10,-0.0032100436505192688,-0.018891583830822407,0.01620217214558389,0.013141858956779823,-0.03360612143735702,0.02526297767218638
Rpl19-ps11,-0.015052466561146316,-0.02309029876861466,0.010524529426517134,-0.00858238831063697,-0.006399741644005281,-0.002800020607663795
Gm21399,-0.01883679181149212,-0.015938141413747425,0.015625529887301974,-0.0031062586895304733,-0.0067178500096909,0.004316022445127924
Bloc1s1,-0.016230227010020474,-0.02134541749338623,0.010756709046235028,-0.006906471129855382,-0.009980214152727596,-0.005842369022272496
Septin3,-0.016659941510875617,0.002395641390739437,0.0136453729420738,0.020823167230678195,0.014450279375190661,0.017218818052940527
Cdc42ep1,0.01626554000655984,0.019892837471447235,-0.008571596539336628,0.005397568911248473,-0.003915947296163984,0.001835948331464111
Pttg1,-0.01769315843764838,-0.018666230729186047,0.009893617092530525,-0.006887418895593065,-0.0033436580206933205,-0.010445370954185237
Gm49393,-0.00941430255439238,-0.024651655553670382,0.01621328099405953,0.0009149941179322262,0.00017637801287015146,-0.007002090258560836
Khdrbs3,-0.020993286023549603,0.0076268180001984875,0.0034162624682593083,0.0007856894024215994,0.008756723737965367,0.024230966736272643
Slco1a5,-0.01912496290264441,0.010014106467799282,0.010854703205798458,0.018354488545747456,0.011713684514139804,-0.0036453636505712128
Insl6,-0.020624769518655446,-0.005122346196346945,0.0012479911467646757,0.002906918981723247,-0.009567357511662001,0.00845740335213936
Atp6v0c-ps2,-0.015078977019146357,-0.007078466577524947,0.008702609243699871,0.025737685654180487,-0.004323100267597823,-0.021818367456134174
ENSMUSG00000136134,-0.007385591417207124,0.0032775780288507475,-0.026636252397898956,-0.02047933937183942,0.006366486419015003,-0.020765542254581427
Gm5805,-0.016933533560604723,-0.019089167297224964,0.010708609930198235,0.0016780296083406749,-0.004796666540154437,-0.01789636558912071
Ube2t,-0.013922137874562104,-0.01817124556547345,0.0074412091175416195,-0.01926458985521411,-0.013277194363200993,-0.021193335514257033
Rfx3,-0.017317979014523192,0.012810950818561309,0.008963523919549752,0.008363299687793339,-0.0037089081082085137,0.02260111624917728
Gm7926,-0.01388818462361256,-0.02397787648214954,0.009471968270086334,-0.009947039212813367,-0.00979122524050185,-0.0028556726960427803
Syndig1,0.00018024971341198192,-0.013338595135506266,0.013252096195960931,0.024722685605845646,0.013568108581423238,0.0250380455577498
Tmem63b,-0.005404506752233092,0.02588928463566904,-0.004728277640567198,0.018689282521710482,0.00838149082544794,-0.01094848029438102
Cdk1,-0.005729667444110308,-0.01510643454693732,0.012039594254770462,-0.0032530531376977184,0.03976175815256464,-0.022322058043635972
Ptprv,0.017449988325174595,0.012292182726155804,-0.010549028906987043,-0.01404581781680884,-0.014464195568290717,0.010354265469702549
Gzmm,-0.016741481280573768,-0.017270917646106432,0.006363955076462825,-0.013751684812381907,-0.005818651611272933,-0.016211337253005526
1110028F18Rik,-0.016503692129343956,-0.020450218853627074,0.011621169185658418,0.0014719432371556305,-0.006625240682328201,-0.00765575489999175
Grin2a,0.004109340330412966,-0.018246820225095665,0.004201171029614272,0.0070674998732301484,0.008326860244821732,0.04135951691068573
S2bpcox16,-0.016156712987219133,-0.021816047029813254,0.009186645493454326,-0.007335610120521115,-0.0045323206689146306,0.0007223163288714744
Gm10241,-0.01769708848663755,-0.01678823194815914,0.014882319435294396,0.006365647189512162,-0.008122511519654135,-0.00415429625645957
Ssu72,-0.017160961428870386,-0.019958352308815132,0.006145637495377891,-0.012731361931534207,-0.00821388659145629,-0.00105741226293459
A430035B10Rik,-0.01952287733058437,0.012190137784017561,0.0049778434561734905,-0.004666338908758899,0.002476530494883839,0.009991380367994112
Gm13461,-0.017159396477714185,-0.0190981548963343,0.013167777887143312,0.009444037292455477,-0.005483045278419079,-0.006110675249110435
Adcy1,0.008758384928921038,-0.013000847908352306,0.00878927290139313,0.011138645156027659,0.014363159728208653,0.005812312035920609
Klf1,0.0012466955904894936,-0.011426097328016194,0.010251765093453604,-0.010393501442000212,0.04821473380776442,-0.01911520977229524
Wdr54,-0.017265821297998706,0.019145413029042328,0.0066314727365537176,-0.002338345799470121,0.010839053320570224,0.004424619030655696
Or6p1,-0.01760866801969066,0.011321925774952873,0.004596426216184207,-0.008724510028907022,0.013345836020414096,-0.013472472725174477
Gm14029,-0.013663736410982844,-0.016944612188130734,-0.0040232128102699076,-0.026107208813015,-0.004308853138346715,-0.025263984757482188
Gm14541,-0.012406277113069861,-0.024660949282765278,0.009190254839883432,-0.011972331065894778,-0.009928854000254624,-0.0008310675335364821
Ak1,-0.018463807132807097,0.010987926303740111,-0.015578372219285659,0.01318905987430891,0.0029203831035316736,0.005762895638527795
Tmem117,-0.020756038727092474,0.006548004716850814,0.0049508918908574805,-0.0067943251585365835,0.005922075827549563,0.015363002164602527
Serpina3n,-0.013648421728319125,0.014606209498778864,-0.005795060327100964,0.015035394820992884,-0.011271707505200611,0.030948475280543675
Phlda3,0.011983923771124394,0.014970507117194,-0.022359038207759134,0.007406923290208124,-0.0025502894519388183,-0.013876877106151852
Rtn2,-0.006020572414302451,-0.008828064212145442,-0.04326060756326918,0.00488789246806017,0.012707075662508371,-0.009559205059063013
Cdcp1,-0.01625494721934442,0.018988304775565887,-0.0009086004649408238,0.0036676268186202838,0.0068857729362064605,0.0027908455836143558
Trappc14,0.015304832532601254,0.0206948102794447,-0.01055352619699644,0.004789052537808584,0.006387943283563541,0.003469043215151917
Fmo2,-0.0029133002112049413,-0.0008826781047800654,-0.010917673529842414,0.02636873614451726,0.018290077867132108,0.04137738884727255
Pdcd5-ps,-0.016854183537653694,-0.02033729893559421,0.00907195783589634,-0.008054656343413041,-0.008756856550270512,-0.002856177625313443
Lamb2,0.018958072165344904,0.012660968436956492,-0.018084862917615435,-0.009682422759333672,-0.0038632250237549217,-0.0071866029657062565
5330431K02Rik,0.01116058432125986,0.017340894797303115,-0.009706875773304167,-0.010886695512471145,-0.015144437768980579,0.017496693877543105
Gm4332,-0.013051519896030959,-0.024325470163240968,0.010040047211653034,-0.011016576309757263,-0.0057671992395311,-0.0021128261960502628
Zfp219,0.01028956111445962,0.025857789087563064,-0.00475889997889307,-0.0010112993913867806,0.006468309238491208,-0.018498809225836785
Mrpl33,-0.014666680322680306,-0.02322057119821485,0.0089405594899177,-0.006473132367089618,-0.008035880436256398,-0.0017244028836348874
Impdh1,-0.006578037387608556,0.028520518030651535,-0.005827659805295204,0.006593600344027845,-0.0008334954511001059,-0.004845927806268941
Tspan33,0.004132168848795915,0.010598438169775357,0.014316487711488616,0.027675730948522693,0.04174880684579484,-0.035847848918292395
Rpl24,-0.013937386993594812,-0.02383832837218875,0.010813614074620831,-0.007354274564074326,-0.006450121391151603,0.001898529411843605
Klra17,0.004561298284085424,-0.019796900095315647,0.009905920213727337,0.022288453268279593,-0.034667431510364916,0.015519120326152467
Trem3,-0.004165445286884262,-0.007628808365509336,0.013797741072282535,-0.020416264816373,0.050308405904427804,-0.02548997328089797
Myh7,-0.0016245255267820855,-0.007080678521262859,0.00344829986594192,0.04595392682960083,-0.009043016049432149,0.0005577817884058234
Gmnc,-0.005092180477055132,0.0013472623900807705,0.018898419447645642,0.03864293050733525,0.03399676941843662,-0.022027756748709746
Nwd1,-0.012791117368987966,0.017440403507479663,0.003977041384226482,0.028827275192373887,0.0187801376443311,-0.0013188501355651933
Sub1,-0.017480652196543312,-0.01718303328911504,0.014526171638719379,-0.007905851939635736,-0.006731152827575493,0.011057809184693105
Rplp0,-0.014500976021331153,-0.022756782634337742,0.011794521367152547,0.003784729765349701,-0.0035413278410200717,-0.01156193187792507
Gm6436,-0.016639209902413462,-0.01984420727797017,0.010168957611256408,0.0030018200267873194,-0.00879464605119356,-0.012394879709701418
Snrpg,-0.014573139164095692,-0.02326987005570092,0.010976478203856277,-0.006523630450063367,-0.0021209728504436092,0.0008046080421750277
Ndufb6,-0.016180266823491867,-0.021646919864606148,0.007048593335352678,0.004205412011130744,-0.009513367374396885,0.004300237433054699
Msln,-0.01934505063281794,0.013283562747697104,0.004538997270542447,0.00809084649264008,-0.006732797568744813,-0.0023735473533651745
Cd209f,-0.004238600413803488,0.006382275429410268,0.0011417802557904995,-0.036231497702974694,0.028799062415756336,-0.022756425887664654
Glb1,0.010591408675368985,-0.008753703540544886,0.0005902656362271777,0.03579624395177255,-0.03032536741546399,0.0015498150687359969
Adipoq,-0.007543656627040953,-0.01379573553401193,0.0011334141974684647,0.00503459153393966,0.048194580533237705,-0.022712915745752453
Rsph10b,-0.014810030623308263,-0.01272429053225797,0.00506822193098041,-0.03164446094999868,-0.013223083275779056,-0.018155332631371538
Lsm3,-0.016006009687519952,-0.0212107800741215,0.011844343751450541,-0.0021330856341786057,-0.0010535652868698623,0.0012889062192566066
A830036E02Rik,0.017456819144519947,0.012030200385096232,-0.012706371275385455,-0.020465294239911343,0.005531401118278173,-0.0004093040070399193
9630050E16Rik,0.019214316609142374,0.012375732028162598,0.001978109918617805,0.0002170639473219516,0.006112042439587765,-0.007200776055633635
Epn3,0.005427717022287112,0.01834413626806418,0.007325564473756526,0.02978802350644207,0.023894395441627334,-0.03242942918168337
Plxna3,-0.013759991493263894,0.022989311496175138,-0.0036862598666003586,-0.0070156760773022134,-0.0004179124609197332,0.01704300835052948
Ndufs4,-0.01757302476788137,-0.01970415085292348,0.007097139107450435,-0.00040714044261709576,-0.007075851255158504,0.00013467549994470045
Gm13339,-0.015210212090812972,-0.0215844112552879,0.0033142321440470714,0.0009001952427895666,-0.010135410853504738,-0.008687647467399178
Lima1,0.01323623706957055,0.021668626532244464,-0.015002233350455018,-0.002411473181515426,-0.0009568633458500214,-0.0013715576966892291
Sowahc,-0.007998426120193351,-0.004631197051157395,0.023945859596183942,0.03892540751394114,0.025570785019318393,-0.0025113445214683715
Rpl7-ps7,-0.014841432980542817,-0.022687165370032146,0.012168116596710079,-0.004597044467884647,-0.0041805197353928375,-0.0029111375555255716
Pitpnm2,0.014384168673699554,0.013267188688954068,-0.017775200678648365,0.005141846327238637,-0.0029842984252328735,0.002727678599932006
Bcl11b,-0.01604441729580737,0.015868108933544987,0.012141343348759985,-0.013402780309210617,0.0037635902104757426,0.011108536998119747
Nfix,0.006750741001091925,0.021120639108196594,-0.004721784527220263,0.01643974647210605,0.00024230785003682447,-0.018854854409402648
ENSMUSG00000143474,-0.015204207042131122,-0.021549814241154163,0.0032947301213999587,0.0008756234714842478,-0.010174709854467936,-0.008602789227854983
Rexo1,0.012372717505232023,0.024137142339598426,-0.003190276485882844,0.006879526112838796,0.010573169863950486,-0.0026846758380469266
Col18a1,0.01377442806890195,0.021349040243358295,-0.0167577946119321,0.005819352078060473,-2.6540417639208383e-05,-0.013428689328359923
Oca2,-0.0023054521670954954,-0.0058043860535970295,0.019323972667568634,0.04461675138278542,0.026473040002124013,-0.019660442117055307
ENSMUSG00000121870,-0.02078817013882906,0.007600650192650294,0.0003813328389705516,-0.01019490068295901,-1.4957934306365175e-05,0.006287986766527065
Gm53055,-0.01638090198643147,-0.018370374421753422,0.017354505937497048,0.0075927232542569575,-0.010819715149016704,-0.0054621140798282244
Mrps14,-0.016683721075769316,-0.02078913316658806,0.009648335744060443,-0.0002247429518558474,-0.00540628043742152,0.005843032615510583
Vamp1,0.00530388359617676,-0.00012146241729501519,0.005493014611533994,0.011341488018627874,0.011129757942090077,0.03775258225293661
Eif4a-ps4,-0.012346576693642796,0.000548174908443841,0.0020028742837827187,0.028460940956233752,-0.0034922748602713677,-0.02035382857060035
Gm43765,0.015748237169909203,0.01761552837311228,-0.012764218750458701,-0.005145645382106131,0.002955193406816438,0.003335679749559561
Rxrb,0.01583590272979366,0.02004920744352278,-0.011044658284354863,0.007602743045658986,0.00898374510994641,-0.005789271879226853
Cldn2,0.002547143097454749,-0.0010163385367257317,0.009900338283992257,0.04608402073586116,0.019547117544361527,-0.03109106598841304
C130021I20Rik,0.0186858705102324,0.016530972441197105,-0.003215924775046227,0.005325123348958268,-0.007103517617555435,-0.007976970636760129
Coa6,-0.01635435175714721,-0.020553041554954413,0.011660058151318925,0.0005231494601298197,-0.007541631532203222,-0.0003615980039874836
Apoo,-0.015375716540507109,-0.020276068336212528,0.01174324840954541,0.015557168887625927,-0.001212038975391887,-0.002284411545557995
Or2g25,-0.017057154073128123,0.01670985471180558,-0.005177111239228294,0.004717088603901211,-0.004936514174039631,-0.0015192754856088138
Nbl1,0.012037773540041225,0.015958379889829895,-0.013845226953784113,0.019740242432461582,-0.0012790136818982315,-0.0211493896706
Ccp110,-0.014997890800963448,0.011015396974689782,0.012406011588276204,0.0009511022763636217,0.0060033023039328245,0.033786572738898304
Nme1nme2,-0.013177122501065118,-0.024091943211074423,0.008122799154710472,-0.0028435609005535833,-0.010453125801876184,-0.005444856841684027
Gm43445,0.016645007139050844,0.017296632203344865,-0.010787007104135032,-0.0014789085984448257,0.006035568279002666,0.006237682496094265
Scin,0.0011991247631285818,-0.015738812186787614,-0.005638877175128989,0.03352342142224746,-0.020002688157793182,0.02533940844592988
Gm6419,-0.016413437440403734,-0.01974439297543667,0.011619515297834905,0.004427089450817882,-0.005338395936255512,-0.0017502740718679066
Gm19500,3.931613933340279e-05,0.010116976410102585,0.01738638403344909,0.028280505267607833,0.024114608550001165,-0.027387454817783156
Igsf8,-0.013823884379966324,0.02326156058766092,0.003140343617985516,0.009147758696332638,0.003398662945621194,0.0117120981243283
Arl6,-0.019353889468944563,-0.010215758374515015,0.017320541270155802,0.003814894101341228,-0.0011339795014497737,0.014626211434972046
Fxyd1,-0.013887650553922793,-0.017096882008310558,0.007932527868533112,0.010209975644681351,-0.002982603480068399,-0.028651036590233925
Mpdu1,0.0019012029846374417,0.01813213600223876,-0.006182097444077824,0.0189191186561236,0.006250501962695929,-0.032399455539116294
Ndufa12,-0.017284450116253746,-0.020004842955799254,0.0033448331366084613,-0.00157819228925505,-0.002522062840177007,0.0011813437509856355
Mcemp1,-0.004950951826033632,-0.007844276457185235,0.011962193946268702,-0.024007632888070504,0.037467855185258296,-0.029825240418198166
Mfap2,0.01385573348249948,0.01958450784058554,-0.0036646885581095726,-0.008273899707183152,-0.007494115652147792,-0.026974397969456554
Scg2,-0.014505752349973916,-0.01582522182528931,0.006597636118833684,-0.025963548272113366,-0.018202731082718013,-0.019729378434150013
Glra1,0.0028224410508652324,0.0015491402868315295,0.009595353163539412,0.009736437093321894,-0.002500911103743266,0.02186384944395202
Dnaaf11,-0.01944795642643528,0.009006163554062663,0.0006651239208740403,-0.0006602835923970892,-0.0020192381329435624,0.002957641854847848
Arsb,0.004963955082141641,-0.017195519165966667,0.008315646537754566,0.029461719976568632,-0.029952491901675444,0.01216331480977277
Col4a2,0.018086624774467278,0.014667283626466214,-0.008718188853008686,-0.0031473922313456494,-0.010244282753280863,-0.019723316056079156
Ppargc1a,-0.01696222890126161,0.0062504837264968855,0.01603694767180603,0.014114700143763703,0.009113854132289226,0.017117308005497076
Lst1,-0.006685232904104673,-0.019081010584332737,0.011660275898251983,-0.02859024763165742,0.00299087004022321,-0.018505210972970133
Myog,0.0036366083186907924,0.007748657311334426,-0.006750894864352323,-0.007089133077359126,0.013936031472911314,-0.02810622822483419
Hipk2,0.00663120227118268,0.021947350245647545,0.0013230189748974143,0.02357380158133526,0.0034269206514906665,-0.013924158288128298
Prelp,0.01650702514439896,0.016547189918023612,-0.008747558340077705,-0.01435911949638698,0.006500275782619875,-0.013550682754537644
Lgals4,0.015495842406449264,0.016729044234268464,-0.01613289695584665,0.0010326062399473302,-0.0015845446185304669,-0.012585814407216756
Or4c35,-0.009930546474286234,0.014208744466857033,-0.012202598512840257,-0.004574146550366587,-0.0024092378235880374,-0.014060794051867196
Dnajc24,-0.015520013394653769,-0.02027458744045446,0.013964155446317806,5.14169764144706e-06,-0.011094705255504943,-0.0006941764880942857
Or6c208,-0.011008815581431661,0.0185947252094976,0.010256337586350675,-0.0023764396580820478,-0.010831125481511144,-4.890979284063547e-06
Wdsub1,-0.016520801475361824,0.017072179297241308,0.009410599590835001,0.004125438225229915,0.0035183676800067077,0.017581963522120013
Col6a2,0.01709493038377321,0.012888294997339437,-0.010720681467024176,0.0006286191313357976,-0.010174042337954171,-0.017105260528603398
Ehf,-0.02009739980115006,0.011584215948114722,0.0022960075390625607,-0.0023102233061321016,0.002664077788279338,0.011110769080188609
Hadhb-ps,-0.01707053069110377,-0.016563807328283688,0.008936755265450867,0.015605311386038876,-0.010810686281525006,-0.007803767170009455
Ifitm5,0.002495057643516261,-0.02618835247765491,-0.0016779398771314695,-0.009723640206326368,-0.005519731142526168,0.006259659912270747
Tyrobp,-0.006779403666092311,-0.025229692450114048,0.01186994641242136,-0.0031513978632449094,-0.01944456887423262,-0.009023582725594175
Cfi,0.0012736100622935326,0.008062671822215959,-0.006445604553765831,0.021957111625278705,-0.03539345473350513,-0.05052990647049407
Etnppl,-0.001993167555108547,-0.016816382711420125,0.013898172369430233,0.02487203875312324,0.005997694211641106,-0.0003583316816760685
Hecw1,-0.015473167921714843,0.008623132998689005,0.011763941188250767,0.009683986076460207,-0.0047392757566950576,0.017766181012835513
1810037I17Rik,-0.01613114152689777,-0.020632782478301824,0.013086087587885202,-0.0017798343060096882,-0.003523282787884731,-0.001590441010422086
Smim27,-0.01348626925895913,-0.02281955792072873,0.009876854939030517,-0.007922728151318335,-0.006673097010445032,-0.009824706672978347
Slco4a1,0.01404699344782561,-0.009827583820610606,-0.011794164142550903,0.035884525636892026,-0.001285531987817601,0.0008205778159230127
Bex4,-0.016118074331039935,-0.011723421623621595,0.014249798708664461,0.005656401309801675,0.012627236367233879,-0.005256922072542478
Gm10275,-0.014042587299799451,-0.023287705634214527,0.008418390712685409,-0.006087169295437101,-0.009530178211502009,-0.006814896128406617
Cebpzos,-0.018648644365945297,-0.017088562249318838,0.006509412825841976,-0.004276876004243834,-0.0007989560930486834,0.0018937147584395268
Rpl13-ps6,-0.013869597588765378,-0.023073310528749776,0.011272348741296099,-0.00164089518069062,-0.004716763113821366,-0.007232280274872289
Acox2,-0.01054893035254288,0.013765187510055536,-0.0012843247685665748,0.02545576910557519,0.002069228100324225,-0.03400616754860037
Fmc1,-0.017702047377199926,-0.01878863583792461,0.006641606098556111,-0.001596585236390583,-0.0028675540535571297,-0.006162091389185419
Gm44022,0.014560962761174665,0.020226409348600063,-0.00899486694028442,-0.00026776195113699353,0.0011299525144231855,-0.0051332126181213
Klf2,0.015818983009777104,-0.00563273994353775,0.0018599979232775425,0.021871480551046468,0.015304409882455185,0.0043242750989546585
Dynlrb1,-0.017151390543978188,-0.019204204137622378,0.010812390361993298,-0.00181517783286044,-0.005583093906748009,0.005378848480139348
Caln1,0.004613571416474435,-0.013631228867265381,0.017903408781077722,0.010870813378108352,0.003969717138038557,0.019832937659664977
C78859,-0.015187891065176713,0.019073025203566598,0.0032293075583564885,-0.0028920474192600815,0.015041101844880188,0.01215237842306188
AI480526,0.01225422252714093,0.0192016185476162,-0.01573900802677955,-0.017347566178432174,-0.002706698546528043,-0.004642093877727479
Ormdl2,-0.018682755697716904,-0.01586304572456152,0.0076110133766049935,-0.009895056153589252,0.0024770728031005243,-0.006065729999802456
Pclaf,-0.006093603421285901,-0.005089037358831356,0.01992279894110146,-0.009981463386461064,0.04989737057845041,-0.010722135132453637
Gp9,0.01089855807698412,0.0034148470868553176,0.025890897920951755,-0.0008727815047914518,0.036320575215617094,-0.005656360915907214
Cacna1b,-0.017382021752452424,0.008579669887855744,0.008516284798429698,-0.002016536308904632,0.004450974324476199,0.037004494036087986
Rps15a-ps5,-0.012467823416274504,-0.023964763284084208,0.011283863371038996,-0.007875526144805344,-0.0080375313066142,-6.421590029580518e-06
Immp1l,-0.015447597763369673,-0.02170977314363291,0.009537064395036186,-0.004959172877715316,-0.0011911460064009181,0.00018117777997090967
Ggt1,-0.01544405292178336,0.02046334526599404,0.0036964264485897084,0.010171413386375349,-0.0013489831101295342,-0.009495457230294452
Sec61bl,-0.017042830037918337,-0.01686528741266449,0.01618379812392683,0.0031179862125721726,-0.009725546285482852,-0.0049095911905972294
4930430E12Rik,-0.0023578918258597404,-0.01622278543578943,0.003197371624144451,0.0166877689216344,-0.03530225089683798,-0.00589020176670983
Pclo,-0.018452395190325575,-0.005203995439009043,0.009469009383975626,-0.0026839606802750277,-0.005725087039650856,0.020900891821075764
Ypel4,-0.017864933091444872,0.01117959915131893,0.008009354759232156,0.0025895765172219243,0.016244280713361068,0.013432419163114972
ENSMUSG00000128633,-0.013057133191489743,-0.022878431168369805,0.014458377091727165,-0.005681333702057274,-0.007843344392253178,-0.002598645791064037
Mrpl11,-0.016085402349168602,-0.020971239654785704,0.006660273093976931,-0.00147959345829915,-0.00154431869595221,9.168479848368724e-05
Ccnb2,-0.0036129687717318545,-0.011450654219893944,0.007379329920752185,-0.014602761931267303,0.04558971149915264,-0.021978856434678895
Ubl5,-0.015608916877235784,-0.020581595428564737,0.010606954771982563,-0.008393369563033848,-0.006895134780453536,-0.0044429485224427735
Fat2,-0.0014703580429638603,-0.010780756032425535,0.011860692410777545,0.013428284554615122,0.00775883768539901,-0.006448560983169389
Rps12-ps3,-0.013085475988205917,-0.022834969362466404,0.014587432115527526,-0.005526951663253054,-0.00761244214351129,-0.0024449853865114147
Cdh3,0.001641284417664083,0.01600033001406942,0.010806150270819591,0.027397539480687228,0.022370969973846272,-0.034502771246658945
Psmb3,-0.016710402797741702,-0.019246927176082698,0.012341467020022902,0.0022645982044703335,-0.006293618493237309,0.004523987747428674
Nme5,-0.02034503534088957,-0.00875319747094093,0.011094489235609043,0.0009942425360682688,0.008448179169013952,-0.002190182038489961
Cenpb,0.012273812684844555,0.021226366868399054,-0.01022212683955331,0.013358658504418839,-0.004734436346028211,-0.015564397894693058
2410006H16Rik,-0.015370643839439516,-0.020267340712250573,0.007377074790573859,-0.011765042497019606,-0.002461687354823891,-0.014024381373158567
Tmem256,-0.014230288564747395,-0.02236739249846041,0.007462603839975646,-0.0066996378555890974,-0.008176646053331318,-0.011320587620953275
Faim,-0.020915660722681282,0.0031030834246811205,0.011264921985542107,-0.0024267384777098087,-0.0003694500122445965,0.016909742347844862
Lrp1,0.018183306984554993,0.012252460466670789,-0.009097135934683158,0.016024731780899176,-0.00972667809360359,-0.006588591428973691
Mrpl32,-0.017324607925212693,-0.018362633564768936,0.008749729812941464,-0.007032834931416303,-0.0061407871389380616,0.004718881609081838
Igkv12-44,-0.010048083606543653,-0.008464609034422364,-0.017072486331109735,-0.006486688245817053,-0.007013956658044964,-0.02535884003980763
Uqcc2,-0.014542616932003283,-0.021855942039285595,0.007431471946099295,-0.0023693439702677944,-0.009324332931936338,0.002514557232622259
Ksr2,-0.018575557959907764,0.013522585777080643,0.002634604109179502,0.009583274039451448,0.01003708450040988,-1.613337062655609e-05
Gm45640,0.018166636997604346,0.015004475759859756,-0.008428893489316178,0.007325436186200921,0.0011552186175067141,0.008126231181678939
Pcna,-0.01261366911364336,-0.02306958708807281,0.011822388388008004,0.002227794420940095,0.002819146592395808,-0.000983751775040467
Gm13456,-0.015134235209630234,-0.02011890553564713,0.014522192503266723,0.00925873227791938,-0.0024270147874479965,-0.007485396705763507
Rpl36a-ps1,-0.012035997840894555,-0.02405449060764562,0.011168595337149336,-0.011032612763278979,-0.0071803882140760835,-0.0029267642966864125
Gm49342,-0.015430719672114868,-0.01751199805513385,0.015145264014244495,0.015694168353122432,0.0019759846815971425,-0.009190196380924753
Atp5po,-0.01776283570814934,-0.01831301247939047,0.009078744032207485,0.0045228257403928844,-0.003979377171150669,0.002760096779829619
Pcdh17,-0.011911505827560686,0.019929532436110193,0.0023193493156961767,-0.005370566073074052,0.005598053654792845,0.017315501702692585
Polr2l,-0.014182685829821235,-0.02164658613754922,0.006985600688294904,-0.0026634608425039562,-0.004677515440851929,-0.01041964172438815
Rps27a-ps2,-0.012650167406589339,-0.023046652241031078,0.01038250665704237,-0.013214943005478395,-0.007766244003005352,-0.0045757818630301796
Clstn3,0.008145232635419815,0.01793149856756843,-0.0033170145812911607,-0.012659154118785005,0.0015092384916664244,-0.022105316130484155
Kcnj10,-0.003439388673587058,-0.0035492809057547227,0.013469922028008799,0.011492157998827295,0.008207509187100162,0.03657550057686913
2900022M07Rik,0.00017802858500608426,-0.019671933013728462,0.014112008461233838,0.021071451883720133,0.006711628415439139,0.01847277301559601
Myoc,0.014301178529525985,0.017519684933357208,-0.01528372227535104,-0.006621231415003624,0.011489024937735216,-0.0070430915323590896
1700088E04Rik,-0.021315683022934562,-0.00021405181972655718,0.012768120722219892,0.0018204878020606217,-0.009658892188921377,7.606648746340353e-05
Tubb4a,0.0013932857567223254,-0.010547614032713766,0.009442863473813772,0.01316812515223412,0.00742542574158803,0.011584575580251609
Magohb,-0.013966192107592009,-0.022044101244264626,0.015436757259236693,-0.005085732444262576,-0.00020569504109284288,0.0028577167207444925
Rsph4a,-0.01408096115768183,0.01077993057256875,0.013187966234337548,0.018565074595129075,0.002477725204493806,-0.011357139529020455
Mcpt4,-0.006741497203013666,0.0038125078989458797,0.0066499542798164534,-0.02379812828261481,0.01188083205133085,-0.04872088212337447
Mapk15,-0.012055317962647739,0.021119758639425553,0.003192380652334107,0.010519429825286197,0.014696859741832755,-0.0014250989225405438
Kcna2,-0.014891105727683847,0.012472261793783685,0.010868748365871497,0.008049731266698602,0.010773229718957533,0.025553375910932128
Gm13092,-0.016123302964458394,-0.018785756767788483,0.015047191623588132,0.0022398851530325316,-0.003013097271374788,0.004412399283078243
Trp63,-0.019781973640798242,0.008594703460520665,0.000543540467238182,0.0018579341814711277,0.010449426617508395,-0.003087735248120483
Col6a3,0.009155523244481609,-0.007094864519755343,-0.003232866494612319,0.012584782621164818,-0.03464272826387658,0.007774728311969072
Ntn4,0.019434709725743887,0.010216885626508817,-0.010006764189403715,0.003749954855026164,0.0010782065303513012,-0.0061114286718001965
Snrpe,-0.014435621672644453,-0.022162316259217215,0.012090275018458316,-0.00363077160979048,-0.0011945753053007853,0.0036570123961068863
Gm50107,-0.017096872726747907,0.014711089299113729,0.009518559616767718,-0.0009013978954068148,0.0010902858295084648,0.01833422113287086
Sgpl1,-0.018016665095628062,0.013192390923644357,0.0095979582917863,0.0020715512247787625,-0.0029336174472746053,0.014716961878140266
Dnah11,-0.013991664050623869,0.01727712028714884,0.008566261903177308,0.018581328655597463,0.008972273595827448,0.004465606164406131
Mettl21c,-0.011240171984820175,-0.007940885263137614,-0.026286515606655306,-0.0007737353587205378,0.0006889993070848344,-0.023092798807225735
Myh14,-0.008687047079354925,0.016969620296792973,-0.0013060994641051515,0.03439351866523191,0.021576952756411277,-0.008455400501847428
Bmerb1,0.0007733606820762549,-0.019491265727506944,0.013808751723925166,0.004240470565236741,0.014070155458142044,0.028875496446971904
Dcc,0.00890050930488621,-0.016381638508956402,0.009452054384513017,0.023038764634868706,-0.0010885150898644442,0.023679081620217698
Palm,0.007869205202682361,0.02687196032581695,-0.007162046706088148,0.005894392317920107,0.000696880980362361,-0.005970277397542688
Elmod3,-0.017227263493192067,0.018594229222767593,0.0035773640439448143,-0.006097931114778123,0.006662624476929505,0.005083150602620477
Ift25,-0.015873106364148026,-0.01935461164862662,0.010273605131772221,-0.004997841939232458,-0.0018457323880958693,-0.0017743747465496398
Isl1,-0.015776780906505066,0.007526099973760171,-0.01604405199370083,0.004277111673462918,0.02766703691086331,0.00411844602339845
A530020G20Rik,0.0164777604298126,0.011134222799960212,-0.009181457395084252,0.00989532128244775,-0.0014535863365281983,-0.007491683271256707
Myo1c,0.015917900771635168,0.017445166683847154,-0.015258847032663541,0.009900740458351378,-0.006485632923018534,-0.0006638713610837221
Mark2,0.01030384763598388,0.021950255107919706,-0.00468370238307603,0.011385856954604874,-0.0012627742052154162,-0.011202391054245833
Fth1-ps,-0.014099638529588383,-0.01795788982889849,0.012896252919828754,0.015939706658978835,-0.003809593483119887,-0.007804495008556351
Tmem60,-0.015245209806676588,-0.019934098972335286,0.01646338480551774,-0.0015652351848681268,-0.0011372794924174694,-0.001671395144621193
Tshz2,-0.01596209924972557,0.019566639673706743,0.0063749905475965814,-0.009013621749342428,-0.0006682714376138715,0.002422334406505786
Ms4a1,0.0028225575609817375,0.006775566860167794,0.015006212027673582,-0.03995939052598854,0.003204661472753071,-0.022118072574218196
Pomp,-0.017548885037961197,-0.017484163333413197,0.012439319305717667,-0.00021793767145107714,-0.0067663686848369355,-0.0026745746005895415
Gm10108,-0.016522491733779683,-0.0192914883638713,0.005673357821446215,0.011416530580457312,-0.0005975027985233004,0.007152890149590343
Setd1a,0.010779196922803547,0.02112577987248168,-0.013832518313420443,0.012250855977220788,-0.0016292521800137685,-0.016349918171469687
F7,0.010157402004459642,-0.006026049783440168,0.002148386484757677,0.025575854570979828,-0.041013340894302565,-0.007051187393040416
Fkbp11,-0.005165180400336132,-0.025177141295294015,0.012562032701180718,-0.0032512774232832586,-0.00988004370272697,0.0024177872306450896
Rara,0.01157519983978082,0.023181099396839277,-0.009245296711427275,0.001374468759771979,0.0005043640084854953,-0.015374118853745617
Rpl31-ps12,-0.012463073383239499,-0.02368043799219285,0.00915425793539296,-0.010312284702329309,-0.008356885063209247,-0.002013552638735298
Grm1,0.004558607594694034,-0.016450365566998873,0.014496890661380027,0.022361977582196532,0.015107212782899095,0.007726447999334578
Cyp4f15,-0.017051260264291556,0.015273431110672534,0.004809808906136588,0.0014441896485449092,-0.006066568427181194,-0.0004971897779969027
Cltrn,-0.0033292221471324423,-0.004195449060022538,0.023645477413046633,0.03053231884241291,0.008736351815372103,-0.03689905207572751
Snrpert,-0.015037419441788002,-0.020920686090738036,0.01173447502295259,-0.003960568139854734,-0.00746844780559785,-0.004375201486523216
Slc25a25,0.0029364102794100498,-0.008894790461367126,0.009435659598923752,0.04233002109744677,0.004120814413524358,0.0050441272362606255
Gm49369,-0.014780625721565374,-0.0067364560645451835,0.01026262503270867,0.02124662295107966,-0.0021782831274057652,-0.029236618776981273
Rpl15,-0.016285790743044655,-0.018843101802419684,0.012181166292505674,0.0059767486196679225,-0.003365719139543593,-0.008859234522511453
Sdc1,0.009369768065669647,-0.004157571823271198,0.003009511358481026,0.02101519734888544,-0.03657308688691794,-0.006707578861392846
Slc17a6,-0.016618874502437438,0.002328973379485233,0.0031948912414546996,-0.033695130260622784,-0.015427074952850171,0.004573288438564501
Or4c3d,-0.01715123519319212,0.009405368929854857,-0.005037890581462338,-0.003828846335995806,0.016656234655268692,0.00658677646762199
Oprk1,-0.017417828586156054,0.012926991813035199,0.010510139887399537,0.01111399709788158,-0.0026927346093175105,-0.0013141952412010216
Gulo,-0.008401737773851652,0.005543207237345876,0.0004779625154515136,-0.009117505968661737,-0.03291201903814205,-0.05238896121317806
Smtn,0.015905589231533884,0.01487877682073856,-0.01644081074913541,-0.003280337658516432,0.0009099111219888501,-0.009072179349112992
Ifitm3,-0.01009133891641359,-0.022899685623995875,0.009930070383988932,-0.002381233282055046,-0.01324555747244232,-0.01867153490061795
Notch1,0.015494632482565485,0.018505165559137608,-0.010871605820225547,0.008257278985737119,-0.0019815321037857142,0.00843617231148743
Gm5915,-0.014073779951028475,-0.019872701988842584,0.014486804603468384,0.010274056046755747,-0.0126609474249877,-0.010263791810540894
Bcl2a1a,-0.009791854886844704,-0.01982896824271893,0.011302711846918776,0.00851658976059442,-0.024648982249826073,-0.01215577861966086
ENSMUSG00000095041,0.012665181962190289,0.019099609056951683,-0.01171632008234952,-0.0032299625450009244,0.004153150143055377,0.0009315151399793787
Ccdc187,-0.016198937216421964,0.016558828208821354,0.0145044920175919,-0.010547630381394847,0.001796812440558239,-0.004163228360804529
Spef1,-0.012164447052896571,0.022127782602289727,0.008946226612336652,-0.00016497626174651292,0.008679124032782228,0.010733626808925171
ENSMUSG00000130847,-0.006759004042635233,0.008994081237965152,-0.007763803437986027,0.01883695931822203,-0.018684667620485658,0.008561144877935674
Abcc3,-0.009805546372531415,0.025935497858172285,0.003655661976427805,-0.0013009667109738522,0.0021642342800967528,0.0010742582551225917
Por,-0.003490643331355388,0.025455936447587837,-0.0009484718443665659,0.023122710415307477,-0.003792831298651338,0.004911026981389909
Tmem94,0.001336788632210913,0.028526123649969166,-0.011363816165785237,0.0051160034510672634,0.007712934391266574,-0.005059492235448806
Gm40309,0.015029108251289487,0.01825407735705054,-0.0005762351315082586,0.004785407306835278,0.004482172066334769,0.007562862073356567
Ccna2,-0.002825708717432732,-0.007848945890509263,0.011584330107683541,-0.017238201211480394,0.0509898793249537,-0.022586419009005657
Tmprss11a,-0.005402292002437882,0.004457866543524699,0.01782788539544822,0.037074573186188314,0.022289571289419458,-0.034070270452527925
Dapl1,-0.019900675053847128,0.0016785971708547021,-0.00256014675474763,-0.018855328063337912,0.003450541749638047,-0.007485506352232489
Plac9,-0.013248489604699841,-0.017892397532167263,0.007755575449461545,-0.01854838511298093,0.001521171707844832,-0.02762166079363698
Gm12715,-0.01639016456334446,-0.013690401731073084,0.01459614209872576,0.011952919050181907,-0.004249402636637747,-0.009218798882405111
Six5,0.013140753432553486,0.022287919423890894,-0.013853938818274326,0.001646382811250276,-0.0002646699249145789,-0.007050729015473194
ENSMUSG00000141088,-0.018790468378688804,-0.012378313966140165,0.015133027147569526,-0.0034590752889892672,-0.0060976611763784916,-0.0024123574207271037
Camk2n1,0.006288845741348467,-0.003628584402126579,0.015762828801902034,-0.007512710479307254,0.006544006107083249,0.02025254499612009
Rpl29,-0.015533619189761207,-0.02101877278588337,0.008228801650900086,0.0015873773900808904,-0.003987877798458982,-0.008259788086710027
Gpr37l1,-0.005726745815467951,-0.0035884633653341753,0.003337501377488437,0.014795139401436746,0.025590161371850655,0.015247378405078347
Rpl27-ps1,-0.014366646503577702,-0.021649255217327242,0.0128267954323827,-0.0015143601647054634,-0.004308006710533792,0.004809020015330096
Fzd1,0.016084462268768106,0.0033657690506647925,-0.01391552068212889,0.011662426747638647,-0.011140665491940453,0.016957847199365977
Snrpd2,-0.016279785905511435,-0.017595516453074927,0.010335624689274842,-1.5136026201694188e-05,-0.004133947871113997,-0.00900892245292807
Mmp14,0.008507157023345625,0.003167977050483508,0.00590829661781004,0.013422051137409756,-0.031183687921418266,-0.02101393616005664
Rbis,-0.013936685257896795,-0.021510907249758703,0.0076735627540065335,-0.010886827607003494,-0.00943973921808004,0.0034000457077039106
Zdhhc1,0.01133900903199376,0.02332253041520561,-0.01251659337586656,0.008517189208276824,0.001694107114563292,-0.010031099505148269
Ndufs3,-0.017090163131493082,-0.018753201023006642,0.0061602178225207155,0.008217679116956943,-0.002359324249110359,0.0026262544473505734
Irf8,0.01309961438119086,0.018670862456079455,-0.010376471656728793,-0.012627680007566621,0.017495596705056977,-0.01656807877892843
Gm56768,0.00659006692636827,0.008938004229192878,0.0043816470373566575,0.020249366839578342,-0.02603779318418507,-0.029304129342909102
Apold1,0.01013589534569482,-0.013742786238895398,0.013949809684599558,0.017726943724908167,0.025399968807221052,0.008077747233382343
Dock6,0.016839190684749865,0.016886947012775152,-0.009091381609586472,0.004842013497503799,0.002865232564150821,-0.0023829192586849253
Clec1b,0.0014284868045815922,-0.021405694379555536,0.01732388016209586,-0.013619681405440287,0.02044322746945222,-0.011230760082792099
Nsg2,-0.009958616109898828,-0.0025406816012389062,0.021356146491054957,0.02903427051609464,0.024212677494132865,-0.010846740269012327
Padi2,0.0017672193255584617,0.018393109452558738,-0.0259327705217456,-0.00693072245961229,-0.0075413982188678765,-0.020298109080318275
Gm47289,-0.01618668681694217,-0.018780133031500997,0.012444506137598732,0.0015896277589689408,-0.00025781825036664006,-0.005335636381603029
Etfa,-0.01628380400809634,-0.01840001755274054,0.011630907020363073,0.01076348333421483,-0.0013460544982881475,-0.0021894096161208733
Ehd2,0.014744475579537933,0.013932827308438,-0.01279166977036334,0.00975264702248106,-0.007018308460102362,-0.018875699979957125
Gm4459,-0.017988367620583576,-0.013893770310747901,0.005862754384764054,0.007073235030072034,-0.0018088180882327232,-0.007102797585551348
Gldc,-0.016747971987166228,0.015744424722317456,0.01054898422215723,0.011500759267042275,0.0010834782297696978,0.007282256895681682
Exoc3l2,0.018867815757689064,0.012628384564583714,-0.012684278750252046,0.002145553314411205,-0.0077326667967156995,-0.007521650678203022
Rps27a-ps3,-0.01255892717727695,-0.02274882818170642,0.010398481902518061,-0.012208007900696047,-0.007068539740535098,-0.004623916164515722
Spta1,0.0013457510280220427,-0.012057108195806653,0.012554243928286331,-0.008149986180911886,0.040165445911471774,-0.011632495240529454
ENSMUSG00000132604,-0.01256105465179181,-0.02274288633579034,0.01038957677201767,-0.012191266723528755,-0.00706318704313464,-0.00457926905708296
Ccnb1,-0.004373857261514449,-0.00938431918493623,0.006556011156728633,-0.014433525303344633,0.039971311205431355,-0.029945950276156957
2610037D02Rik,0.004219836645536799,0.022183223261791608,0.0034265851144710266,0.0033881418977129724,0.006903823684493136,0.006112930250949978
Pear1,0.01812391243082832,0.013690349585559106,-0.014390638000258986,-0.0003722869297790512,-0.0014146346758393776,-0.002462971546763778
Tubb4b-ps1,-0.018644155203964716,-0.005146003297737195,0.013438629414037851,0.014764773612956817,0.00291376005616514,-0.021149889433544365
Itgav,0.0017657493456625455,-0.018622285242705414,0.009156436856481242,0.020575260576235908,-0.029317128699887285,0.014766253122812288
Htra3,0.014949101612064565,0.012472077558138723,-0.00954077507171061,-0.005339439608134427,-0.010723825625768993,-0.02755627675713088
Gad2,-0.0031910520237553685,-0.015965494178138345,0.01658493986181159,0.00047336825836271826,-0.0020480492085709566,0.02599912738503633
Lama5,0.01439393245356482,0.01890858082078684,-0.017846910265777706,-0.000665148798071465,-0.0013448262748228512,-0.008619704630214015
Farsa,0.00949403161228869,0.021091569527523377,-0.016779862626943906,0.014197456031424409,0.0030877125134273005,-0.012432725889260032
Eloc,-0.015149737786356213,-0.020809330356594227,0.01035886042716872,-0.0010984066900346903,-0.005684406040078268,0.008867194209166105
Or1r1,-0.016877499225652227,0.015672467708906512,-0.006006017661984781,0.0016297792948986704,0.00985889808721133,0.004086510426071236
Itgb4,0.012694692543596444,0.021355955908484214,-0.010256305628577404,-0.004603965673962297,0.006553592499752988,-0.009161091958178763
Flt3l,0.0164385361666715,0.014945855152921877,-0.013255476249648634,-0.011416457286792409,-0.002841370297806348,-0.0003946017559321794
Igkv6-15,-0.011591388944154938,-0.00993069604204435,-0.015386257753973245,-0.017015935845752117,-0.007197402887613717,0.01694876886564412
Slc45a1,-0.019283020989971235,0.007317909582382343,0.01335575852425141,0.008197291740379191,0.005789708323513471,0.01742800303866953
Gm47586,0.01554328945250588,0.01301093233268807,-0.006091696118178354,-0.0026271638606091313,-0.0014340238377012525,0.015019553394858312
Adtrp,-0.013727244916987544,0.014870980405664674,0.0026505041836727924,0.007329700281658831,-0.00041347127341317215,-0.014806858386276007
Apba2,-0.013413696291896784,0.010789674263857598,0.008808716896752765,0.005245667467726782,0.021293099970776535,0.027478042692214287
Gm15421,-0.012980176092951323,-0.022984502035381753,0.007494273389392994,-0.008834071976859155,-0.006728158587884755,0.002887513295173137
Gm40932,-0.01330125440540383,-0.0165459047749957,0.011245763313561913,-0.013470117807970099,-0.006404508517993248,-0.01707275523358802
Aplnr,0.01635807888366015,0.016424269720092224,-0.00032725794450499837,0.0036201474802277653,-0.003128074704774788,-0.01697470578865698
Nyap2,-0.01364356502804022,-0.00020265258109980643,0.0005289405336613935,0.006712576895606641,-0.018946393950723877,0.032640124012263565
Slc66a3,-0.015421833012709031,0.0023280399564770365,0.014626564614829236,0.014816804575624969,-0.015124805312905483,0.008222802452573013
Gm9385,-0.013017521068784696,-0.022859370087624706,0.010011622973146343,-0.008472634126589013,-0.0059812187409852315,0.003336342867172063
Kctd16,-0.014866818125945657,0.01086495862330805,0.013890131156851773,-0.019243623722493542,-0.009461484924300663,0.021849360317200205
Zmynd10,-0.011381603837748666,0.018438532946952326,0.013380981254232545,0.015808861289152147,0.005327549517201373,-0.011828428898399775
Ankrd22,-0.01685247294552181,0.008813512777938723,0.012412722210880495,-0.00014996929460652653,0.028099737052159554,0.005344841532121567
Ndufb9,-0.01594324630259488,-0.02062695689963243,0.003965551670079095,0.0016828884999905232,-0.007175356123161537,-0.0009405080248262305
Itga11,0.017578737749135955,0.013809358491506864,-0.0028794518007852635,-0.004385212031168608,-0.014617411948795678,-0.013614571223476202
Timp4,0.004196240983113577,-0.013556650124406608,0.008131013990788815,0.017812781604206216,0.017272080359525772,-0.004128765441789073
Sult1c2,-0.007587986383654468,-0.002911328480628687,0.020368589526181913,0.037009421666651554,0.021081075615855843,-0.029363858992464784
Ndufa1,-0.014793997564448663,-0.02050438166746062,0.012776179906812958,0.0012411529411889201,-0.0010483258095602755,-0.00409024097707504
Gm17669,-0.015320206829833273,-0.019951289939193474,0.009018604005584614,0.006035040772483085,-0.006123323730180838,-0.013629817075898193
Slfn14,0.0009858523725779051,-0.0032037951357178017,0.010543890959645764,-0.011651507094395474,0.05326554275183978,-0.02029088364206406
Gm6325,0.00208307169077734,-0.015261171961030362,0.0009538464955944485,0.02312063949373186,-0.031476116908932546,0.00635035657355177
Ivns1abp,-0.01681557451556469,0.006223692691007775,0.0016090953255365667,0.0030562827210767938,-0.008601455636085576,0.03339279177454939
Prdm1,0.00857627583803576,-0.004239837821302729,0.000730881995066811,0.019798517546134473,-0.03287080016682209,0.004834474945053538
Plaat3,-0.015977854472642418,-0.014405121171588464,0.015796398636482176,0.012236252457352104,0.003626432837346269,-0.018883684547582477
Syt7,-0.01238866252921924,0.014131391759550704,0.009684677867817876,-0.005780013435332265,0.0249295855604932,0.024749132046131238
Ppp1r9b,0.014192147297939018,0.01689746413259934,-0.007587262328816928,0.006941641096972911,0.005038599724242966,-0.014601349665783966
Zswim8,0.012345721561199188,0.02109674600511995,-0.015980785947967553,0.00820423952601074,0.0027447027069777085,-0.003303166697176927
Taf9,-0.016486489244797804,-0.01825609070848308,0.009724585273017625,-0.0072133889018753655,-0.006048695368262024,0.008764706898454445
Gm12854,-0.013047501583595222,-0.020581149238767183,0.013023139442235349,0.005100215344138599,-0.01164141916678685,-0.012965049164132957
Nrbp2,0.009916368415168556,0.02552154999831943,-0.007403293079580478,-0.0009374006328165157,0.0051190139630233125,0.0005157541544757662
Kng2,-0.0024406815435119335,0.0015961814363643452,-0.0031562940664124294,0.0247209757243473,-0.02104896862929261,-0.028744201789844628
Dars1,-0.015443254885699103,-0.01972364334184247,0.01186339206644913,0.006000107838874427,-0.004285716093926461,0.003188142360920034
Psmb1,-0.015840770257861434,-0.01952418204684552,0.012468418950467592,0.0005225718037240707,-0.005893306628648386,9.635197258886085e-05
Col5a1,0.0151359645400114,-0.002821254265143372,-0.003021009477272905,0.0033589218304840825,-0.0333841791927593,0.0010188808066563522
Acyp1,-0.015472544412457207,-0.018420041978194385,0.014724703961436183,0.0028431087014000106,-0.0018018679073143345,0.003729556844868362
Sftpd,-0.01301548599326396,0.014115903705973019,0.014649580471447002,0.005850044028591359,-0.004558579019716474,0.0020905668735699515
Trappc2l,-0.014478767133467824,-0.021249507933589304,0.010383556043247396,-0.003690563515998745,-0.010210065589116166,0.0009021168872231925
Gm49153,0.013636418847744513,0.018151326065935426,-0.011780282309034572,-0.009708680378077865,-0.013998148211544756,0.004154750013798637
Tnfrsf9,0.0006610812474502902,-0.014331068477274913,0.0007400537856036561,0.02873620605493311,-0.02714641980694786,0.011254338653129053
ENSMUSG00000127361,-0.0015522490961790978,-0.011366623283443622,0.010512711786438056,0.016373195831417824,-0.033084439449106724,0.013136487343031163
Rbfox3,0.003293379749188664,-0.01612398394580582,0.013194545152099042,0.0010982475886182996,0.019268710505945526,0.010235650157564271
ENSMUSG00000134510,-0.014124104958000051,-0.021496415117779024,0.01284822241224733,-0.0014340337684942295,-0.003910062699743373,0.004833618286672606
Grm5,0.0028317364788993144,-0.017383254839171212,0.007441558876852108,-0.009965613795966234,0.002733553198220988,0.010185880992832297
Gm13340,-0.012598029726188531,-0.0188062201928121,0.0004566939107186716,-0.0061027558941898555,-0.00812940689953415,-0.008481311688415196
Cyp4a10,-0.004547537739384609,0.004619158622077984,-0.012157836022939421,0.022495778859405395,0.0028413516842694577,-0.010004419479732884
Cd74,0.008303870534742425,0.019159260623436574,-0.008848063864663575,-0.010945895995163261,0.010260310747751349,-0.01897266843882769
Gm15421,-0.012893684530674689,-0.022734304068977484,0.007662428188865394,-0.009712366828293307,-0.007069179087104763,0.0028114459253900334
Gm16418,-0.01520319809603146,-0.0195194748187771,0.006128717351758756,0.0057898176157282185,-0.010864822451519181,-0.011549630156239884
Pmepa1,0.016387796519547467,0.014808237760066383,-0.009920137823331947,0.015531567062053806,-0.010885343481942622,-0.0005903848155617742
Gm6180,-0.014660362838704064,-0.012527649246486517,0.01431371691273766,0.014217363578737078,-0.0055249024353745185,-0.018935656469654758
Gm42899,0.017144852126946684,0.011276694775721277,-0.009308322058368389,-0.005428343983540158,0.012006836332583547,0.0051759274773573154
Mustn1,-0.012599821806905005,-0.021312188557091483,-0.006824345226952889,0.006179312908627366,-0.006468486521936043,0.0005521115651863221
Gja4,0.014117776516878181,0.004765838247229393,-0.007823102245398991,0.02981691171608291,-0.014337641436857186,0.01128464520404833
BC031181,-0.018457605108236127,-0.014518422673693855,0.012567205914893123,-0.003300871566540461,-0.005037786252516827,-0.001668429079071695
Inhca,0.0017025563132237792,0.00849058034913541,-0.008331600033429082,0.007934030548764197,0.005254058877368598,-0.04322384721308673
Sgca,-0.00464092102488928,-0.012540508884383133,-0.039119379209813336,0.003236327466015591,0.008823139154390036,0.002858840621307613
Ptprb,0.020754793200423043,0.006949710062270759,-0.008783411175126953,0.0023873409090707023,0.0012691226765896384,0.0038449561432056583
Erdr1y,0.010711507700604667,0.004641657224651996,-0.008669014596352213,0.007356345915845423,0.010744458746793945,0.016253146114363817
Pgk1,-0.013827301256783586,-0.019984421010385677,0.0087769004813466,0.016142797973329202,-0.003551431106897899,-0.007902217854114428
Gm21974,-0.013674205983443783,-0.02136528266107184,0.011368560740687038,-0.003937453865577598,-0.008253891371288787,-0.013741479590938655
Klf4,0.015381986021152405,-0.008663613119061843,0.0008540992580177789,0.022136634369261107,0.0019739484908373474,0.0017180907368812971
Nupr1,-0.014653508236363277,-0.017799910766628055,0.0048420194939189105,-0.00928969474586884,-0.020055971199206244,-0.006933648315411069
Gm6051,-0.01744120313607411,-0.013786756203278914,0.01765633278020276,0.004525153483961088,0.0015295691192736087,-0.001983774792869438
